player_id,name,age,position,team,league,country,league_tier,matches,starts,minutes,market_value_EUR_M,wage_EUR_K_week,goals_p90,assists_p90,xG_p90,xA_p90,shots_p90,key_passes_p90,tackles_p90,interceptions_p90,blocks_p90,aerial_won_p90,pass_completion,progressive_passes_p90,progressive_carries_p90,dribbles_completed_p90,save_pct,clean_sheet_pct
1,Gavi Zielinski,28,DM,Manchester City,Premier League,England,1,27,19,2417,15.5,32.0,0.042,0.079,0.036,0.072,0.963,1.472,4.098,2.768,1.242,1.658,96.199,7.398,2.575,1.026,,
2,Alexis Lewandowski,28,AM,Brentford,Premier League,England,1,31,28,2789,31.9,71.0,0.293,0.212,0.255,0.306,3.314,3.284,1.476,1.133,0.858,1.16,71.998,7.45,7.854,3.232,,
3,Frenkie Vecino,26,CM,Brighton,Premier League,England,1,26,21,2326,37.0,135.0,0.164,0.171,0.132,0.192,1.978,2.09,2.975,2.414,1.752,2.341,83.81,10.207,4.437,2.311,,
4,Takumi Mbappé,24,AM,Bournemouth,Premier League,England,1,19,16,1687,57.0,164.0,0.3,0.267,0.287,0.329,3.615,3.685,2.109,1.323,0.911,1.627,81.812,9.037,7.055,5.701,,
5,Emil Weber,25,AM,Newcastle,Premier League,England,1,28,25,2498,53.6,192.0,0.352,0.386,0.34,0.302,3.801,3.242,2.049,1.659,1.148,1.281,94.125,7.902,8.233,4.777,,
6,Marc Zurkowski,24,CB,Liverpool,Premier League,England,1,24,22,2147,33.3,85.0,0.08,0.044,0.067,0.051,1.046,0.79,3.234,1.948,2.208,3.882,104.855,6.856,2.04,0.571,,
7,Hugo Bentancur,23,CM,Arsenal,Premier League,England,1,31,25,2711,8.2,13.0,0.102,0.144,0.114,0.145,1.575,2.018,2.021,1.75,1.032,1.39,82.015,8.678,3.366,1.47,,
8,Moises Walker,24,CB,Southampton,Premier League,England,1,24,21,2125,36.3,79.0,0.081,0.045,0.064,0.046,0.897,0.735,2.741,2.302,2.457,4.535,98.683,5.624,2.47,0.555,,
9,Dominik Sobhi,27,DM,Manchester City,Premier League,England,1,13,10,1139,59.1,126.0,0.064,0.107,0.043,0.112,1.347,1.603,4.115,3.4,1.529,2.359,102.093,9.013,3.681,1.908,,
10,Jonathan Zielinski,23,CM,Liverpool,Premier League,England,1,25,18,2193,74.1,294.0,0.227,0.24,0.175,0.179,2.432,3.259,3.527,2.403,1.709,1.853,94.026,11.809,6.542,3.1,,
11,Carlos Pulisic,27,ST,Arsenal,Premier League,England,1,32,28,2838,6.1,18.0,0.422,0.101,0.363,0.125,4.039,1.203,0.772,0.501,0.262,2.668,66.045,2.773,3.506,1.509,,
12,Son Muller,20,W,Nottm Forest,Premier League,England,1,32,22,2835,33.4,129.0,0.329,0.188,0.337,0.275,3.437,2.427,2.382,1.032,0.548,1.375,71.487,6.155,8.717,5.191,,
13,Gabriel Kostic,29,CM,Crystal Palace,Premier League,England,1,26,24,2284,37.0,137.0,0.104,0.154,0.13,0.188,1.663,2.22,2.35,1.697,1.58,2.053,84.587,10.184,4.658,2.123,,
14,Goncalo Zielinski,25,ST,Newcastle,Premier League,England,1,22,20,1930,37.0,107.0,0.402,0.118,0.489,0.129,4.415,1.401,0.897,0.729,0.366,4.035,80.86,2.883,3.431,2.454,,
15,Iker Araujo,25,ST,Manchester United,Premier League,England,1,20,15,1732,44.6,123.0,0.454,0.159,0.467,0.164,4.138,1.709,1.331,0.74,0.342,3.975,82.413,4.944,4.762,3.237,,
16,David Rossi,22,CM,Everton,Premier League,England,1,18,17,1595,25.4,46.0,0.114,0.146,0.101,0.171,2.001,2.153,2.941,2.031,1.643,1.65,88.763,10.297,4.328,2.268,,
17,Son Saka,24,W,Tottenham,Premier League,England,1,36,29,3209,14.3,32.0,0.284,0.214,0.216,0.158,3.087,2.656,1.75,0.725,0.526,0.783,68.525,5.331,6.264,4.081,,
18,Nicolas Lookman,24,CM,Arsenal,Premier League,England,1,14,13,1255,13.5,38.0,0.127,0.127,0.095,0.175,1.492,2.042,2.057,1.271,1.145,1.48,97.791,8.445,4.086,1.59,,
19,Edouard Taylor,26,CM,Southampton,Premier League,England,1,15,11,1323,12.1,39.0,0.133,0.146,0.13,0.194,1.561,1.814,2.809,1.595,1.39,1.281,75.034,8.472,3.358,1.675,,
20,Joshua Foden,27,CB,Nottm Forest,Premier League,England,1,18,14,1583,55.0,199.0,0.096,0.058,0.098,0.054,0.935,0.814,3.22,2.198,2.035,3.355,80.873,5.294,2.247,0.61,,
21,Nicolas Bentancur,32,W,West Ham,Premier League,England,1,11,9,947,10.8,43.0,0.344,0.213,0.285,0.199,2.891,1.975,1.411,0.96,0.593,1.049,72.132,5.183,6.788,4.106,,
22,Andre Grimaldo,26,CM,Arsenal,Premier League,England,1,33,31,2966,39.6,77.0,0.131,0.203,0.112,0.19,1.779,2.236,2.98,2.023,1.647,1.581,90.477,8.075,4.804,2.053,,
23,Edouard Moreno,27,W,Bournemouth,Premier League,England,1,13,10,1083,5.6,18.0,0.263,0.177,0.24,0.208,2.25,1.906,1.475,0.93,0.394,0.838,80.549,4.752,5.791,3.386,,
24,Pablo de Ligt,28,FB,Chelsea,Premier League,England,1,13,9,1169,34.9,127.0,0.066,0.142,0.049,0.192,1.06,1.739,3.981,2.57,1.562,1.555,85.801,7.483,6.006,1.969,,
25,Ousmane Salah,27,AM,Aston Villa,Premier League,England,1,17,13,1520,15.1,59.0,0.247,0.182,0.221,0.231,2.685,3.705,1.298,0.796,0.674,1.084,81.745,7.418,5.552,3.645,,
26,Gabriel Martinez,28,CB,Fulham,Premier League,England,1,12,9,1071,34.0,105.0,0.092,0.058,0.075,0.072,0.863,0.854,2.411,2.731,2.388,4.296,94.895,6.415,1.913,0.545,,
27,Darwin Pereira,22,ST,West Ham,Premier League,England,1,28,23,2496,29.0,92.0,0.393,0.146,0.394,0.15,4.434,1.345,1.034,0.529,0.363,3.773,79.842,3.145,3.126,2.133,,
28,Raphael Davies,21,GK,Aston Villa,Premier League,England,1,12,10,1043,29.3,99.0,0.005,0.011,0.006,0.006,0.035,0.327,0.188,0.179,0.048,0.203,86.156,2.628,0.631,0.116,80.656,43.957
29,Thomas Sousa,34,W,Southampton,Premier League,England,1,20,15,1754,10.4,27.0,0.287,0.266,0.231,0.24,3.286,2.546,2.077,0.882,0.583,1.406,71.574,5.492,8.868,4.762,,
30,Andre Valverde,26,CM,Brentford,Premier League,England,1,27,23,2386,19.1,36.0,0.115,0.138,0.12,0.205,1.833,2.238,2.707,1.707,1.365,1.61,74.859,7.959,3.924,2.342,,
31,Romelu Fischer,25,W,Manchester City,Premier League,England,1,31,22,2751,33.8,111.0,0.335,0.203,0.245,0.21,2.66,2.679,2.018,0.982,0.531,1.331,75.651,5.386,7.735,4.748,,
32,Khvicha Rossi,24,GK,Leicester,Premier League,England,1,24,20,2153,28.7,62.0,0.007,0.012,0.006,0.006,0.025,0.427,0.199,0.199,0.068,0.186,81.298,2.297,0.626,0.106,72.679,33.613
33,Kalidou Peters,25,CB,Ipswich,Premier League,England,1,34,24,3055,62.3,238.0,0.123,0.076,0.086,0.06,1.212,0.853,3.481,2.98,2.067,3.991,83.286,6.791,2.53,0.642,,
34,Carlos Silva,25,ST,Wolves,Premier League,England,1,16,13,1405,48.4,73.0,0.51,0.135,0.52,0.141,5.177,1.709,1.436,0.594,0.455,4.785,66.736,4.443,3.976,3.183,,
35,Alexander Martinez,25,FB,Fulham,Premier League,England,1,17,14,1525,46.0,112.0,0.085,0.196,0.053,0.171,1.145,2.006,3.82,1.859,1.026,2.369,79.216,6.937,5.664,2.236,,
36,Neymar Onyeka,26,CM,Brentford,Premier League,England,1,20,16,1769,6.4,16.0,0.093,0.133,0.087,0.159,1.401,1.531,2.456,1.291,1.137,1.283,94.641,6.341,3.306,1.843,,
37,Diego Bassey,19,GK,Brentford,Premier League,England,1,8,5,697,13.4,25.0,0.007,0.015,0.006,0.007,0.034,0.398,0.175,0.165,0.05,0.166,86.501,2.287,0.524,0.126,82.718,37.726
38,Casemiro Onyeka,23,GK,Brighton,Premier League,England,1,23,22,2062,28.4,88.0,0.008,0.015,0.005,0.008,0.036,0.344,0.202,0.217,0.066,0.205,68.423,2.934,0.71,0.163,73.315,37.021
39,Vinicius Wilson,31,ST,Wolves,Premier League,England,1,33,27,2965,29.5,100.0,0.502,0.159,0.481,0.165,4.086,1.593,1.108,0.548,0.297,4.009,74.472,3.69,3.184,2.333,,
40,Lautaro Lookman,23,AM,Manchester City,Premier League,England,1,17,13,1483,63.5,193.0,0.349,0.241,0.338,0.315,3.361,3.345,1.6,1.189,0.723,1.04,81.563,8.814,8.494,4.87,,
41,Lucas Musiala,24,ST,Brighton,Premier League,England,1,20,14,1767,18.0,68.0,0.475,0.124,0.459,0.161,4.868,1.304,0.948,0.554,0.323,2.847,85.361,3.652,3.38,2.3,,
42,David van Dijk,23,CB,Leicester,Premier League,England,1,31,23,2738,24.8,52.0,0.064,0.056,0.062,0.036,0.968,0.548,2.715,1.863,1.812,3.048,87.762,6.214,2.367,0.487,,
43,Dani Diallo,29,AM,Southampton,Premier League,England,1,20,15,1787,23.1,60.0,0.312,0.2,0.202,0.262,2.893,2.773,1.346,0.954,0.819,0.974,90.046,7.597,6.103,4.268,,
44,Daniel Johnson,25,W,Nottm Forest,Premier League,England,1,29,26,2547,13.5,32.0,0.263,0.19,0.244,0.212,2.555,2.728,1.796,0.919,0.471,0.845,87.969,5.087,7.429,4.03,,
45,Lucas Andersen,23,CM,Manchester United,Premier League,England,1,7,4,567,7.3,22.0,0.102,0.113,0.09,0.14,1.649,1.779,2.381,1.279,1.285,1.56,86.876,7.662,3.38,1.97,,
46,Ferran Tadic,22,CB,Wolves,Premier League,England,1,34,32,2982,55.8,180.0,0.069,0.066,0.073,0.07,1.163,0.869,3.082,2.392,2.125,3.561,99.942,6.732,2.4,0.668,,
47,Omar Valverde,24,FB,Bournemouth,Premier League,England,1,15,12,1296,94.2,247.0,0.103,0.171,0.069,0.147,1.453,2.3,4.098,2.281,1.625,2.317,95.313,7.416,7.292,2.722,,
48,Nabil Oliveira,29,CB,Ipswich,Premier League,England,1,9,5,761,89.1,201.0,0.1,0.078,0.091,0.075,1.111,1.055,3.889,2.965,2.028,4.439,110.4,7.804,3.45,0.655,,
49,Daniel Fernandez,22,ST,Ipswich,Premier League,England,1,34,31,2990,42.5,159.0,0.506,0.142,0.429,0.109,4.453,1.476,0.9,0.47,0.346,2.747,66.988,3.484,3.768,2.08,,
50,Cody Park,25,GK,Brighton,Premier League,England,1,34,28,2984,58.8,90.0,0.009,0.014,0.007,0.006,0.038,0.34,0.251,0.279,0.073,0.234,69.343,2.837,0.69,0.195,84.423,42.491
51,Timothy Saka,27,ST,Leicester,Premier League,England,1,36,30,3168,18.8,32.0,0.472,0.127,0.444,0.144,3.947,1.694,0.877,0.488,0.414,3.592,85.023,3.381,3.705,2.852,,
52,Casemiro de Jong,22,AM,Brentford,Premier League,England,1,8,6,695,87.7,248.0,0.4,0.351,0.296,0.358,2.9,3.782,1.519,1.287,0.855,1.152,91.005,7.172,7.623,4.869,,
53,Kylian Hernandez,26,GK,Manchester United,Premier League,England,1,17,13,1447,10.4,27.0,0.005,0.01,0.006,0.005,0.024,0.262,0.139,0.158,0.046,0.161,61.613,2.211,0.469,0.107,80.598,30.427
54,Robert Schmidt,17,FB,Fulham,Premier League,England,1,10,7,823,22.2,42.0,0.064,0.146,0.058,0.147,1.244,2.088,3.097,2.096,1.019,1.613,76.921,8.979,6.193,2.858,,
55,Serge Visser,25,CM,Liverpool,Premier League,England,1,25,17,2185,60.6,208.0,0.128,0.152,0.123,0.187,1.69,1.969,3.577,2.304,1.573,2.38,102.906,10.773,5.073,2.417,,
56,Pedri Kamada,23,CB,Crystal Palace,Premier League,England,1,7,6,593,34.5,122.0,0.079,0.048,0.065,0.065,1.018,0.739,2.797,2.285,1.809,4.073,86.374,7.944,2.99,0.552,,
57,David Piatek,24,FB,Newcastle,Premier League,England,1,10,7,816,45.2,96.0,0.059,0.142,0.055,0.156,1.12,1.998,2.675,2.157,1.263,1.879,93.523,7.53,5.264,2.006,,
58,Karim Torres,27,AM,Fulham,Premier League,England,1,7,6,606,83.0,151.0,0.305,0.316,0.267,0.295,3.315,4.142,1.74,1.544,0.927,1.675,99.929,8.288,10.35,4.12,,
59,Christian Sousa,23,CM,Nottm Forest,Premier League,England,1,33,28,2889,32.1,83.0,0.115,0.177,0.132,0.162,1.792,2.313,2.613,2.006,1.654,1.659,92.994,7.256,5.479,2.346,,
60,Charles Tadic,27,FB,Brentford,Premier League,England,1,19,16,1685,41.4,137.0,0.067,0.139,0.072,0.167,1.069,1.712,3.612,1.967,1.309,2.248,82.636,9.203,5.975,1.955,,
61,Robin Moreno,29,AM,Ipswich,Premier League,England,1,32,30,2871,38.2,80.0,0.267,0.269,0.262,0.268,2.836,3.918,1.664,0.977,0.719,1.011,77.064,7.028,7.848,3.751,,
62,Virgil Wagner,25,CB,Tottenham,Premier League,England,1,7,6,629,39.1,150.0,0.107,0.051,0.095,0.052,0.922,0.942,3.59,2.574,2.059,4.634,106.811,6.71,2.197,0.604,,
63,Davide Rodriguez,25,CB,Brentford,Premier League,England,1,9,8,766,4.3,9.0,0.062,0.038,0.045,0.04,0.702,0.662,1.85,1.778,1.357,3.102,90.232,5.004,1.747,0.427,,
64,Max Torres,17,CM,Liverpool,Premier League,England,1,15,10,1286,47.9,138.0,0.198,0.214,0.205,0.227,1.763,2.455,3.779,1.876,1.955,2.436,83.736,13.376,4.738,3.45,,
65,Antoine Costa,35,W,Wolves,Premier League,England,1,6,4,460,17.2,51.0,0.489,0.265,0.326,0.201,3.862,2.495,1.963,1.122,0.658,1.28,97.548,6.893,9.305,4.689,,
66,Timothy Suarez,25,W,Manchester United,Premier League,England,1,6,5,534,19.5,70.0,0.268,0.192,0.235,0.206,3.485,2.454,1.359,0.797,0.538,0.998,78.011,4.119,8.219,3.989,,
67,Matthijs Musiala,25,CM,Aston Villa,Premier League,England,1,32,23,2861,90.6,248.0,0.134,0.214,0.142,0.243,2.767,2.318,3.246,2.547,2.087,2.43,81.009,10.484,5.369,2.934,,
68,Julian White,24,W,Crystal Palace,Premier League,England,1,21,15,1858,57.3,228.0,0.382,0.283,0.325,0.224,2.987,3.265,2.137,1.161,0.632,1.149,87.268,6.077,9.873,5.73,,
69,Amadou Zielinski,20,W,Chelsea,Premier League,England,1,20,18,1744,19.9,55.0,0.312,0.182,0.3,0.202,3.155,2.541,1.662,1.014,0.572,1.007,90.787,5.042,7.453,4.438,,
70,Jonathan Colombo,25,ST,Brighton,Premier League,England,1,33,32,2907,50.7,189.0,0.629,0.173,0.584,0.174,4.626,1.803,1.016,0.689,0.486,3.63,88.726,3.926,4.217,2.862,,
71,Pedri Nunez,28,FB,Leicester,Premier League,England,1,16,12,1418,37.2,134.0,0.062,0.145,0.058,0.15,1.029,1.502,3.711,1.852,1.356,2.086,88.406,6.858,4.541,2.472,,
72,Kai Touré,27,ST,Arsenal,Premier League,England,1,30,28,2697,55.2,128.0,0.576,0.133,0.528,0.151,5.566,2.053,1.393,0.635,0.572,4.743,85.517,5.581,3.915,2.83,,
73,Rafa McKennie,24,CB,Fulham,Premier League,England,1,7,6,623,16.9,50.0,0.068,0.053,0.058,0.046,0.987,0.615,2.83,1.96,1.976,3.87,83.105,4.682,2.087,0.47,,
74,Dani Diaz,27,CB,Nottm Forest,Premier League,England,1,29,23,2609,40.1,93.0,0.108,0.06,0.078,0.056,0.797,0.673,2.79,2.286,2.06,3.288,81.501,5.777,1.978,0.473,,
75,Neymar Rodriguez,27,CB,West Ham,Premier League,England,1,35,25,3087,9.0,17.0,0.075,0.043,0.05,0.04,0.746,0.658,2.709,2.043,1.819,3.192,86.815,4.479,1.68,0.565,,
76,Antoine Bellingham,22,AM,Crystal Palace,Premier League,England,1,24,21,2121,64.7,226.0,0.278,0.313,0.257,0.232,3.148,3.748,1.346,1.047,0.957,1.139,77.213,9.054,6.315,3.271,,
77,Lorenzo Smith,29,CB,Bournemouth,Premier League,England,1,14,11,1206,92.1,161.0,0.11,0.067,0.098,0.081,1.312,0.886,2.925,2.201,2.051,4.29,105.402,7.002,2.769,0.7,,
78,Alexis Nunez,23,W,Southampton,Premier League,England,1,14,12,1173,71.1,108.0,0.359,0.276,0.413,0.268,4.064,2.766,2.312,1.344,0.587,1.345,83.162,5.998,7.742,6.591,,
79,Alexander Piatek,25,CM,Newcastle,Premier League,England,1,34,31,3040,80.0,187.0,0.205,0.219,0.139,0.251,2.29,2.197,3.017,2.006,1.925,2.117,96.075,9.155,6.718,3.168,,
80,Charles Grimaldo,29,CM,Chelsea,Premier League,England,1,14,10,1234,76.8,202.0,0.148,0.223,0.207,0.287,2.607,2.065,2.882,2.288,1.878,2.58,88.558,10.459,5.884,2.632,,
81,Lucas McKennie,24,CB,West Ham,Premier League,England,1,14,10,1243,24.1,44.0,0.062,0.046,0.077,0.056,0.686,0.812,2.425,2.261,1.635,3.596,94.674,6.557,2.087,0.483,,
82,Luka Costa,22,CB,Wolves,Premier League,England,1,8,5,693,51.4,81.0,0.084,0.067,0.058,0.052,1.184,0.992,2.633,2.626,1.845,4.319,82.771,5.047,2.876,0.523,,
83,Ferran Weber,27,AM,Manchester United,Premier League,England,1,18,15,1566,31.4,82.0,0.365,0.298,0.219,0.213,2.605,4.004,1.385,1.111,0.601,0.955,92.272,7.452,7.926,3.761,,
84,Carlos Touré,25,CB,Fulham,Premier League,England,1,9,6,774,27.0,105.0,0.078,0.057,0.051,0.048,1.017,0.787,2.395,1.854,1.725,3.588,76.345,5.188,1.933,0.446,,
85,Bukayo Rossi,21,ST,Newcastle,Premier League,England,1,26,22,2263,11.8,18.0,0.355,0.104,0.35,0.112,3.84,1.179,0.92,0.48,0.356,3.286,64.847,3.219,3.715,1.9,,
86,Ruben Dembélé,22,CM,Liverpool,Premier League,England,1,35,33,3065,39.5,126.0,0.126,0.14,0.105,0.209,2.064,2.433,2.433,1.895,1.217,1.677,98.84,8.935,4.711,1.713,,
87,Declan Wagner,24,CM,Everton,Premier League,England,1,18,12,1579,4.2,8.0,0.083,0.123,0.085,0.135,1.281,1.794,1.853,1.488,1.189,1.29,72.193,7.528,3.329,1.831,,
88,Khvicha Romano,24,AM,Brentford,Premier League,England,1,35,28,3096,14.8,47.0,0.233,0.21,0.225,0.215,2.877,3.78,1.43,0.875,0.621,0.849,75.847,7.341,5.779,4.074,,
89,Adama Gonzalez,27,CB,Liverpool,Premier League,England,1,9,7,737,52.7,183.0,0.108,0.054,0.071,0.053,0.866,0.692,3.177,2.919,2.275,4.636,77.018,8.509,3.239,0.6,,
90,Simon Bellingham,27,GK,Brighton,Premier League,England,1,29,26,2565,15.3,48.0,0.006,0.012,0.006,0.008,0.035,0.359,0.207,0.209,0.069,0.164,66.457,2.973,0.633,0.14,80.605,37.284
91,Trent Skov,35,CM,Southampton,Premier League,England,1,21,18,1857,7.2,27.0,0.172,0.19,0.114,0.194,1.748,2.179,2.289,1.81,1.275,1.566,92.551,8.984,4.067,2.253,,
92,Hiroki Moreno,21,CB,Nottm Forest,Premier League,England,1,20,16,1794,71.4,244.0,0.109,0.07,0.106,0.092,1.215,1.06,3.419,3.45,2.608,4.822,86.695,7.046,2.966,0.729,,
93,Pedri Bassey,30,DM,Wolves,Premier League,England,1,34,31,3015,33.6,131.0,0.061,0.084,0.041,0.113,1.283,1.319,3.797,2.628,1.316,2.009,87.098,9.471,3.417,1.303,,
94,Simon Musiala,24,CM,Brentford,Premier League,England,1,20,18,1739,29.8,76.0,0.136,0.181,0.135,0.172,1.925,2.58,2.259,1.897,1.491,1.783,97.811,8.454,4.075,1.887,,
95,Alexander Ramirez,19,GK,Bournemouth,Premier League,England,1,19,17,1653,26.4,98.0,0.006,0.013,0.007,0.007,0.036,0.35,0.18,0.173,0.06,0.163,86.805,2.363,0.636,0.146,69.848,30.112
96,Davide Saka,29,CB,Leicester,Premier League,England,1,27,19,2381,36.5,127.0,0.099,0.068,0.082,0.065,1.109,0.77,2.995,2.474,2.374,3.887,103.375,6.846,2.025,0.612,,
97,Vitinha Valverde,28,CB,Brentford,Premier League,England,1,32,27,2854,66.5,113.0,0.084,0.055,0.088,0.063,0.909,0.889,3.334,2.137,2.119,4.215,97.717,9.034,3.005,0.754,,
99,Vitinha Peters,28,FB,Southampton,Premier League,England,1,32,29,2811,39.2,118.0,0.07,0.163,0.062,0.162,1.103,2.053,3.279,1.954,1.295,2.325,91.315,7.185,5.26,2.1,,
100,Carlos Lopez,27,CB,Brighton,Premier League,England,1,19,17,1702,21.5,60.0,0.076,0.045,0.056,0.045,0.687,0.704,2.065,1.956,1.889,4.082,101.05,5.728,2.413,0.427,,
101,Tomas Nunez,17,ST,Nottm Forest,Premier League,England,1,8,6,697,16.1,48.0,0.516,0.137,0.563,0.15,4.215,1.53,0.942,0.558,0.363,3.667,86.879,3.353,4.139,2.441,,
102,Cole Salah,27,CM,Crystal Palace,Premier League,England,1,21,16,1866,2.5,5.0,0.067,0.11,0.089,0.11,1.254,1.886,2.189,1.269,1.291,1.201,74.781,6.762,2.834,1.334,,
103,William McKennie,24,CB,Wolves,Premier League,England,1,12,8,1041,39.4,75.0,0.088,0.063,0.067,0.047,1.143,1.093,2.534,2.211,1.64,3.99,96.111,7.108,2.278,0.577,,
104,Ruben Zielinski,26,CM,Southampton,Premier League,England,1,11,10,973,15.9,33.0,0.1,0.149,0.098,0.197,1.91,2.13,2.647,1.673,1.227,1.529,85.104,8.962,3.85,2.135,,
105,Takumi Schlotterbeck,18,FB,Newcastle,Premier League,England,1,20,17,1719,8.1,31.0,0.054,0.118,0.048,0.122,0.916,1.534,2.623,1.545,0.805,1.342,83.253,5.66,4.133,1.734,,
106,Ibrahim Eriksen,23,CM,Tottenham,Premier League,England,1,8,5,701,73.5,181.0,0.139,0.228,0.184,0.212,2.084,2.598,3.501,2.481,1.82,2.364,86.424,12.135,4.942,3.258,,
107,Carlos Dembélé,28,CB,Brighton,Premier League,England,1,21,18,1817,30.2,110.0,0.084,0.046,0.084,0.06,0.803,0.727,2.217,2.396,1.801,3.9,92.613,6.058,1.93,0.537,,
108,Virgil Elneny,25,FB,Southampton,Premier League,England,1,14,9,1184,10.7,22.0,0.066,0.121,0.045,0.149,1.093,1.547,3.2,1.478,0.764,1.379,83.649,6.126,4.172,1.807,,
109,Marcelo Bakker,30,CB,Manchester City,Premier League,England,1,29,26,2551,54.3,170.0,0.1,0.055,0.075,0.06,1.229,0.646,2.567,2.62,2.006,4.052,81.938,7.872,1.931,0.704,,
110,Daniel Gonzalez,30,W,Everton,Premier League,England,1,21,17,1809,75.4,275.0,0.404,0.238,0.339,0.276,3.528,3.552,2.875,1.413,0.809,1.496,95.812,7.578,11.5,4.516,,
111,Casemiro Son,26,AM,Leicester,Premier League,England,1,17,14,1476,27.4,105.0,0.287,0.216,0.196,0.288,2.791,3.497,1.501,1.249,0.581,0.931,93.72,8.025,6.682,3.378,,
112,Karim Marino,32,W,Tottenham,Premier League,England,1,18,16,1591,32.8,122.0,0.347,0.316,0.356,0.265,4.371,2.347,1.868,1.301,0.615,1.268,95.495,7.029,8.926,5.011,,
113,Hugo Valverde,29,ST,Manchester United,Premier League,England,1,21,18,1836,50.1,157.0,0.546,0.164,0.475,0.131,4.276,1.548,1.191,0.632,0.393,3.745,93.177,3.475,4.598,2.759,,
114,Adama Adams,22,FB,Bournemouth,Premier League,England,1,12,10,995,61.8,232.0,0.059,0.166,0.072,0.169,1.041,2.013,3.557,1.804,1.06,1.773,79.891,7.662,4.864,1.949,,
115,Gabriel King,32,FB,Everton,Premier League,England,1,23,21,2059,37.5,141.0,0.088,0.178,0.065,0.181,1.227,2.678,3.817,1.867,1.177,2.392,82.318,8.276,5.065,3.195,,
116,Goncalo Sobhi,25,FB,Everton,Premier League,England,1,7,5,611,7.1,24.0,0.053,0.12,0.04,0.128,0.771,1.486,3.235,1.277,0.854,1.622,69.563,6.076,3.906,1.633,,
117,Leo Taylor,26,CM,Liverpool,Premier League,England,1,33,23,2912,53.1,113.0,0.15,0.157,0.166,0.214,2.217,2.284,2.87,2.05,1.408,2.295,84.569,7.591,5.442,2.084,,
118,Marcus Piatek,26,AM,Newcastle,Premier League,England,1,8,6,693,35.4,121.0,0.333,0.231,0.274,0.28,2.914,3.213,1.574,1.134,0.648,1.087,74.87,7.033,7.986,4.792,,
119,Harry Muller,26,ST,Manchester City,Premier League,England,1,33,25,2928,61.6,109.0,0.65,0.135,0.545,0.213,5.208,1.759,0.97,0.838,0.408,3.874,70.637,4.13,3.893,3.411,,
120,Andre Reyna,28,CM,Crystal Palace,Premier League,England,1,16,11,1409,21.5,57.0,0.11,0.126,0.105,0.14,1.446,1.741,2.972,1.447,1.481,1.549,83.866,10.113,3.824,1.865,,
121,Antoine Elneny,27,CM,Chelsea,Premier League,England,1,31,24,2729,33.3,81.0,0.134,0.141,0.128,0.187,2.207,2.537,2.59,2.258,1.433,2.26,93.409,9.396,5.113,2.556,,
122,Sadio de Ligt,28,CB,Manchester City,Premier League,England,1,9,6,737,18.4,38.0,0.085,0.045,0.059,0.044,0.849,0.671,2.189,2.114,1.822,3.937,81.404,6.617,1.831,0.493,,
123,William Williams,28,FB,West Ham,Premier League,England,1,7,5,600,16.9,38.0,0.053,0.134,0.044,0.126,1.051,1.809,2.831,1.601,0.893,1.748,69.495,5.333,4.313,1.59,,
124,Robin Osimhen,29,ST,Brentford,Premier League,England,1,24,23,2109,81.9,236.0,0.561,0.194,0.521,0.163,6.204,1.693,1.148,0.902,0.47,4.722,88.294,5.359,3.974,2.958,,
125,Emil Musiala,28,FB,Aston Villa,Premier League,England,1,28,22,2435,20.8,32.0,0.068,0.125,0.048,0.128,0.791,1.716,2.732,1.594,0.854,1.543,76.026,7.404,4.007,2.156,,
126,Ismail Gonzalez,25,FB,Nottm Forest,Premier League,England,1,33,25,2936,60.1,123.0,0.073,0.177,0.063,0.182,1.222,2.234,3.114,2.321,1.374,2.146,85.59,8.375,5.709,2.532,,
127,Ferran de Ligt,24,W,Southampton,Premier League,England,1,21,16,1871,74.1,140.0,0.408,0.263,0.311,0.299,4.201,3.611,2.511,1.156,0.729,1.267,83.471,6.395,10.233,5.514,,
128,Alejandro Rice,32,FB,Crystal Palace,Premier League,England,1,25,18,2236,11.8,43.0,0.064,0.139,0.052,0.139,1.075,1.439,2.884,1.716,0.828,1.532,69.575,6.002,4.633,1.756,,
129,Charles Hegazi,30,DM,Ipswich,Premier League,England,1,12,11,1072,57.5,116.0,0.053,0.095,0.048,0.075,1.517,1.701,3.755,2.889,1.637,2.944,78.674,9.51,3.832,1.505,,
130,Son Kamada,23,AM,Fulham,Premier League,England,1,15,12,1300,47.1,97.0,0.368,0.284,0.274,0.272,2.332,3.378,1.626,1.134,0.779,1.118,78.451,7.463,7.405,3.852,,
131,Bernardo Jovic,32,CM,Leicester,Premier League,England,1,31,23,2745,49.2,110.0,0.126,0.171,0.174,0.212,1.979,2.324,3.003,2.259,1.536,2.16,91.434,8.909,5.687,2.712,,
132,Tomas Son,25,DM,Brighton,Premier League,England,1,17,12,1444,3.5,7.0,0.039,0.047,0.023,0.063,0.717,1.234,3.271,2.352,1.214,1.864,87.093,6.155,2.26,0.87,,
133,Kalidou Rossi,27,ST,Brentford,Premier League,England,1,11,8,981,13.1,32.0,0.339,0.126,0.389,0.117,4.437,1.417,0.866,0.415,0.251,2.627,74.52,3.376,3.123,2.095,,
134,Davide Zielinski,29,AM,Ipswich,Premier League,England,1,28,24,2469,36.2,56.0,0.241,0.28,0.288,0.265,3.182,3.369,1.859,1.296,0.752,1.528,81.362,9.133,6.408,3.756,,
135,Andre Meyer,30,ST,Southampton,Premier League,England,1,8,6,701,7.9,21.0,0.375,0.092,0.327,0.096,3.517,1.09,0.686,0.457,0.308,3.096,67.995,2.708,2.891,1.78,,
136,Christian Ramirez,25,CM,Manchester City,Premier League,England,1,12,8,1053,31.0,123.0,0.168,0.21,0.126,0.181,1.743,2.463,2.322,2.358,1.757,2.303,87.507,10.376,4.436,2.732,,
137,Vinicius Jones,31,CB,Chelsea,Premier League,England,1,30,25,2657,25.9,80.0,0.105,0.066,0.081,0.047,1.005,0.796,2.576,2.557,1.765,3.687,94.12,5.93,2.248,0.563,,
138,Jonathan Szczesny,23,W,Aston Villa,Premier League,England,1,10,7,899,43.2,153.0,0.419,0.2,0.338,0.276,3.782,2.414,2.325,0.974,0.739,1.155,92.718,6.464,10.461,5.067,,
139,Hugo King,27,GK,Brighton,Premier League,England,1,34,31,2974,26.9,66.0,0.006,0.014,0.007,0.007,0.034,0.373,0.239,0.167,0.066,0.179,85.922,3.192,0.693,0.125,78.228,37.408
140,Cody Weber,24,CB,Wolves,Premier League,England,1,28,22,2504,19.7,36.0,0.079,0.048,0.053,0.052,0.808,0.762,2.601,2.56,2.243,3.618,93.326,6.074,2.032,0.561,,
141,Robert Odegaard,30,W,Aston Villa,Premier League,England,1,35,27,3140,57.8,231.0,0.315,0.248,0.391,0.245,3.023,2.819,1.991,1.158,0.661,1.113,74.254,6.245,8.114,4.785,,
142,Marco Meyer,25,GK,Everton,Premier League,England,1,17,13,1463,32.1,68.0,0.007,0.013,0.006,0.007,0.038,0.302,0.181,0.183,0.075,0.175,85.401,2.571,0.673,0.134,66.511,37.552
143,Marcus Skov,27,AM,Manchester United,Premier League,England,1,34,26,3016,29.1,51.0,0.301,0.256,0.259,0.271,3.159,3.661,1.639,1.177,0.686,0.896,86.742,8.122,7.158,4.02,,
144,Nicolo Lopez,22,CB,Brighton,Premier League,England,1,14,11,1179,29.5,83.0,0.061,0.052,0.061,0.057,0.948,0.633,2.806,2.392,1.758,3.632,92.328,5.154,2.352,0.525,,
145,Andre Ramirez,24,W,Brighton,Premier League,England,1,23,19,2006,39.0,113.0,0.33,0.244,0.322,0.278,3.428,2.794,2.278,1.064,0.776,0.99,75.923,5.226,8.108,5.207,,
146,Pedri Sobhi,27,FB,Manchester City,Premier League,England,1,30,23,2655,15.4,37.0,0.058,0.113,0.036,0.152,0.935,1.316,2.527,1.562,0.999,1.775,90.975,6.157,5.243,1.742,,
147,Amadou Wagner,27,FB,Everton,Premier League,England,1,24,19,2105,52.9,92.0,0.086,0.133,0.072,0.134,1.459,1.875,2.644,2.139,1.29,1.876,92.811,8.572,5.23,2.322,,
148,Daniel Dembélé,26,CB,Leicester,Premier League,England,1,8,5,676,29.7,55.0,0.082,0.045,0.078,0.053,1.014,0.845,2.725,2.502,2.175,3.098,104.502,5.648,2.218,0.523,,
149,Neymar Mane,24,CB,Nottm Forest,Premier League,England,1,8,7,719,40.2,100.0,0.106,0.051,0.055,0.062,0.87,1.005,3.049,2.362,2.386,4.23,97.606,4.997,2.549,0.673,,
150,Diogo Reyna,29,DM,West Ham,Premier League,England,1,29,25,2589,26.7,74.0,0.045,0.064,0.041,0.088,0.891,1.327,4.346,2.371,1.228,2.05,97.821,7.371,2.841,1.184,,
151,Pedri Weber,26,CB,Leicester,Premier League,England,1,16,12,1414,44.2,133.0,0.071,0.077,0.074,0.047,1.095,0.822,2.785,2.244,2.322,4.357,82.448,6.228,1.976,0.5,,
152,Luis Bakker,29,CB,West Ham,Premier League,England,1,15,11,1272,65.7,142.0,0.081,0.068,0.085,0.076,1.072,0.904,3.662,2.655,1.804,5.067,101.188,7.295,2.741,0.631,,
153,Nabil Robinson,25,W,Fulham,Premier League,England,1,33,25,2888,8.9,14.0,0.224,0.2,0.217,0.186,2.43,2.184,1.368,0.948,0.472,0.852,72.254,4.673,6.596,3.828,,
154,Leo Araujo,25,DM,Fulham,Premier League,England,1,23,16,2001,18.1,58.0,0.047,0.073,0.038,0.092,0.877,1.656,3.814,2.563,1.388,2.191,86.514,7.618,2.474,1.511,,
155,Rodri Rodriguez,28,ST,Bournemouth,Premier League,England,1,18,14,1534,26.8,65.0,0.463,0.111,0.516,0.174,5.097,1.373,1.006,0.45,0.438,4.817,71.878,4.56,3.797,2.553,,
156,Marc Meyer,32,DM,Southampton,Premier League,England,1,36,34,3232,7.3,13.0,0.035,0.077,0.03,0.062,0.882,1.28,3.403,1.83,1.223,2.276,86.411,6.608,2.758,1.081,,
157,Mikel Thompson,26,GK,Newcastle,Premier League,England,1,12,10,1003,56.9,123.0,0.009,0.014,0.006,0.009,0.036,0.409,0.219,0.302,0.069,0.268,82.652,3.385,0.947,0.23,72.592,43.392
158,Moises Martinez,27,ST,Ipswich,Premier League,England,1,29,23,2596,35.4,124.0,0.51,0.116,0.428,0.12,3.763,1.666,0.946,0.599,0.306,3.295,67.436,3.956,4.31,2.687,,
159,Rodri Diaz,25,FB,Tottenham,Premier League,England,1,19,13,1661,45.4,137.0,0.081,0.148,0.072,0.164,1.204,2.216,3.205,2.226,1.21,1.869,83.591,8.388,5.626,2.337,,
160,Marcelo Mendes,25,W,Nottm Forest,Premier League,England,1,12,9,1035,58.3,133.0,0.432,0.258,0.319,0.248,3.541,2.939,1.968,1.262,0.555,1.372,81.433,5.627,8.025,4.719,,
161,James Jovic,23,DM,Manchester United,Premier League,England,1,21,19,1846,46.0,78.0,0.067,0.092,0.032,0.09,1.16,1.833,4.458,2.535,1.705,2.757,89.445,8.793,2.471,1.595,,
162,Julian Thompson,24,W,West Ham,Premier League,England,1,7,5,577,41.7,138.0,0.364,0.282,0.312,0.231,3.648,3.048,2.286,1.498,0.85,1.288,93.989,5.886,8.806,5.223,,
163,Alexis Brown,32,AM,Everton,Premier League,England,1,17,14,1460,13.1,34.0,0.254,0.23,0.235,0.218,2.504,2.898,1.446,0.828,0.719,0.91,79.655,6.878,6.336,4.089,,
164,Serge Musah,25,FB,Manchester City,Premier League,England,1,35,31,3124,33.4,113.0,0.061,0.15,0.053,0.151,0.985,1.934,2.854,1.977,1.052,2.197,75.719,7.469,5.031,2.555,,
165,Robin Valverde,24,W,Wolves,Premier League,England,1,10,9,852,21.6,69.0,0.269,0.232,0.255,0.203,2.467,2.286,2.042,0.946,0.411,1.029,83.294,4.824,7.563,4.343,,
166,Bukayo Diallo,23,W,Chelsea,Premier League,England,1,7,4,561,45.3,93.0,0.296,0.27,0.304,0.253,3.624,3.435,1.963,1.078,0.638,1.169,81.801,5.768,8.532,5.192,,
167,Cody Moreno,25,AM,Chelsea,Premier League,England,1,23,21,2028,83.3,193.0,0.428,0.231,0.337,0.28,3.861,4.847,2.3,1.267,0.86,1.272,80.865,8.545,8.017,4.489,,
168,Marc Wilson,26,CM,Nottm Forest,Premier League,England,1,30,20,2624,61.2,205.0,0.169,0.201,0.133,0.246,1.858,2.978,2.467,2.38,1.421,1.919,103.482,9.799,4.692,2.323,,
169,Matteo Peters,28,CB,Tottenham,Premier League,England,1,22,16,1923,19.7,77.0,0.07,0.046,0.044,0.048,0.838,0.606,2.083,2.181,1.863,3.608,94.836,5.674,1.926,0.504,,
170,Rafael Fischer,20,ST,Leicester,Premier League,England,1,24,22,2154,25.3,64.0,0.636,0.131,0.5,0.178,3.9,1.249,0.89,0.469,0.359,3.661,68.02,3.411,3.654,2.553,,
171,Alvaro Gudelj,27,CB,Chelsea,Premier League,England,1,31,23,2722,29.9,73.0,0.086,0.05,0.061,0.062,0.891,0.697,2.736,2.195,1.718,3.454,75.528,6.204,2.583,0.597,,
172,David Gordon,23,CM,Leicester,Premier League,England,1,30,24,2666,17.5,62.0,0.107,0.155,0.109,0.146,1.554,1.831,2.599,1.414,1.507,1.769,82.145,9.924,3.946,1.59,,
173,Eric Mendes,30,FB,Aston Villa,Premier League,England,1,10,8,838,12.0,44.0,0.046,0.102,0.043,0.108,0.927,1.631,3.125,1.694,0.883,1.462,78.508,5.167,4.756,1.988,,
174,Luis Zielinski,30,W,West Ham,Premier League,England,1,36,24,3185,6.1,14.0,0.197,0.133,0.22,0.179,2.283,2.256,1.472,0.803,0.437,0.655,88.039,4.386,6.932,4.184,,
175,Harry Andersen,21,DM,Manchester City,Premier League,England,1,22,17,1919,91.6,318.0,0.068,0.102,0.06,0.118,1.707,1.722,5.184,3.521,1.875,2.6,98.188,9.217,4.6,2.156,,
176,Leandro Jones,24,CB,Fulham,Premier League,England,1,16,11,1429,25.6,65.0,0.079,0.064,0.057,0.056,0.881,0.815,2.766,2.447,1.705,3.603,103.153,7.249,2.201,0.512,,
177,Moises Vlahovic,28,ST,Fulham,Premier League,England,1,17,15,1519,79.1,203.0,0.522,0.135,0.567,0.162,4.804,1.589,1.403,0.697,0.383,3.764,84.993,3.317,4.516,3.814,,
178,Vitinha Williams,19,FB,Manchester United,Premier League,England,1,14,11,1205,67.3,157.0,0.085,0.152,0.083,0.198,1.289,2.755,4.6,2.369,1.508,2.691,86.976,8.222,7.223,2.983,,
179,Marcelo Ndidi,27,FB,Manchester United,Premier League,England,1,15,14,1349,45.2,113.0,0.084,0.18,0.046,0.171,1.249,2.083,3.762,2.371,1.403,1.837,86.023,7.211,6.214,2.041,,
180,Cody Williams,23,CB,Chelsea,Premier League,England,1,22,16,1978,60.9,229.0,0.098,0.056,0.083,0.076,1.326,0.844,2.963,2.284,1.632,3.59,95.42,8.161,2.614,0.801,,
181,Romelu Oliveira,26,CM,Crystal Palace,Premier League,England,1,20,18,1749,41.0,129.0,0.137,0.175,0.143,0.139,2.17,2.447,2.374,1.934,1.477,1.76,80.18,7.825,4.156,2.634,,
182,Robert Bakker,26,CB,Fulham,Premier League,England,1,35,34,3144,25.8,100.0,0.089,0.051,0.057,0.056,0.913,0.583,2.236,2.454,2.345,4.084,83.429,5.879,2.386,0.612,,
183,Lorenzo Santos,28,W,Brentford,Premier League,England,1,12,10,1072,26.5,55.0,0.282,0.23,0.313,0.204,2.808,2.18,1.673,0.825,0.486,0.976,90.788,5.666,8.075,4.655,,
184,Amadou Diallo,27,CM,Everton,Premier League,England,1,6,5,518,44.6,162.0,0.157,0.171,0.127,0.179,1.821,2.364,2.504,2.229,1.561,1.971,96.959,10.181,5.803,2.58,,
185,Matthijs Wirtz,24,CB,Leicester,Premier League,England,1,24,19,2111,32.1,125.0,0.076,0.045,0.066,0.059,0.726,0.738,2.709,2.059,1.888,3.313,83.982,5.668,1.984,0.56,,
186,Julian Rice,26,CB,Southampton,Premier League,England,1,28,24,2437,21.5,65.0,0.073,0.038,0.065,0.057,0.957,0.656,2.477,1.843,1.753,3.552,75.17,4.967,2.165,0.446,,
187,Leon Dembélé,26,FB,Fulham,Premier League,England,1,21,19,1825,14.8,31.0,0.068,0.128,0.054,0.141,1.138,1.479,3.333,1.54,1.218,1.469,71.898,6.62,5.17,2.447,,
188,Ruben Gonzalez,25,AM,Brentford,Premier League,England,1,18,15,1578,38.6,85.0,0.243,0.347,0.268,0.262,2.879,3.571,1.911,1.074,0.922,1.196,86.651,8.355,7.249,3.581,,
189,Frenkie Colombo,23,CM,Liverpool,Premier League,England,1,11,10,974,20.4,32.0,0.103,0.202,0.133,0.163,1.593,2.297,2.597,2.043,1.294,1.986,97.357,7.842,4.2,1.936,,
190,Andre Peters,31,CB,Brighton,Premier League,England,1,24,19,2081,19.2,30.0,0.083,0.065,0.067,0.04,1.072,0.759,2.881,2.454,1.551,4.094,85.365,6.549,1.67,0.618,,
191,Adama Skov,24,FB,West Ham,Premier League,England,1,13,11,1094,13.5,26.0,0.062,0.103,0.038,0.108,1.0,1.398,3.05,1.436,1.023,1.588,71.16,5.181,4.363,1.668,,
192,Declan Lookman,24,CM,Manchester United,Premier League,England,1,31,27,2788,20.3,31.0,0.093,0.154,0.131,0.151,1.527,1.998,2.373,1.44,1.355,1.791,95.611,8.291,4.08,1.902,,
193,Leon Sobhi,24,CB,Bournemouth,Premier League,England,1,24,17,2144,61.8,175.0,0.103,0.06,0.101,0.082,1.088,0.902,2.421,2.601,2.773,4.466,90.257,7.489,2.2,0.689,,
194,Yves Meyer,22,AM,Manchester United,Premier League,England,1,32,27,2831,51.3,160.0,0.348,0.301,0.28,0.216,3.038,3.094,1.609,1.212,0.628,0.966,78.709,9.225,7.078,4.347,,
195,Rodri Bassey,24,CM,Tottenham,Premier League,England,1,22,15,1962,42.3,153.0,0.131,0.24,0.128,0.256,2.186,2.212,3.113,1.837,2.136,2.452,84.603,10.292,4.809,1.986,,
196,Marco Bentancur,29,CB,Southampton,Premier League,England,1,23,18,2024,74.2,268.0,0.11,0.086,0.101,0.067,1.076,1.15,3.24,3.45,2.126,4.798,102.279,7.365,2.805,0.686,,
197,Hugo Taylor,29,AM,Crystal Palace,Premier League,England,1,10,8,879,67.1,125.0,0.381,0.356,0.274,0.262,4.032,3.301,1.854,1.445,0.687,1.153,96.56,8.437,6.386,5.122,,
198,Ryan Foden,23,CM,Newcastle,Premier League,England,1,36,32,3225,72.5,166.0,0.172,0.256,0.159,0.216,2.122,3.45,4.025,2.357,1.735,2.517,89.636,9.141,5.182,2.25,,
199,Marc Aaronson,21,CB,Bournemouth,Premier League,England,1,11,8,939,49.0,122.0,0.072,0.055,0.073,0.05,0.752,0.839,2.855,2.384,1.727,4.117,82.447,5.657,2.291,0.512,,
200,Andre Jimenez,27,AM,Everton,Premier League,England,1,9,6,752,17.6,68.0,0.295,0.249,0.257,0.254,3.437,3.713,1.122,0.981,0.758,0.875,71.197,7.706,7.739,2.925,,
201,Vitinha Son,21,DM,Newcastle,Premier League,England,1,33,24,2901,72.2,235.0,0.056,0.125,0.057,0.099,1.163,1.756,4.351,3.262,1.467,2.718,84.917,10.111,3.741,1.264,,
202,Antoine Osimhen,27,CB,Bournemouth,Premier League,England,1,16,13,1375,74.8,214.0,0.102,0.071,0.082,0.064,1.112,0.835,3.461,2.392,2.594,4.8,80.187,6.566,2.467,0.596,,
203,Leandro Dembélé,29,CM,Bournemouth,Premier League,England,1,14,12,1218,48.1,151.0,0.134,0.166,0.149,0.154,2.162,1.842,2.35,1.787,1.823,2.574,76.301,10.153,4.085,2.026,,
204,Marcus Onyeka,25,CM,Everton,Premier League,England,1,9,6,783,11.4,30.0,0.115,0.144,0.123,0.156,1.777,1.908,2.269,1.724,1.608,1.473,85.84,8.24,4.248,1.804,,
205,Robin Torres,23,AM,Manchester United,Premier League,England,1,23,16,2032,51.2,142.0,0.259,0.257,0.286,0.296,3.409,3.429,1.884,1.356,0.762,1.187,74.159,8.272,7.454,3.891,,
206,Patrick Wirtz,34,W,Arsenal,Premier League,England,1,7,6,617,11.7,40.0,0.429,0.299,0.3,0.301,4.373,2.969,2.337,1.312,0.618,1.119,73.36,5.311,9.213,5.036,,
207,James Xhaka,28,CM,Arsenal,Premier League,England,1,32,27,2809,41.6,110.0,0.104,0.208,0.129,0.161,2.071,2.173,2.847,2.193,1.515,1.82,96.578,9.391,4.553,1.967,,
208,Renato van Dijk,30,ST,Nottm Forest,Premier League,England,1,28,27,2466,19.2,58.0,0.554,0.152,0.439,0.155,3.926,1.55,1.007,0.464,0.361,3.439,75.026,3.865,3.042,3.044,,
209,Frenkie Rice,25,CM,Newcastle,Premier League,England,1,31,30,2750,39.3,96.0,0.108,0.181,0.128,0.188,1.927,2.304,3.06,1.523,1.728,1.826,99.919,8.919,5.276,2.063,,
210,Darwin Lookman,19,CM,Manchester City,Premier League,England,1,6,5,512,11.4,24.0,0.113,0.177,0.109,0.16,1.568,1.822,2.13,1.598,1.25,1.652,86.064,8.629,4.433,2.31,,
211,Marco van Dijk,28,FB,Tottenham,Premier League,England,1,13,9,1139,40.6,83.0,0.061,0.182,0.06,0.156,1.226,1.889,3.358,1.665,1.27,1.813,93.233,8.367,5.685,2.583,,
212,Leroy Marino,24,DM,Newcastle,Premier League,England,1,7,6,560,45.4,81.0,0.052,0.102,0.047,0.099,0.925,1.745,4.436,2.868,1.681,1.979,82.619,9.407,2.652,1.756,,
213,Rodri Becker,28,CM,Southampton,Premier League,England,1,17,12,1525,64.8,140.0,0.127,0.169,0.123,0.202,2.51,2.57,3.058,2.103,1.665,2.572,105.948,10.401,4.945,2.578,,
214,Goncalo Diallo,28,FB,Ipswich,Premier League,England,1,29,27,2554,32.5,51.0,0.062,0.127,0.063,0.157,1.279,1.741,3.378,1.526,1.165,1.7,90.955,7.005,5.54,2.894,,
215,Marc Fernandez,24,CB,Chelsea,Premier League,England,1,34,32,3025,12.8,47.0,0.06,0.04,0.054,0.043,0.744,0.57,2.278,1.767,1.744,3.16,83.639,5.296,1.604,0.352,,
216,Ibrahim Sousa,29,W,Newcastle,Premier League,England,1,22,20,1944,29.3,93.0,0.347,0.209,0.288,0.225,2.901,2.427,1.833,1.144,0.596,1.024,72.397,4.725,8.432,4.591,,
217,Jamal Ferrari,27,DM,Liverpool,Premier League,England,1,8,6,667,59.5,177.0,0.055,0.105,0.059,0.093,1.435,1.736,4.154,2.852,2.055,2.083,100.442,10.134,3.201,1.616,,
218,Bukayo Peters,27,GK,Brighton,Premier League,England,1,33,29,2925,37.2,130.0,0.008,0.015,0.007,0.007,0.037,0.374,0.222,0.213,0.055,0.283,84.491,3.586,0.868,0.153,75.208,40.852
219,Marco Marino,27,GK,Everton,Premier League,England,1,13,11,1137,86.1,214.0,0.008,0.019,0.011,0.008,0.043,0.5,0.316,0.238,0.105,0.176,81.978,3.888,0.827,0.175,77.007,49.795
220,Ivan Fischer,23,CM,Brighton,Premier League,England,1,11,9,947,32.5,113.0,0.162,0.195,0.121,0.145,2.166,1.86,2.573,1.537,1.237,1.944,95.069,10.041,4.783,2.433,,
221,Leo McKennie,21,AM,Everton,Premier League,England,1,15,14,1324,45.3,120.0,0.267,0.277,0.298,0.312,3.142,3.877,1.234,0.997,0.722,0.922,82.09,7.354,7.297,3.341,,
222,Harry Lewandowski,24,GK,Liverpool,Premier League,England,1,26,23,2314,14.3,39.0,0.006,0.012,0.006,0.005,0.028,0.299,0.159,0.188,0.056,0.205,78.386,2.101,0.661,0.125,73.18,33.278
223,Alvaro Tadic,23,FB,Wolves,Premier League,England,1,6,4,539,53.7,98.0,0.087,0.157,0.07,0.23,1.114,1.826,3.732,2.031,1.424,2.232,87.544,8.888,6.158,2.896,,
224,Lucas Lee,27,AM,Tottenham,Premier League,England,1,27,24,2348,62.3,216.0,0.397,0.306,0.261,0.367,3.048,4.03,1.69,1.198,0.759,1.311,86.978,8.334,6.384,4.832,,
225,Achraf Lookman,24,GK,Manchester City,Premier League,England,1,12,8,1036,12.6,26.0,0.006,0.013,0.006,0.005,0.026,0.313,0.169,0.161,0.063,0.149,78.518,2.422,0.701,0.123,71.245,41.069
226,Dani Nunez,26,FB,Nottm Forest,Premier League,England,1,18,13,1579,52.7,177.0,0.078,0.216,0.06,0.175,1.476,2.065,3.845,2.229,1.199,2.3,81.255,8.62,6.407,3.226,,
227,Sofiane Lewandowski,23,CM,Fulham,Premier League,England,1,24,17,2150,32.5,56.0,0.131,0.153,0.157,0.224,2.15,2.881,2.851,2.161,1.603,1.875,99.973,10.824,4.564,2.146,,
228,Son de Ligt,25,CM,Fulham,Premier League,England,1,9,7,724,41.1,118.0,0.11,0.207,0.152,0.216,2.122,1.924,2.896,1.957,1.632,1.616,98.369,8.645,4.109,2.159,,
229,Angel Sousa,25,GK,Chelsea,Premier League,England,1,7,4,562,29.4,76.0,0.008,0.011,0.005,0.008,0.03,0.419,0.177,0.16,0.059,0.161,90.729,3.086,0.629,0.148,70.466,41.764
230,Toby Gordon,28,FB,Leicester,Premier League,England,1,13,11,1103,6.2,14.0,0.043,0.108,0.039,0.119,0.728,1.638,2.515,1.282,0.799,1.155,87.545,5.052,4.308,1.449,,
231,Bruno Schlotterbeck,18,DM,Chelsea,Premier League,England,1,15,12,1277,64.6,126.0,0.079,0.09,0.05,0.126,1.483,1.751,3.86,3.103,2.028,2.833,103.441,10.249,3.885,1.444,,
232,Kevin Kostic,17,CB,Southampton,Premier League,England,1,10,9,885,33.4,57.0,0.119,0.063,0.076,0.062,1.034,0.971,3.484,3.45,2.392,5.509,106.887,8.507,3.056,0.901,,
233,Robin Becker,25,ST,Aston Villa,Premier League,England,1,33,27,2939,10.2,33.0,0.319,0.097,0.381,0.092,4.234,1.07,0.964,0.52,0.333,2.782,83.871,3.173,3.054,1.938,,
234,Charles Aaronson,31,FB,Newcastle,Premier League,England,1,16,13,1384,14.3,29.0,0.05,0.112,0.037,0.107,0.815,1.713,2.975,1.43,0.827,1.608,82.9,6.371,4.724,2.092,,
235,Sofiane Romano,25,W,Crystal Palace,Premier League,England,1,36,28,3205,5.3,17.0,0.226,0.188,0.265,0.183,3.151,2.167,1.446,0.8,0.431,0.781,81.323,4.026,7.038,3.941,,
236,Dusan Russo,20,CB,Brighton,Premier League,England,1,17,12,1510,14.8,59.0,0.073,0.038,0.049,0.046,0.839,0.618,2.144,1.772,1.726,2.823,102.356,5.268,1.707,0.418,,
237,Robert Bellingham,22,ST,Manchester United,Premier League,England,1,25,22,2171,56.3,131.0,0.512,0.141,0.463,0.142,5.101,1.357,1.385,0.571,0.495,3.487,66.356,4.997,5.119,2.839,,
238,Hugo Diaz,24,AM,Brentford,Premier League,England,1,31,30,2770,26.4,105.0,0.31,0.242,0.233,0.296,3.067,2.955,1.334,1.062,0.72,1.054,88.122,9.088,6.563,3.963,,
239,Lautaro Alves,21,AM,Brighton,Premier League,England,1,11,9,914,62.9,109.0,0.294,0.334,0.257,0.278,3.549,4.878,1.491,1.059,0.931,1.02,94.787,7.903,6.776,4.261,,
240,Alejandro Musah,20,W,Liverpool,Premier League,England,1,14,11,1173,71.9,206.0,0.399,0.251,0.342,0.281,4.436,3.083,2.316,1.237,0.724,1.191,85.408,5.827,9.222,6.397,,
241,Dusan Zielinski,24,FB,Arsenal,Premier League,England,1,6,5,511,51.5,206.0,0.103,0.153,0.065,0.2,1.412,2.375,3.012,2.24,1.426,2.143,96.424,9.685,5.8,3.112,,
242,Davide Bellingham,31,CB,Fulham,Premier League,England,1,11,9,972,16.9,62.0,0.074,0.045,0.049,0.05,0.809,0.679,2.754,2.183,1.801,3.631,88.036,5.242,1.854,0.435,,
243,Matteo Alves,22,DM,Brentford,Premier League,England,1,22,21,1950,66.3,210.0,0.067,0.075,0.052,0.085,1.199,1.755,4.327,2.581,1.854,2.401,86.368,8.57,2.856,1.641,,
244,Marcelo Silva,26,CM,Fulham,Premier League,England,1,12,8,1062,43.7,130.0,0.153,0.169,0.124,0.175,1.439,2.585,2.997,1.925,1.664,2.259,83.568,9.947,5.835,2.476,,
245,Sergio Silva,21,CB,Bournemouth,Premier League,England,1,9,8,796,9.3,36.0,0.053,0.039,0.046,0.034,0.658,0.54,2.542,1.683,1.712,2.728,75.646,4.847,1.693,0.412,,
246,Martin Gordon,28,DM,Manchester City,Premier League,England,1,17,15,1475,10.9,20.0,0.044,0.062,0.03,0.073,0.949,1.218,2.985,2.004,1.285,2.052,76.202,7.423,2.329,1.064,,
247,Pau Iwobi,21,DM,Arsenal,Premier League,England,1,8,6,643,9.7,23.0,0.033,0.056,0.032,0.064,0.782,1.067,3.629,2.121,1.079,1.871,79.89,6.614,2.563,1.08,,
248,Iker Hall,22,ST,Bournemouth,Premier League,England,1,25,19,2240,23.3,47.0,0.419,0.147,0.495,0.118,4.429,1.517,0.964,0.496,0.3,3.611,80.723,3.378,3.593,2.157,,
249,Leroy Martinez,22,W,Manchester City,Premier League,England,1,11,9,948,15.2,56.0,0.26,0.181,0.25,0.189,3.358,2.623,1.624,0.918,0.384,0.904,76.393,4.076,6.409,3.219,,
250,Paulo Diallo,25,CB,West Ham,Premier League,England,1,20,14,1731,20.6,72.0,0.068,0.038,0.045,0.051,0.706,0.798,2.692,2.157,2.084,3.207,76.852,5.041,2.379,0.488,,
251,Jude Ramirez,29,CB,Manchester City,Premier League,England,1,35,27,3083,23.4,62.0,0.068,0.047,0.068,0.05,0.99,0.805,3.118,2.307,1.934,3.47,95.997,5.14,2.185,0.51,,
252,Trent Smith,26,CM,Manchester United,Premier League,England,1,26,23,2292,82.3,265.0,0.203,0.172,0.188,0.235,2.464,2.583,3.144,2.044,1.958,1.742,81.392,10.009,4.542,2.331,,
253,Renato Vlahovic,22,CB,Manchester City,Premier League,England,1,27,19,2397,36.3,74.0,0.069,0.053,0.045,0.055,1.049,0.702,2.177,2.391,1.868,3.619,95.944,5.342,1.884,0.681,,
254,Achraf Onyeka,26,CB,Nottm Forest,Premier League,England,1,12,10,1077,18.0,43.0,0.071,0.042,0.046,0.053,0.853,0.631,2.591,1.897,1.804,3.827,95.685,5.415,1.792,0.637,,
255,Leroy Costa,26,CB,Ipswich,Premier League,England,1,17,12,1450,66.2,117.0,0.128,0.06,0.105,0.085,1.27,0.953,3.107,2.829,2.476,4.717,85.088,8.512,2.342,0.679,,
256,Kai Visser,30,W,Manchester United,Premier League,England,1,22,19,1968,52.2,175.0,0.335,0.219,0.355,0.261,3.329,3.038,2.51,1.22,0.639,1.139,86.133,5.259,10.681,5.466,,
257,Kylian Nunez,21,DM,Manchester United,Premier League,England,1,20,16,1763,35.8,94.0,0.054,0.073,0.039,0.096,1.027,1.768,3.326,2.191,1.761,2.688,100.649,7.462,2.756,1.252,,
258,William Lopez,24,FB,Liverpool,Premier League,England,1,17,14,1526,4.3,8.0,0.036,0.107,0.03,0.115,0.68,1.234,2.792,1.384,0.719,1.498,70.298,5.119,4.42,1.673,,
259,Robert Russo,27,ST,Bournemouth,Premier League,England,1,25,21,2210,67.9,238.0,0.602,0.191,0.745,0.127,5.331,1.877,1.092,0.92,0.526,4.505,94.564,5.109,3.792,3.675,,
260,Frenkie Schlotterbeck,19,CB,Southampton,Premier League,England,1,13,9,1091,39.2,88.0,0.089,0.072,0.091,0.053,0.916,0.757,3.367,2.481,1.763,5.098,102.99,6.457,2.596,0.688,,
261,Sadio Gudelj,26,W,Everton,Premier League,England,1,19,18,1698,55.6,150.0,0.289,0.195,0.266,0.253,4.034,2.635,2.337,1.179,0.664,0.879,81.461,5.543,8.07,4.458,,
262,Hakim Thompson,24,W,Newcastle,Premier League,England,1,16,12,1435,46.5,98.0,0.356,0.243,0.298,0.322,4.632,2.692,2.191,1.004,0.611,1.235,94.725,5.686,6.48,4.737,,
263,Takumi Zurkowski,34,ST,Crystal Palace,Premier League,England,1,15,12,1337,10.5,18.0,0.53,0.147,0.447,0.141,3.792,1.288,0.844,0.466,0.37,3.077,79.933,3.954,4.005,2.662,,
264,Omar Ndidi,31,GK,Manchester United,Premier League,England,1,22,20,1950,46.1,95.0,0.008,0.014,0.006,0.006,0.038,0.338,0.21,0.293,0.084,0.233,85.383,3.419,1.005,0.116,73.749,41.271
265,Joao Hegazi,22,W,Nottm Forest,Premier League,England,1,17,12,1473,16.3,53.0,0.32,0.199,0.256,0.212,3.169,2.096,1.869,0.77,0.544,0.926,75.22,5.215,7.702,4.296,,
266,Harry Williams,27,CB,Bournemouth,Premier League,England,1,21,17,1842,3.2,9.0,0.054,0.034,0.036,0.029,0.577,0.481,1.979,1.744,1.286,3.069,80.713,4.812,1.336,0.383,,
267,Antoine Visser,22,FB,Arsenal,Premier League,England,1,14,11,1225,17.6,40.0,0.053,0.124,0.045,0.127,0.772,1.575,3.186,1.24,0.783,1.719,75.403,5.204,4.85,1.764,,
268,Timothy Rossi,35,CM,Fulham,Premier League,England,1,8,5,657,3.2,7.0,0.109,0.123,0.126,0.152,1.607,1.705,2.567,1.498,1.114,1.458,98.07,7.198,3.801,1.545,,
269,Lorenzo Rodriguez,21,DM,Southampton,Premier League,England,1,30,24,2657,18.4,28.0,0.04,0.068,0.041,0.068,1.06,1.355,3.75,1.886,1.246,2.31,84.991,7.564,2.385,1.428,,
270,Goncalo Gudelj,26,AM,Wolves,Premier League,England,1,32,25,2870,30.5,74.0,0.302,0.256,0.225,0.233,3.638,3.389,1.4,0.951,0.727,0.991,94.544,8.681,6.99,4.078,,
271,Leon Szczesny,21,CB,Nottm Forest,Premier League,England,1,30,27,2630,16.4,64.0,0.071,0.037,0.054,0.039,0.902,0.729,2.135,2.07,1.915,3.166,76.673,5.39,1.625,0.536,,
272,Jude Thompson,22,ST,Manchester City,Premier League,England,1,11,9,940,108.3,276.0,0.647,0.19,0.578,0.222,4.304,2.202,1.269,0.726,0.462,4.415,91.831,4.646,4.343,3.695,,
273,Serge Lewandowski,23,CB,Manchester City,Premier League,England,1,19,15,1641,15.3,35.0,0.069,0.04,0.064,0.048,0.733,0.562,2.757,2.376,1.804,3.111,101.531,5.15,1.973,0.461,,
274,Victor Kim,21,AM,Tottenham,Premier League,England,1,30,24,2637,57.5,135.0,0.339,0.282,0.286,0.335,3.821,4.063,2.004,1.276,1.053,1.58,85.935,9.05,7.972,4.791,,
275,Phil Wirtz,26,AM,Leicester,Premier League,England,1,20,16,1753,49.1,101.0,0.329,0.246,0.248,0.314,3.626,4.713,1.927,1.105,0.982,1.636,89.769,11.06,9.347,5.046,,
276,Carlos Skov,23,W,Tottenham,Premier League,England,1,20,17,1791,27.8,44.0,0.29,0.197,0.328,0.242,3.467,2.364,1.736,1.128,0.484,0.881,71.816,6.81,8.158,5.426,,
277,Federico Piatek,26,ST,Newcastle,Premier League,England,1,20,15,1774,29.0,46.0,0.442,0.157,0.465,0.143,3.715,1.438,0.965,0.588,0.395,3.495,71.654,3.947,3.273,2.547,,
278,Phil Skov,27,FB,Nottm Forest,Premier League,England,1,24,17,2109,20.0,41.0,0.06,0.125,0.051,0.165,0.812,1.8,3.221,1.719,0.951,1.864,74.344,6.548,4.679,1.948,,
279,Rayan Martinez,20,FB,Wolves,Premier League,England,1,15,13,1329,85.8,140.0,0.077,0.189,0.06,0.179,1.48,2.336,3.453,2.264,1.132,2.309,91.201,9.409,6.525,2.759,,
280,Phil Lewandowski,25,W,Ipswich,Premier League,England,1,20,16,1744,55.6,115.0,0.39,0.252,0.336,0.213,3.442,2.196,2.437,1.043,0.648,1.407,82.069,6.159,8.26,5.937,,
281,Axel Mane,26,W,Manchester City,Premier League,England,1,8,5,666,33.5,75.0,0.36,0.209,0.244,0.218,3.188,2.604,1.809,1.35,0.642,1.324,83.116,6.352,7.056,5.318,,
282,Luka Odegaard,21,CB,Crystal Palace,Premier League,England,1,34,32,3027,4.9,19.0,0.05,0.035,0.043,0.04,0.72,0.616,2.493,1.799,1.442,3.03,97.183,5.515,1.595,0.398,,
283,Jamal Tadic,25,CM,Newcastle,Premier League,England,1,22,20,1910,44.9,72.0,0.161,0.179,0.121,0.2,1.717,1.929,2.693,1.979,1.65,2.122,81.143,11.537,4.896,2.606,,
284,Jan Schmidt,22,W,Bournemouth,Premier League,England,1,29,20,2540,108.9,394.0,0.475,0.279,0.447,0.276,3.906,3.655,2.875,1.342,0.666,1.578,79.597,7.643,11.5,5.643,,
285,Kalidou Wilson,17,FB,West Ham,Premier League,England,1,8,6,656,10.6,22.0,0.047,0.132,0.042,0.13,1.054,1.452,2.722,1.432,1.065,1.577,93.307,6.68,5.341,1.613,,
286,Ferran Saka,28,AM,Southampton,Premier League,England,1,27,20,2387,28.4,54.0,0.318,0.257,0.253,0.221,2.759,3.216,1.615,0.973,0.827,1.036,81.778,7.465,6.134,3.898,,
287,Tomas Xhaka,26,DM,Southampton,Premier League,England,1,34,28,2976,57.6,91.0,0.061,0.094,0.044,0.11,1.687,2.289,4.175,2.856,1.678,2.575,79.19,8.879,2.892,1.749,,
288,Khvicha Torres,26,ST,Aston Villa,Premier League,England,1,12,8,1008,50.3,150.0,0.634,0.145,0.615,0.142,5.682,1.685,1.231,0.746,0.318,4.656,75.189,4.595,3.697,2.392,,
289,Achraf Marino,24,CM,Newcastle,Premier League,England,1,11,8,979,37.3,61.0,0.103,0.153,0.143,0.169,1.835,1.816,2.678,1.768,1.52,1.646,77.734,8.232,4.934,1.988,,
290,Vitinha Sobhi,31,W,Wolves,Premier League,England,1,24,19,2126,22.3,51.0,0.28,0.252,0.272,0.212,3.369,2.655,1.696,0.861,0.548,1.027,85.082,4.621,7.25,4.246,,
291,Ousmane Colombo,22,ST,Brentford,Premier League,England,1,8,6,671,30.6,63.0,0.46,0.124,0.501,0.184,3.967,1.577,0.987,0.634,0.439,4.123,90.079,4.619,4.217,2.621,,
292,Rodri Ferrari,21,DM,Newcastle,Premier League,England,1,23,17,2041,33.5,55.0,0.049,0.068,0.042,0.071,0.951,1.761,4.489,2.454,1.128,2.042,82.521,7.147,2.512,1.444,,
293,Mikel Saka,24,ST,Fulham,Premier League,England,1,19,13,1650,34.5,64.0,0.557,0.144,0.569,0.147,4.497,1.796,1.143,0.532,0.387,3.837,80.777,3.848,3.706,2.589,,
294,Simon Ndidi,25,AM,Brighton,Premier League,England,1,15,11,1303,9.2,16.0,0.265,0.192,0.259,0.209,2.496,3.179,1.255,0.731,0.62,1.004,88.603,7.794,6.932,3.255,,
295,Diogo Jones,25,W,Aston Villa,Premier League,England,1,8,7,703,20.6,46.0,0.288,0.173,0.311,0.187,2.497,2.019,1.644,1.017,0.629,0.811,69.654,4.232,6.475,4.226,,
296,Matteo Kim,29,W,Bournemouth,Premier League,England,1,19,15,1688,12.1,34.0,0.202,0.14,0.255,0.225,2.988,2.29,1.483,1.068,0.467,0.686,70.378,4.761,7.038,3.966,,
297,Matteo Costa,26,CM,Southampton,Premier League,England,1,15,12,1329,29.9,108.0,0.152,0.136,0.133,0.159,1.743,2.187,2.588,1.652,1.646,1.851,75.082,8.338,4.085,2.058,,
298,Diego Gudelj,25,GK,West Ham,Premier League,England,1,32,25,2828,29.2,68.0,0.006,0.015,0.006,0.006,0.039,0.399,0.189,0.151,0.061,0.201,87.025,2.928,0.817,0.102,76.106,38.912
299,Nicolas van Dijk,20,W,Leicester,Premier League,England,1,30,22,2634,8.3,20.0,0.263,0.152,0.221,0.163,2.43,2.393,1.191,0.79,0.333,0.744,84.223,4.232,5.446,3.453,,
300,Thiago Dembélé,28,DM,Aston Villa,Premier League,England,1,31,24,2760,16.4,65.0,0.051,0.058,0.036,0.091,1.274,1.279,3.86,2.298,1.358,2.251,90.312,7.809,2.702,1.32,,
301,Joshua Minamino,26,DM,Leicester,Premier League,England,1,18,15,1566,22.0,78.0,0.05,0.075,0.034,0.07,1.136,1.326,4.202,3.03,1.375,2.085,82.221,7.214,2.515,1.548,,
302,Nicolo Pereira,27,W,Brentford,Premier League,England,1,30,22,2648,29.8,106.0,0.26,0.221,0.218,0.231,3.259,2.736,1.715,1.051,0.438,0.872,86.87,5.529,8.171,4.581,,
303,Virgil Musah,22,FB,Liverpool,Premier League,England,1,24,19,2092,67.1,105.0,0.068,0.17,0.068,0.185,1.444,2.381,3.491,2.102,0.999,2.158,94.288,6.384,5.965,2.554,,
304,Yves Taylor,32,GK,Everton,Premier League,England,1,17,16,1494,18.8,39.0,0.006,0.012,0.006,0.007,0.03,0.392,0.179,0.156,0.067,0.216,83.788,2.798,0.668,0.144,87.237,40.687
305,Nicolo de Ligt,28,DM,Ipswich,Premier League,England,1,16,14,1393,34.1,70.0,0.047,0.064,0.039,0.084,1.292,1.825,4.215,3.168,1.569,2.56,82.502,6.721,2.83,1.573,,
306,Raphael Saka,19,CM,Arsenal,Premier League,England,1,12,11,1051,47.1,111.0,0.175,0.167,0.174,0.186,2.322,2.005,3.363,2.545,1.935,2.459,97.403,9.404,4.943,2.528,,
307,Marco Ricci,21,FB,Nottm Forest,Premier League,England,1,9,7,778,27.3,85.0,0.066,0.125,0.058,0.138,1.207,1.856,3.116,1.851,1.125,1.473,88.162,7.385,5.31,1.852,,
308,Takumi Visser,22,W,Tottenham,Premier League,England,1,23,18,1984,69.5,146.0,0.338,0.266,0.396,0.272,4.735,3.046,2.235,1.201,0.72,1.071,81.894,6.136,9.04,5.837,,
309,Ansu Ricci,25,DM,Chelsea,Premier League,England,1,33,27,2935,31.4,78.0,0.048,0.088,0.054,0.097,1.022,1.52,4.544,2.962,1.353,2.487,83.54,9.914,3.63,1.498,,
310,Goncalo Ferrari,34,GK,Manchester City,Premier League,England,1,34,29,3013,13.9,33.0,0.006,0.016,0.007,0.006,0.039,0.321,0.236,0.223,0.062,0.26,67.557,3.193,0.701,0.149,64.107,45.422
311,Hiroki Piatek,26,FB,Brentford,Premier League,England,1,10,8,820,7.8,19.0,0.05,0.101,0.036,0.102,1.006,1.641,2.492,1.714,0.889,1.659,72.368,5.735,4.024,1.571,,
312,Nicolo Kostic,22,FB,Ipswich,Premier League,England,1,32,28,2879,51.0,179.0,0.081,0.144,0.047,0.156,1.145,1.941,3.482,1.649,1.226,2.048,96.401,7.444,5.661,2.136,,
313,Rafael Musiala,23,CM,Manchester United,Premier League,England,1,29,26,2563,36.8,82.0,0.113,0.145,0.125,0.16,2.229,2.426,2.68,1.722,1.44,1.714,78.023,8.441,4.718,2.254,,
314,Ritsu Visser,29,CM,Leicester,Premier League,England,1,16,13,1414,21.0,73.0,0.161,0.181,0.101,0.146,1.683,1.778,2.347,1.45,1.395,2.103,92.618,9.937,4.405,1.905,,
315,Rodri Mendes,28,AM,West Ham,Premier League,England,1,21,14,1867,61.4,156.0,0.373,0.346,0.242,0.267,4.05,4.529,1.38,1.664,0.853,1.63,80.886,9.937,8.97,4.729,,
316,Sandro Kim,26,CB,Manchester City,Premier League,England,1,29,20,2589,22.9,78.0,0.074,0.047,0.055,0.046,0.765,0.547,2.45,1.818,1.887,4.147,93.268,5.775,2.107,0.496,,
317,Ivan Brown,29,FB,Liverpool,Premier League,England,1,28,21,2469,29.1,86.0,0.053,0.116,0.062,0.161,1.045,2.186,3.553,1.729,1.199,2.026,84.015,7.718,4.763,2.101,,
318,Christian Gudelj,27,CB,Ipswich,Premier League,England,1,23,17,2042,18.4,73.0,0.06,0.049,0.058,0.046,0.95,0.576,2.552,2.163,1.746,3.257,99.563,5.774,1.852,0.452,,
319,Pierre Musiala,31,ST,Manchester United,Premier League,England,1,23,17,1990,30.4,76.0,0.418,0.137,0.489,0.152,4.393,1.495,1.01,0.671,0.361,3.469,73.644,3.322,3.627,2.918,,
320,Lucas Wagner,20,ST,Leicester,Premier League,England,1,22,16,1950,41.8,130.0,0.653,0.17,0.464,0.135,3.958,1.298,0.861,0.678,0.419,3.865,87.633,3.966,3.025,2.523,,
321,Kai Wirtz,30,CB,West Ham,Premier League,England,1,11,9,948,35.2,128.0,0.101,0.061,0.074,0.059,0.922,0.649,2.73,2.352,1.682,3.949,81.675,5.623,2.494,0.69,,
322,Patrick Taylor,23,CM,Brighton,Premier League,England,1,31,26,2726,32.0,56.0,0.106,0.166,0.153,0.21,1.698,2.334,2.284,2.161,1.455,2.112,76.643,8.337,4.92,2.432,,
323,Leandro Lewandowski,29,DM,Manchester United,Premier League,England,1,35,26,3080,11.2,25.0,0.041,0.06,0.031,0.081,0.927,1.479,3.611,2.227,1.406,1.939,85.326,7.05,2.712,1.317,,
324,Romelu Pereira,26,CM,Manchester United,Premier League,England,1,14,11,1239,33.7,86.0,0.149,0.199,0.118,0.178,1.997,2.079,2.176,1.966,1.43,1.567,95.433,10.425,4.484,2.338,,
325,Marc Camara,30,FB,Fulham,Premier League,England,1,34,32,3007,23.2,35.0,0.064,0.148,0.038,0.131,1.11,1.577,3.459,1.958,1.178,1.744,76.619,6.544,5.94,1.732,,
326,Leo Hernandez,24,W,Wolves,Premier League,England,1,21,17,1846,24.7,56.0,0.294,0.177,0.243,0.201,3.053,2.3,2.077,1.051,0.515,0.962,70.407,5.327,7.363,4.306,,
327,Nicolo King,27,CB,Manchester City,Premier League,England,1,13,11,1140,14.0,39.0,0.056,0.042,0.049,0.041,0.782,0.681,2.573,2.077,1.818,3.628,95.769,4.417,1.631,0.447,,
328,Darwin Muller,26,CB,Chelsea,Premier League,England,1,22,19,1934,51.6,94.0,0.082,0.044,0.089,0.06,0.947,0.808,3.497,2.608,2.102,4.027,91.895,6.133,2.475,0.568,,
329,Karim Lookman,23,CB,Fulham,Premier League,England,1,30,23,2693,46.0,144.0,0.097,0.069,0.06,0.061,0.926,0.827,2.588,2.123,1.872,4.071,96.252,7.033,2.52,0.789,,
330,Bruno Jones,20,CB,Fulham,Premier League,England,1,6,4,507,17.3,58.0,0.085,0.044,0.055,0.049,1.036,0.687,2.216,1.836,2.013,3.595,80.662,4.627,2.162,0.628,,
331,Andre Araujo,27,FB,Crystal Palace,Premier League,England,1,8,5,635,28.6,92.0,0.079,0.143,0.058,0.142,1.2,1.695,3.827,1.562,1.307,1.428,87.421,8.045,4.58,2.553,,
332,Andre Romano,27,CB,Liverpool,Premier League,England,1,34,24,2978,9.6,36.0,0.061,0.041,0.049,0.044,0.911,0.549,2.413,2.211,1.444,3.48,88.974,5.141,1.823,0.562,,
333,Leandro de Jong,22,AM,Tottenham,Premier League,England,1,7,5,561,29.7,80.0,0.289,0.227,0.278,0.214,2.721,2.953,1.317,1.024,0.73,1.044,77.898,7.598,6.743,4.064,,
334,Axel Aaronson,27,FB,Brentford,Premier League,England,1,14,12,1221,65.3,197.0,0.091,0.149,0.087,0.16,1.52,2.283,3.3,1.762,1.068,2.615,73.035,8.28,6.0,2.014,,
335,Alejandro Bentancur,24,AM,Southampton,Premier League,England,1,7,5,593,38.3,116.0,0.298,0.288,0.292,0.275,3.642,3.582,1.664,1.203,0.748,1.356,77.108,8.251,7.029,4.188,,
336,Timothy Mendes,29,CB,Aston Villa,Premier League,England,1,8,6,685,10.1,23.0,0.051,0.03,0.059,0.036,0.918,0.524,2.631,2.044,1.906,2.721,78.364,4.563,1.42,0.44,,
337,Federico Minamino,22,CM,Ipswich,Premier League,England,1,17,11,1462,66.7,164.0,0.141,0.179,0.129,0.215,2.428,2.34,2.795,2.111,1.378,2.413,94.259,10.693,4.743,1.831,,
338,Marco Wagner,27,GK,Ipswich,Premier League,England,1,19,16,1631,5.1,8.0,0.004,0.007,0.003,0.004,0.024,0.283,0.122,0.142,0.042,0.137,63.035,2.228,0.476,0.089,62.677,31.279
339,Dusan de Ligt,24,AM,Leicester,Premier League,England,1,7,6,572,91.9,244.0,0.389,0.379,0.346,0.355,2.681,4.21,1.53,1.294,0.845,1.403,94.694,8.261,7.46,4.075,,
340,Andre Fernandez,23,ST,Chelsea,Premier League,England,1,12,9,1004,17.3,52.0,0.434,0.123,0.403,0.135,3.559,1.449,0.825,0.452,0.309,3.561,82.937,3.138,3.735,2.287,,
341,Paulo Palmer,23,CM,Wolves,Premier League,England,1,26,19,2300,27.7,90.0,0.124,0.171,0.137,0.176,1.706,1.858,2.281,1.829,1.587,1.861,80.154,8.301,4.013,1.927,,
342,Neymar Araujo,24,GK,Crystal Palace,Premier League,England,1,17,12,1492,10.2,32.0,0.005,0.011,0.005,0.005,0.029,0.345,0.145,0.121,0.052,0.177,86.054,2.622,0.586,0.095,64.485,29.476
343,Marcelo Valverde,31,W,Everton,Premier League,England,1,33,29,2948,55.4,180.0,0.354,0.227,0.331,0.229,3.897,2.384,1.935,1.525,0.767,0.989,78.44,5.961,8.163,4.465,,
344,Rayan Colombo,30,GK,Bournemouth,Premier League,England,1,9,6,765,42.3,91.0,0.008,0.016,0.009,0.008,0.032,0.326,0.159,0.161,0.079,0.183,82.932,2.627,0.628,0.168,70.828,48.105
345,Thomas Odegaard,24,CB,Newcastle,Premier League,England,1,26,21,2311,52.7,183.0,0.097,0.06,0.067,0.063,0.943,0.861,2.672,2.431,1.789,4.362,87.82,5.984,2.791,0.618,,
346,Mohamed Walker,26,ST,West Ham,Premier League,England,1,20,15,1741,30.9,84.0,0.553,0.14,0.52,0.124,3.692,1.404,1.132,0.513,0.362,3.49,80.891,3.558,3.64,2.418,,
347,Eduardo Romano,29,DM,Tottenham,Premier League,England,1,14,12,1230,18.7,33.0,0.045,0.066,0.03,0.079,1.12,1.444,3.318,2.229,1.422,1.959,82.376,8.612,2.805,1.187,,
348,Axel Jones,23,AM,Manchester City,Premier League,England,1,15,13,1345,59.8,201.0,0.355,0.324,0.317,0.284,3.724,3.508,1.865,1.473,0.738,1.187,87.299,10.066,6.5,5.079,,
349,Marc Araujo,24,FB,Manchester City,Premier League,England,1,9,8,798,25.6,91.0,0.069,0.118,0.048,0.148,1.035,2.035,3.479,1.349,1.091,1.965,74.145,7.367,4.312,2.453,,
350,Rafa Davies,22,DM,Ipswich,Premier League,England,1,32,24,2857,30.7,99.0,0.055,0.078,0.038,0.074,0.938,1.478,4.059,2.515,1.246,1.916,93.179,8.01,2.577,1.461,,
351,Thomas Hegazi,29,CB,Southampton,Premier League,England,1,36,25,3231,11.6,22.0,0.063,0.047,0.056,0.038,0.941,0.621,1.896,2.095,1.435,3.403,79.615,5.686,1.704,0.511,,
352,Marcus Zurkowski,29,FB,Leicester,Premier League,England,1,12,11,1009,67.8,102.0,0.106,0.193,0.068,0.221,1.669,2.441,3.525,2.724,1.328,1.78,73.699,8.554,5.912,2.52,,
353,Charles Ramirez,23,CB,Fulham,Premier League,England,1,12,9,1023,55.5,209.0,0.121,0.061,0.083,0.059,1.162,0.863,3.67,2.654,2.283,4.286,87.305,8.573,3.45,0.771,,
354,Trent Ferrari,23,CM,Bournemouth,Premier League,England,1,19,17,1693,54.3,133.0,0.193,0.209,0.162,0.234,2.256,2.339,3.075,2.033,1.743,2.295,86.811,10.206,4.43,2.675,,
355,Serge Bentancur,29,FB,Leicester,Premier League,England,1,18,15,1586,9.2,15.0,0.052,0.114,0.051,0.13,0.99,1.322,2.82,1.549,0.888,1.383,73.249,5.926,4.291,1.896,,
356,Alejandro Romano,22,FB,Newcastle,Premier League,England,1,35,25,3146,21.1,71.0,0.062,0.119,0.055,0.134,0.898,1.57,2.851,1.315,0.846,1.823,90.283,6.157,4.184,2.029,,
357,Goncalo Konaté,30,W,Aston Villa,Premier League,England,1,33,25,2910,25.4,60.0,0.282,0.219,0.315,0.239,3.125,2.127,1.999,1.033,0.511,1.276,76.076,4.684,7.472,4.284,,
358,Sofiane Musiala,29,CM,Liverpool,Premier League,England,1,36,34,3224,21.1,58.0,0.129,0.149,0.104,0.164,1.685,2.137,2.531,1.598,1.3,1.47,77.815,9.723,3.809,2.12,,
359,Khvicha Skov,25,ST,Brighton,Premier League,England,1,22,17,1912,14.4,55.0,0.462,0.133,0.475,0.125,4.612,1.402,0.762,0.59,0.335,3.66,86.896,4.052,3.303,2.33,,
360,Vitinha Muller,26,CB,Brighton,Premier League,England,1,21,19,1829,42.0,89.0,0.11,0.047,0.065,0.063,1.246,0.922,2.944,2.945,1.743,5.107,96.047,5.688,2.186,0.531,,
361,Marcus Russo,30,CM,Aston Villa,Premier League,England,1,27,20,2361,22.2,50.0,0.137,0.166,0.137,0.171,1.502,2.201,2.336,1.661,1.322,1.769,94.52,8.91,3.84,2.082,,
362,Romelu Santos,23,W,West Ham,Premier League,England,1,23,21,2017,59.5,148.0,0.518,0.22,0.359,0.331,3.307,3.004,1.685,1.031,0.726,1.302,94.917,7.0,9.983,5.468,,
363,Pau Costa,24,FB,Southampton,Premier League,England,1,24,19,2092,14.8,37.0,0.046,0.109,0.041,0.156,0.878,1.745,3.185,1.455,1.045,2.025,88.325,5.924,5.757,1.904,,
364,Joshua van Dijk,32,GK,Tottenham,Premier League,England,1,7,5,564,26.6,89.0,0.007,0.015,0.008,0.007,0.044,0.405,0.209,0.223,0.076,0.188,84.724,3.062,0.845,0.142,83.894,34.535
365,Frenkie Skov,23,AM,Bournemouth,Premier League,England,1,21,18,1869,92.0,317.0,0.402,0.354,0.335,0.343,3.372,4.677,1.602,1.507,0.895,1.431,85.375,11.006,8.002,5.564,,
366,Ibrahim Rossi,21,CB,Leicester,Premier League,England,1,35,30,3073,38.3,100.0,0.109,0.044,0.081,0.045,0.857,0.905,2.539,2.217,2.496,4.515,83.916,6.516,2.384,0.605,,
367,Frenkie Meyer,25,CM,Crystal Palace,Premier League,England,1,6,4,526,26.3,66.0,0.126,0.13,0.122,0.168,1.681,1.957,2.4,1.844,1.297,1.61,96.643,9.657,4.729,2.377,,
368,Marcus Palmer,29,AM,Ipswich,Premier League,England,1,11,9,978,27.4,97.0,0.313,0.234,0.227,0.295,3.096,3.78,1.503,0.925,0.871,1.195,94.185,7.536,7.727,3.271,,
369,Marco Park,23,ST,Manchester United,Premier League,England,1,25,22,2193,43.6,147.0,0.654,0.177,0.488,0.184,4.787,1.324,0.97,0.741,0.407,4.264,78.665,4.017,4.285,3.95,,
370,Carlos Gudelj,23,CM,West Ham,Premier League,England,1,35,31,3064,22.4,37.0,0.099,0.192,0.122,0.216,2.185,2.145,2.488,1.581,1.42,1.931,86.219,8.271,4.05,2.034,,
371,Victor Alves,27,DM,Bournemouth,Premier League,England,1,33,30,2956,4.6,11.0,0.033,0.057,0.032,0.065,0.823,1.148,2.808,1.916,1.315,1.792,98.543,6.54,2.266,0.929,,
372,Angel Visser,22,AM,Bournemouth,Premier League,England,1,27,25,2395,44.6,81.0,0.288,0.242,0.239,0.255,3.054,3.765,1.723,1.045,0.802,0.907,84.761,8.187,7.493,3.909,,
373,Gabriel Silva,21,FB,Wolves,Premier League,England,1,16,10,1397,44.7,142.0,0.075,0.123,0.065,0.157,1.196,1.88,2.736,2.158,1.405,1.851,80.231,8.014,5.595,2.497,,
374,Charles Walker,28,W,Manchester United,Premier League,England,1,25,24,2225,44.0,163.0,0.362,0.209,0.288,0.217,3.563,3.304,2.492,0.942,0.49,1.112,88.347,6.453,9.846,6.047,,
375,Nicolas Grimaldo,26,CM,Chelsea,Premier League,England,1,7,4,603,47.1,126.0,0.187,0.187,0.148,0.198,2.742,2.956,3.172,1.733,2.221,1.827,88.946,10.091,3.93,2.506,,
376,Rafa Wagner,23,CM,Manchester City,Premier League,England,1,15,13,1344,29.7,90.0,0.184,0.188,0.129,0.182,2.202,2.646,3.443,1.952,1.699,1.873,84.488,10.137,3.978,2.367,,
377,Emil Szczesny,17,ST,Leicester,Premier League,England,1,20,14,1777,34.7,74.0,0.474,0.215,0.537,0.193,5.298,1.984,1.476,0.683,0.452,5.227,73.104,4.469,3.489,3.429,,
378,Luis Ricci,21,CM,Crystal Palace,Premier League,England,1,30,25,2672,29.2,105.0,0.105,0.155,0.127,0.18,1.993,2.15,3.136,2.179,1.644,1.74,99.709,8.878,4.324,2.476,,
379,Ismail Rice,28,CM,Ipswich,Premier League,England,1,26,22,2305,34.2,115.0,0.138,0.18,0.158,0.186,1.71,2.192,3.003,1.916,1.472,2.11,99.699,10.511,3.927,2.616,,
380,Andre Torres,30,CM,West Ham,Premier League,England,1,30,26,2663,35.5,127.0,0.157,0.211,0.141,0.176,2.459,2.424,2.67,1.847,1.641,1.644,79.506,8.921,4.251,2.444,,
381,Tomas Diallo,25,W,Southampton,Premier League,England,1,23,19,2030,16.3,43.0,0.359,0.204,0.315,0.254,3.19,2.215,1.894,0.915,0.428,1.084,68.931,4.505,7.286,4.026,,
382,Khvicha Martinez,23,AM,Manchester City,Premier League,England,1,22,17,1932,46.7,102.0,0.332,0.266,0.308,0.285,3.267,3.945,1.567,1.015,0.673,1.138,74.626,7.791,6.238,4.5,,
383,Pau Meyer,34,CM,Brighton,Premier League,England,1,13,9,1085,20.4,39.0,0.125,0.175,0.125,0.202,2.698,2.585,3.615,1.867,1.586,2.024,96.389,11.244,6.259,2.873,,
384,Marcelo Bentancur,28,W,Leicester,Premier League,England,1,33,23,2903,25.1,56.0,0.261,0.194,0.309,0.196,3.112,2.636,1.492,1.03,0.557,1.015,79.742,4.509,7.687,4.782,,
385,Christian Muller,32,W,Chelsea,Premier League,England,1,34,23,2979,29.2,114.0,0.379,0.212,0.324,0.205,3.665,3.104,1.778,1.143,0.5,1.161,72.391,5.85,8.522,4.868,,
386,Simon Osimhen,22,AM,Chelsea,Premier League,England,1,19,17,1688,28.2,110.0,0.305,0.219,0.283,0.301,2.943,3.689,1.394,0.874,0.825,0.908,91.214,6.623,7.056,3.301,,
387,Raphael Becker,26,DM,Wolves,Premier League,England,1,15,14,1337,39.9,69.0,0.053,0.085,0.051,0.101,1.093,1.581,4.584,2.426,1.559,2.247,86.478,8.305,2.894,1.499,,
388,Pierre Meyer,25,FB,Brighton,Premier League,England,1,36,33,3193,9.6,22.0,0.057,0.126,0.032,0.132,0.829,1.639,2.412,1.238,0.839,1.518,82.42,6.253,3.983,1.62,,
389,Bukayo Bellingham,25,CB,Newcastle,Premier League,England,1,12,9,1004,24.3,85.0,0.094,0.06,0.069,0.055,0.822,0.756,2.446,2.495,1.746,4.805,88.811,6.068,2.09,0.542,,
390,Takumi Costa,24,DM,Everton,Premier League,England,1,32,23,2811,19.9,42.0,0.056,0.08,0.03,0.087,1.224,1.282,3.365,3.237,1.577,2.255,83.431,8.663,2.665,1.279,,
391,Antoine Walker,26,FB,Liverpool,Premier League,England,1,12,8,1037,28.1,49.0,0.066,0.13,0.054,0.133,0.983,2.09,3.616,1.523,1.061,1.425,78.53,6.767,6.219,1.677,,
392,Declan Rice,30,FB,Nottm Forest,Premier League,England,1,26,23,2336,15.3,46.0,0.054,0.12,0.044,0.122,0.893,1.789,2.967,1.488,0.925,1.823,77.535,5.547,5.508,2.124,,
393,Davide Aaronson,22,CB,Everton,Premier League,England,1,33,32,2951,21.4,84.0,0.061,0.043,0.042,0.041,0.662,0.679,2.152,1.586,1.47,2.731,93.581,5.036,2.084,0.475,,
394,Axel Park,29,W,Everton,Premier League,England,1,35,32,3103,47.1,78.0,0.366,0.22,0.338,0.243,2.89,2.9,1.596,1.178,0.588,1.232,78.645,6.596,8.438,4.911,,
395,Diego Taylor,22,CB,Brentford,Premier League,England,1,25,19,2170,50.8,77.0,0.075,0.058,0.066,0.055,0.861,0.801,2.624,2.742,1.886,4.408,89.676,5.387,2.66,0.578,,
396,Rodri Rice,24,FB,West Ham,Premier League,England,1,15,13,1297,62.3,127.0,0.107,0.165,0.068,0.172,1.32,2.334,3.04,2.275,1.354,2.129,80.34,7.674,5.467,2.629,,
397,Sergio Diallo,25,W,Newcastle,Premier League,England,1,35,27,3141,67.4,236.0,0.424,0.207,0.288,0.309,4.474,2.494,2.265,0.999,0.638,1.081,81.837,7.142,8.194,5.885,,
398,Amadou Jimenez,26,CB,Ipswich,Premier League,England,1,17,13,1461,9.3,23.0,0.06,0.043,0.051,0.042,0.774,0.577,2.468,1.917,1.62,3.436,76.142,4.628,1.65,0.381,,
399,Hiroki Foden,25,W,Bournemouth,Premier League,England,1,22,17,1963,26.1,45.0,0.294,0.169,0.28,0.22,3.865,2.667,1.669,1.183,0.505,0.976,81.735,5.418,9.151,4.252,,
400,Pablo Zurkowski,31,CM,Bournemouth,Premier League,England,1,17,12,1530,37.6,127.0,0.15,0.203,0.13,0.212,2.249,2.68,2.894,2.53,1.486,1.804,88.964,9.398,5.512,2.251,,
401,Kalidou Saka,25,AM,Wolves,Premier League,England,1,24,21,2147,57.6,128.0,0.348,0.302,0.381,0.367,4.034,3.46,1.947,1.361,0.878,1.421,87.977,7.709,7.892,5.311,,
402,David Oliveira,25,CB,Nottm Forest,Premier League,England,1,22,15,1965,18.8,54.0,0.061,0.057,0.054,0.047,0.865,0.667,2.482,1.972,1.623,4.107,83.196,5.115,2.25,0.553,,
403,Romelu Mane,24,CM,Bournemouth,Premier League,England,1,16,13,1393,36.9,72.0,0.171,0.16,0.108,0.175,1.793,2.118,3.006,1.771,1.813,1.539,82.153,10.666,5.625,2.561,,
404,Son Wilson,30,W,West Ham,Premier League,England,1,36,27,3188,72.3,163.0,0.346,0.248,0.311,0.292,3.239,2.949,2.262,1.094,0.694,1.096,96.623,7.552,7.857,5.345,,
405,Pau Diallo,30,CM,Manchester United,Premier League,England,1,24,23,2157,7.1,20.0,0.097,0.121,0.095,0.149,1.283,2.043,2.092,1.451,1.447,1.421,89.75,8.696,3.988,1.548,,
406,Leo Schmidt,30,AM,Everton,Premier League,England,1,8,5,712,28.3,70.0,0.26,0.246,0.234,0.216,2.866,3.782,1.432,0.941,0.691,1.098,72.744,7.18,7.517,3.912,,
407,Hugo Bellingham,19,CM,Fulham,Premier League,England,1,7,5,544,17.5,27.0,0.139,0.198,0.102,0.152,1.513,2.439,2.467,2.017,1.629,1.302,90.609,8.49,4.038,2.113,,
408,Ritsu Kim,25,AM,Arsenal,Premier League,England,1,16,13,1376,80.3,273.0,0.427,0.288,0.334,0.279,3.416,5.107,1.918,1.338,0.862,1.166,98.019,9.692,8.32,5.027,,
409,Mikel Williams,21,AM,Chelsea,Premier League,England,1,17,16,1526,49.8,178.0,0.254,0.284,0.284,0.261,3.64,4.504,1.746,0.929,0.786,1.214,76.018,7.869,7.237,4.016,,
410,Robert Minamino,30,CB,Manchester City,Premier League,England,1,8,6,643,41.2,160.0,0.094,0.06,0.075,0.08,1.001,0.845,3.021,2.605,2.029,3.987,103.531,7.955,2.186,0.701,,
411,Jonathan Santos,24,GK,Manchester United,Premier League,England,1,24,21,2086,34.4,92.0,0.007,0.01,0.006,0.008,0.03,0.336,0.248,0.201,0.063,0.216,80.701,3.197,0.563,0.133,80.594,40.471
412,Dusan Musah,21,W,Newcastle,Premier League,England,1,36,25,3193,39.9,112.0,0.322,0.206,0.282,0.238,3.624,3.268,2.004,1.181,0.535,0.873,92.845,5.494,8.142,5.158,,
413,Marcus Camara,28,GK,Bournemouth,Premier League,England,1,28,27,2444,6.4,21.0,0.006,0.011,0.004,0.005,0.019,0.295,0.117,0.115,0.048,0.114,75.106,1.918,0.57,0.09,75.048,33.436
414,Leroy Rossi,28,W,Manchester United,Premier League,England,1,22,15,1894,35.2,80.0,0.306,0.171,0.248,0.209,3.396,2.267,1.402,1.014,0.65,1.134,68.911,5.225,8.156,3.692,,
415,Tomas Iwobi,25,CB,Arsenal,Premier League,England,1,36,32,3172,6.5,16.0,0.048,0.044,0.057,0.042,0.661,0.521,2.631,1.803,1.456,3.14,97.183,4.553,1.435,0.439,,
416,Phil Minamino,30,AM,Aston Villa,Premier League,England,1,13,9,1092,20.9,53.0,0.34,0.198,0.219,0.221,2.587,3.4,1.476,1.308,0.73,1.006,71.996,7.544,6.809,4.5,,
417,Hiroki Ramirez,22,ST,Tottenham,Premier League,England,1,27,23,2387,28.4,78.0,0.384,0.097,0.488,0.126,3.361,1.631,0.969,0.475,0.289,3.181,81.073,3.398,3.616,1.965,,
418,Alexis Camara,26,CB,Manchester City,Premier League,England,1,28,24,2443,31.4,111.0,0.075,0.061,0.066,0.073,0.966,0.748,2.462,2.28,2.119,4.043,100.992,5.735,1.97,0.513,,
419,Alexander Lookman,30,AM,Ipswich,Premier League,England,1,8,5,694,70.4,113.0,0.351,0.402,0.307,0.314,3.585,5.175,1.846,1.333,0.708,1.658,97.083,9.453,8.799,4.782,,
420,Lucas Brown,26,CM,Chelsea,Premier League,England,1,14,12,1241,23.4,72.0,0.107,0.154,0.112,0.202,1.711,2.671,2.834,2.146,1.477,1.853,83.171,9.812,4.095,1.837,,
421,Marcus Kiwior,25,CB,Manchester United,Premier League,England,1,25,23,2168,16.1,41.0,0.083,0.043,0.061,0.042,0.748,0.852,2.103,1.994,2.099,3.844,88.958,5.624,2.15,0.493,,
422,Charles Hernandez,27,CM,Liverpool,Premier League,England,1,15,11,1262,22.9,62.0,0.121,0.13,0.129,0.182,1.527,1.885,2.566,1.889,1.529,1.668,84.821,9.125,4.811,2.087,,
423,Alexis Torres,27,FB,Arsenal,Premier League,England,1,29,24,2598,30.8,110.0,0.075,0.155,0.049,0.188,1.181,1.808,2.801,1.469,1.135,2.356,88.358,8.099,5.327,2.393,,
424,Matthijs Eriksen,25,CB,Tottenham,Premier League,England,1,20,14,1739,32.7,116.0,0.069,0.047,0.08,0.056,0.932,0.567,2.71,2.666,1.723,3.982,100.366,6.412,2.297,0.569,,
425,Kevin Eriksen,24,CB,Tottenham,Premier League,England,1,35,30,3103,56.8,206.0,0.078,0.06,0.076,0.082,1.038,0.666,3.123,2.58,2.019,3.582,85.441,6.461,2.643,0.662,,
426,Ferran Martinez,30,CB,Fulham,Premier League,England,1,8,6,668,59.3,127.0,0.082,0.062,0.091,0.055,1.131,0.861,2.924,3.301,2.077,4.007,85.233,7.788,3.289,0.528,,
427,Alexander Grimaldo,22,AM,Wolves,Premier League,England,1,8,6,681,22.4,44.0,0.242,0.247,0.221,0.25,2.177,2.771,1.606,0.913,0.632,1.159,83.56,8.4,5.728,3.402,,
428,Alexis Alves,30,W,Arsenal,Premier League,England,1,16,12,1410,32.2,81.0,0.341,0.209,0.271,0.217,3.545,3.078,2.066,1.125,0.633,0.97,82.064,4.364,6.162,3.749,,
429,Iker Colombo,26,W,Liverpool,Premier League,England,1,19,15,1645,19.5,54.0,0.296,0.209,0.284,0.246,2.714,2.572,1.645,0.845,0.543,1.033,85.131,5.328,8.235,4.182,,
430,Nabil Musiala,20,ST,Southampton,Premier League,England,1,18,16,1562,53.9,143.0,0.584,0.205,0.511,0.158,5.247,1.686,1.084,0.636,0.458,3.187,78.722,3.879,4.422,2.628,,
431,Goncalo Rice,27,CB,Fulham,Premier League,England,1,22,17,1957,13.7,38.0,0.059,0.048,0.058,0.055,0.752,0.672,2.675,2.414,2.039,3.77,92.411,5.056,1.968,0.521,,
432,Jonathan Nunez,23,FB,Crystal Palace,Premier League,England,1,25,20,2161,31.5,66.0,0.08,0.111,0.069,0.142,0.945,2.29,3.036,2.005,1.104,1.554,93.206,5.563,5.357,1.742,,
433,Adama Ricci,28,CM,Brighton,Premier League,England,1,24,21,2122,6.0,20.0,0.095,0.118,0.09,0.162,1.418,2.056,2.576,1.664,1.389,1.547,80.93,8.794,3.309,1.828,,
434,Kalidou Johnson,26,CM,Wolves,Premier League,England,1,27,19,2393,20.2,50.0,0.11,0.164,0.106,0.192,1.444,1.741,2.646,1.479,1.557,1.523,75.744,10.11,3.968,1.997,,
435,Joao Onyeka,25,GK,Manchester United,Premier League,England,1,35,31,3098,35.1,116.0,0.007,0.014,0.005,0.007,0.033,0.45,0.193,0.174,0.061,0.191,96.565,3.314,0.551,0.158,67.444,45.844
436,Ryan Saka,32,DM,Fulham,Premier League,England,1,20,17,1712,23.4,57.0,0.037,0.072,0.046,0.103,1.116,1.204,3.701,2.54,1.547,2.411,80.019,8.58,3.133,1.727,,
437,Amadou Gonzalez,32,CB,Arsenal,Premier League,England,1,31,30,2772,21.8,39.0,0.087,0.053,0.068,0.063,0.926,0.613,2.922,2.84,2.027,3.065,102.372,7.376,1.794,0.507,,
438,Vinicius Musah,22,DM,Manchester United,Premier League,England,1,28,22,2487,38.8,70.0,0.047,0.074,0.039,0.068,1.172,1.457,4.018,2.129,1.518,2.457,95.853,8.117,2.885,1.03,,
439,Yves Gonzalez,25,ST,Nottm Forest,Premier League,England,1,24,22,2100,52.5,194.0,0.709,0.126,0.574,0.16,4.485,1.69,1.331,0.543,0.409,3.854,86.568,4.569,4.808,2.747,,
440,Youssef Rossi,27,FB,Arsenal,Premier League,England,1,16,10,1395,7.7,28.0,0.043,0.091,0.043,0.125,0.818,1.7,2.614,1.386,0.772,1.617,88.352,5.605,4.795,1.668,,
441,Robin Fischer,26,GK,Brentford,Premier League,England,1,33,22,2901,35.6,137.0,0.006,0.014,0.006,0.009,0.03,0.436,0.213,0.202,0.057,0.213,74.208,3.004,0.677,0.127,66.594,35.499
442,Pierre Mane,32,W,Southampton,Premier League,England,1,13,9,1151,45.0,76.0,0.439,0.287,0.397,0.29,3.232,3.383,1.7,1.204,0.754,1.095,80.16,6.736,8.138,5.21,,
443,Angel Brown,29,CM,Fulham,Premier League,England,1,36,25,3167,33.9,71.0,0.119,0.213,0.12,0.241,1.774,1.979,3.41,1.894,1.811,2.103,83.255,9.223,4.492,2.433,,
444,Mikel Jones,17,FB,Fulham,Premier League,England,1,8,6,658,32.2,98.0,0.099,0.175,0.054,0.158,0.961,1.875,3.91,1.696,1.049,2.345,101.171,7.512,5.823,2.196,,
445,Luka Mendes,20,CB,Crystal Palace,Premier League,England,1,29,24,2532,21.8,34.0,0.062,0.051,0.056,0.055,0.712,0.703,2.396,2.13,1.982,3.605,81.471,5.81,2.033,0.509,,
446,Pierre Andersen,26,FB,Newcastle,Premier League,England,1,22,17,1930,78.0,240.0,0.111,0.169,0.066,0.198,1.293,2.409,3.386,2.244,1.235,2.453,74.934,7.401,6.313,2.404,,
447,Mohamed Diaz,30,CB,West Ham,Premier League,England,1,18,13,1531,44.2,169.0,0.076,0.043,0.074,0.051,1.103,0.812,3.482,1.918,1.994,4.011,91.29,5.9,2.433,0.59,,
448,Pedri Marino,32,W,Wolves,Premier League,England,1,21,19,1840,38.2,120.0,0.35,0.291,0.417,0.261,3.472,2.998,2.699,1.243,0.768,1.117,79.652,6.857,10.291,5.208,,
449,Robert Dembélé,25,CB,Arsenal,Premier League,England,1,7,6,629,36.1,60.0,0.101,0.045,0.064,0.042,0.779,0.751,2.576,2.288,1.598,4.128,88.612,5.348,2.078,0.453,,
450,Jamal Aaronson,22,FB,Brighton,Premier League,England,1,29,24,2521,37.7,125.0,0.067,0.139,0.042,0.14,1.1,1.872,3.192,1.925,1.101,1.49,84.562,6.274,4.794,2.256,,
451,Achraf Hernandez,26,GK,Tottenham,Premier League,England,1,14,13,1219,11.5,21.0,0.005,0.01,0.006,0.005,0.026,0.304,0.158,0.153,0.044,0.174,77.519,2.594,0.643,0.116,75.086,32.494
452,Iker Rice,31,W,Brentford,Premier League,England,1,12,9,1019,16.3,48.0,0.296,0.169,0.302,0.194,2.779,2.208,1.731,0.948,0.488,1.218,84.391,4.781,6.537,4.588,,
453,Lucas Minamino,25,CM,Nottm Forest,Premier League,England,1,32,22,2830,32.3,92.0,0.138,0.196,0.138,0.184,2.134,2.241,3.051,1.972,1.46,1.879,78.258,9.027,4.771,2.477,,
454,Dani Pereira,20,CB,Brentford,Premier League,England,1,17,14,1460,32.9,115.0,0.062,0.064,0.085,0.059,1.109,0.832,2.803,2.711,1.634,4.779,103.752,6.812,1.802,0.551,,
455,Rafa Sobhi,22,AM,Manchester City,Premier League,England,1,32,23,2829,8.2,29.0,0.187,0.16,0.194,0.199,2.391,3.026,1.156,0.819,0.614,0.849,90.715,6.589,6.237,2.885,,
456,Amadou Russo,25,FB,Manchester City,Premier League,England,1,7,6,553,41.6,85.0,0.085,0.159,0.061,0.15,1.138,1.953,3.899,2.184,1.2,2.014,78.062,7.473,5.224,1.999,,
457,Matteo Garcia,32,ST,Manchester United,Premier League,England,1,18,12,1603,14.9,35.0,0.46,0.137,0.466,0.137,4.397,1.732,1.022,0.521,0.37,3.795,86.273,2.878,3.877,2.677,,
458,Nabil Araujo,23,FB,Southampton,Premier League,England,1,14,12,1254,43.5,146.0,0.079,0.152,0.047,0.169,1.287,1.847,3.003,1.972,1.166,1.693,87.031,8.035,5.497,2.704,,
459,Marco Lindstrom,24,ST,Aston Villa,Premier League,England,1,31,23,2781,35.5,123.0,0.569,0.158,0.463,0.149,4.088,1.74,1.169,0.589,0.396,3.49,80.288,3.615,3.95,2.465,,
460,Simon Tah,28,CM,Chelsea,Premier League,England,1,8,5,712,37.7,107.0,0.142,0.188,0.127,0.235,1.849,2.761,2.741,1.903,1.946,2.114,79.546,7.821,4.837,2.293,,
461,Ivan Zielinski,22,FB,Newcastle,Premier League,England,1,31,27,2708,53.4,204.0,0.083,0.159,0.065,0.174,1.218,2.108,3.094,2.213,1.485,2.347,96.925,7.362,5.657,2.38,,
462,Takumi Mane,20,ST,Arsenal,Premier League,England,1,35,28,3144,34.1,94.0,0.426,0.148,0.428,0.142,4.608,1.166,1.043,0.595,0.342,4.612,69.791,4.143,3.791,3.06,,
463,Hiroki Suarez,24,FB,Tottenham,Premier League,England,1,19,17,1684,39.8,91.0,0.079,0.147,0.071,0.179,1.089,2.144,3.749,1.841,0.91,2.176,74.828,6.888,4.338,2.362,,
464,Jude Salah,22,CB,Ipswich,Premier League,England,1,36,28,3216,5.4,17.0,0.041,0.039,0.036,0.032,0.685,0.551,2.333,1.756,1.758,2.697,89.865,5.025,1.676,0.33,,
465,Vitinha Visser,29,CM,Aston Villa,Premier League,England,1,34,29,3047,26.5,69.0,0.128,0.182,0.126,0.135,1.39,2.346,2.889,1.683,1.479,1.639,99.041,9.037,4.477,1.939,,
466,Son Brown,28,DM,Leicester,Premier League,England,1,36,34,3216,18.9,41.0,0.056,0.078,0.038,0.079,0.884,1.589,3.717,2.398,1.289,2.008,92.707,8.816,3.376,1.216,,
467,Cody Costa,21,FB,Manchester City,Premier League,England,1,27,21,2402,41.9,95.0,0.06,0.17,0.049,0.136,1.161,2.055,3.056,1.965,1.123,1.914,95.002,8.596,5.159,1.855,,
468,Toby Oliveira,31,AM,Liverpool,Premier League,England,1,36,28,3171,10.1,25.0,0.194,0.25,0.261,0.263,3.182,2.634,1.181,1.075,0.584,0.995,73.259,7.232,6.906,3.201,,
469,Mikel Costa,24,DM,Brighton,Premier League,England,1,8,7,681,8.4,29.0,0.03,0.062,0.028,0.057,0.848,1.323,3.801,2.045,1.247,1.748,88.048,6.207,2.067,1.033,,
470,Rafa Touré,26,AM,Tottenham,Premier League,England,1,27,23,2407,26.3,45.0,0.231,0.211,0.28,0.291,2.532,3.202,1.485,0.95,0.661,1.135,86.856,7.557,6.745,3.26,,
471,Ismail Wirtz,26,CB,Tottenham,Premier League,England,1,13,10,1153,15.0,32.0,0.056,0.049,0.06,0.048,0.807,0.614,2.439,2.489,1.597,3.299,78.841,5.033,2.137,0.468,,
472,Declan Jovic,27,FB,Southampton,Premier League,England,1,24,18,2146,38.2,128.0,0.056,0.169,0.061,0.156,1.126,1.688,3.218,2.074,1.053,1.897,85.696,7.487,5.231,2.233,,
473,James Walker,27,FB,Wolves,Premier League,England,1,30,25,2633,15.7,61.0,0.047,0.115,0.041,0.124,1.106,1.429,3.018,1.767,0.835,1.756,92.79,6.154,4.242,2.051,,
474,Florian Nunez,31,FB,Liverpool,Premier League,England,1,31,22,2787,22.6,39.0,0.061,0.145,0.053,0.113,1.038,1.67,2.949,1.949,1.004,1.538,86.925,6.272,4.783,2.086,,
475,Joshua Iwobi,26,ST,Nottm Forest,Premier League,England,1,22,18,1900,7.6,26.0,0.355,0.104,0.421,0.087,4.037,1.129,0.733,0.372,0.321,3.416,81.038,3.075,2.943,1.764,,
476,Daniel Brown,25,DM,Ipswich,Premier League,England,1,9,7,740,29.6,97.0,0.053,0.078,0.041,0.078,1.008,1.641,4.219,2.469,1.247,2.032,86.696,7.062,3.355,1.336,,
477,Nicolo Mane,26,AM,Liverpool,Premier League,England,1,29,22,2567,21.8,71.0,0.264,0.237,0.284,0.239,2.366,3.109,1.35,0.817,0.592,1.209,90.08,6.368,6.875,3.373,,
478,Marcus Park,27,AM,Liverpool,Premier League,England,1,31,27,2751,28.8,67.0,0.265,0.226,0.293,0.239,2.941,3.522,1.162,1.061,0.665,1.082,86.888,8.0,6.813,3.298,,
479,Rodri de Ligt,22,W,Manchester United,Premier League,England,1,36,29,3237,55.9,157.0,0.269,0.213,0.25,0.192,3.001,3.061,1.634,1.2,0.562,1.397,87.438,5.836,8.985,4.01,,
480,Max Touré,28,W,Manchester United,Premier League,England,1,31,21,2741,6.1,22.0,0.197,0.155,0.244,0.187,2.893,2.243,1.343,0.77,0.411,0.727,70.252,4.589,6.939,4.099,,
481,Cody Szczesny,24,FB,Manchester United,Premier League,England,1,24,16,2086,41.8,147.0,0.076,0.161,0.073,0.158,1.159,1.845,3.738,2.354,1.022,2.042,88.619,6.441,5.103,2.456,,
482,Jan Saka,24,FB,Manchester City,Premier League,England,1,17,13,1510,17.0,65.0,0.046,0.108,0.052,0.128,0.867,1.793,2.551,1.323,1.118,1.848,85.402,5.887,4.907,1.766,,
483,Jan Vlahovic,30,GK,Everton,Premier League,England,1,27,21,2400,40.8,76.0,0.009,0.017,0.006,0.007,0.048,0.3,0.235,0.191,0.067,0.194,78.616,2.865,0.921,0.17,69.964,45.366
484,Goncalo Wirtz,25,FB,Ipswich,Premier League,England,1,16,13,1377,9.1,27.0,0.05,0.115,0.046,0.143,0.944,1.524,3.105,1.372,0.757,1.462,89.14,6.275,5.016,2.124,,
485,Dusan Lewandowski,23,AM,Fulham,Premier League,England,1,25,22,2187,16.0,52.0,0.227,0.212,0.231,0.274,2.81,3.19,1.219,0.821,0.645,0.791,79.884,8.545,5.916,3.257,,
486,Amadou Reyna,19,W,Ipswich,Premier League,England,1,13,11,1090,2.0,6.0,0.246,0.138,0.212,0.144,2.031,2.069,1.264,0.596,0.381,0.735,79.119,4.54,5.259,3.973,,
487,Virgil McKennie,27,CB,Aston Villa,Premier League,England,1,19,16,1640,47.8,176.0,0.08,0.071,0.078,0.051,0.895,0.911,3.484,2.192,1.93,4.749,100.784,5.592,2.527,0.732,,
488,Mohamed Bentancur,22,CM,Brentford,Premier League,England,1,29,26,2568,111.1,313.0,0.22,0.186,0.168,0.278,2.144,3.45,3.624,2.075,2.026,2.059,82.231,11.119,5.07,3.45,,
489,Nicolo Walker,24,DM,Chelsea,Premier League,England,1,9,5,729,34.5,102.0,0.048,0.077,0.027,0.092,0.914,1.314,4.012,2.93,1.61,2.185,94.105,8.253,3.04,1.541,,
490,Takumi Hall,23,GK,Chelsea,Premier League,England,1,9,7,755,62.2,182.0,0.009,0.014,0.01,0.009,0.051,0.354,0.229,0.306,0.106,0.336,74.024,4.01,0.861,0.19,85.522,47.712
491,Marc Oliveira,29,CB,Ipswich,Premier League,England,1,27,18,2394,18.6,42.0,0.064,0.05,0.064,0.05,0.962,0.661,2.987,2.034,1.593,3.196,90.096,5.494,2.001,0.498,,
492,Ruben Oliveira,31,DM,Brighton,Premier League,England,1,23,15,2007,27.8,51.0,0.044,0.062,0.039,0.077,1.017,1.628,3.309,2.64,1.288,2.111,94.357,7.171,3.135,1.073,,
493,Thomas Salah,27,FB,Southampton,Premier League,England,1,19,17,1630,29.4,80.0,0.079,0.124,0.062,0.15,1.245,2.063,2.709,1.879,1.007,2.236,91.595,6.313,5.676,1.742,,
494,Jude Ferrari,23,W,Tottenham,Premier League,England,1,32,26,2826,19.1,59.0,0.298,0.189,0.266,0.221,2.899,2.852,2.073,1.044,0.59,1.057,81.978,5.049,7.29,4.664,,
495,Simon Ferrari,25,W,Brentford,Premier League,England,1,31,24,2749,83.2,149.0,0.518,0.314,0.292,0.277,4.043,2.715,2.25,1.636,0.855,1.416,81.025,6.723,11.11,6.537,,
496,Timothy Wagner,24,GK,Aston Villa,Premier League,England,1,28,20,2467,14.4,39.0,0.004,0.01,0.005,0.005,0.026,0.323,0.176,0.139,0.04,0.156,62.048,2.037,0.595,0.103,67.907,35.396
497,Yves Vlahovic,26,CB,Everton,Premier League,England,1,32,27,2843,27.5,104.0,0.086,0.071,0.093,0.077,0.825,0.73,2.573,2.811,2.051,3.696,92.102,5.563,2.322,0.661,,
498,Declan Russo,21,GK,Tottenham,Premier League,England,1,36,33,3238,61.8,228.0,0.007,0.019,0.008,0.007,0.044,0.421,0.2,0.229,0.064,0.224,70.771,2.838,0.867,0.18,65.414,44.372
499,Sandro Zielinski,23,CM,Everton,Premier League,England,1,29,25,2578,31.3,61.0,0.145,0.158,0.128,0.176,1.826,1.988,2.211,1.737,1.515,1.527,87.482,10.602,4.7,2.345,,
500,Eric Nunez,29,CM,Wolves,Premier League,England,1,31,22,2708,39.8,115.0,0.147,0.21,0.181,0.267,1.826,2.868,3.292,2.219,1.492,2.502,94.553,8.773,3.914,2.373,,
501,Lorenzo Park,29,CB,Almeria,La Liga,Spain,1,36,33,3227,62.8,144.0,0.114,0.085,0.068,0.075,0.809,0.93,3.714,2.404,2.352,3.589,101.089,6.508,2.802,0.669,,
502,Jonathan Costa,27,W,Real Betis,La Liga,Spain,1,26,19,2331,48.0,75.0,0.374,0.207,0.324,0.305,3.263,3.666,2.131,1.111,0.626,1.088,78.759,4.729,8.625,4.481,,
503,Diego Moreno,24,W,Sevilla,La Liga,Spain,1,12,10,1020,4.0,14.0,0.251,0.194,0.22,0.174,2.581,2.242,1.494,0.809,0.371,0.716,70.572,4.06,6.522,3.393,,
504,Gabriel Jovic,20,GK,Valencia,La Liga,Spain,1,9,7,794,4.7,14.0,0.005,0.009,0.005,0.004,0.021,0.254,0.136,0.117,0.044,0.143,66.802,2.372,0.475,0.094,80.183,33.928
505,Simon Alves,32,ST,Getafe,La Liga,Spain,1,12,8,1022,8.2,13.0,0.465,0.11,0.472,0.142,3.184,1.31,0.989,0.571,0.359,3.28,82.36,3.403,3.357,2.012,,
506,Toby Sousa,25,AM,Almeria,La Liga,Spain,1,16,12,1364,43.0,126.0,0.349,0.303,0.24,0.251,3.521,3.347,1.719,1.156,0.606,1.215,89.459,8.096,7.836,3.464,,
507,William Haaland,30,DM,Real Betis,La Liga,Spain,1,21,16,1806,29.3,103.0,0.06,0.087,0.038,0.082,1.101,1.395,4.152,3.168,1.633,1.922,84.398,7.05,3.782,1.6,,
508,Robert Jovic,25,FB,Athletic Bilbao,La Liga,Spain,1,13,11,1152,40.6,117.0,0.071,0.164,0.064,0.191,1.061,2.088,2.808,1.902,1.195,1.997,88.833,7.789,5.83,1.926,,
509,Diego Wirtz,29,CM,Mallorca,La Liga,Spain,1,32,26,2859,10.8,32.0,0.085,0.131,0.096,0.141,1.354,2.097,2.322,1.337,1.255,1.875,77.315,9.786,4.06,1.858,,
510,Luis Johnson,24,CB,Alaves,La Liga,Spain,1,24,21,2149,8.7,33.0,0.054,0.037,0.057,0.037,0.658,0.625,2.652,1.545,1.588,3.702,82.818,5.423,1.924,0.462,,
511,Kai Mendes,30,CM,Real Betis,La Liga,Spain,1,14,13,1238,20.1,67.0,0.158,0.199,0.147,0.198,1.536,2.578,2.732,1.628,1.881,2.016,82.46,10.42,4.51,2.173,,
512,Ryan Romano,26,ST,Valencia,La Liga,Spain,1,10,8,891,11.0,39.0,0.363,0.118,0.364,0.13,4.088,1.518,0.962,0.407,0.299,3.2,87.384,2.997,3.517,1.887,,
513,Marco Araujo,25,W,Getafe,La Liga,Spain,1,34,24,3054,66.6,181.0,0.369,0.3,0.393,0.345,3.692,3.091,2.655,1.117,0.808,1.309,73.624,7.221,7.701,6.9,,
514,Darwin Santos,17,ST,Athletic Bilbao,La Liga,Spain,1,20,13,1724,4.0,11.0,0.416,0.106,0.418,0.101,3.987,1.433,0.775,0.45,0.301,2.561,78.779,3.046,3.411,2.033,,
515,Frenkie Jones,29,AM,Sevilla,La Liga,Spain,1,32,30,2864,30.5,67.0,0.355,0.202,0.263,0.286,2.839,3.872,1.469,0.85,0.714,1.193,95.118,6.573,7.226,3.36,,
516,Joshua Wirtz,25,CB,Barcelona,La Liga,Spain,1,29,22,2562,4.6,15.0,0.047,0.034,0.043,0.035,0.648,0.546,2.144,1.604,1.383,3.63,98.757,4.17,1.273,0.421,,
517,Pierre Ricci,18,GK,Las Palmas,La Liga,Spain,1,20,15,1788,26.0,98.0,0.008,0.014,0.009,0.008,0.048,0.372,0.248,0.273,0.059,0.221,73.32,2.803,0.939,0.206,78.088,52.891
518,Omar Tah,21,FB,Sevilla,La Liga,Spain,1,18,16,1617,45.2,73.0,0.072,0.168,0.07,0.17,1.063,1.7,3.882,2.005,0.943,1.787,79.711,6.775,5.457,2.676,,
519,Paulo Visser,26,DM,Granada,La Liga,Spain,1,32,30,2868,14.9,40.0,0.051,0.061,0.039,0.088,0.831,1.392,4.504,2.554,1.612,2.434,95.999,7.773,3.452,1.327,,
520,Matthijs Visser,31,AM,Granada,La Liga,Spain,1,16,14,1434,18.0,64.0,0.219,0.246,0.205,0.298,3.097,3.632,1.371,1.14,0.676,1.006,90.029,9.004,6.519,3.889,,
521,Simon Piatek,23,W,Sevilla,La Liga,Spain,1,18,13,1617,29.1,94.0,0.318,0.269,0.318,0.182,3.627,2.158,1.586,1.021,0.593,0.808,86.195,4.897,9.007,3.957,,
522,Renato Bellingham,27,ST,Alaves,La Liga,Spain,1,30,21,2631,73.3,201.0,0.624,0.149,0.48,0.182,5.559,1.665,1.432,0.899,0.493,4.697,69.488,3.998,5.75,3.18,,
523,Kalidou Trezeguet,27,AM,Granada,La Liga,Spain,1,12,9,1075,25.2,88.0,0.275,0.279,0.298,0.243,3.176,3.686,1.831,0.984,0.877,0.869,77.562,7.765,6.346,3.43,,
524,Moussa Camara,32,W,Almeria,La Liga,Spain,1,32,30,2862,23.8,79.0,0.276,0.174,0.32,0.245,2.869,2.771,1.983,0.858,0.669,1.05,80.46,5.555,9.463,4.846,,
525,Vinicius Minamino,35,W,Cadiz,La Liga,Spain,1,24,22,2083,9.1,27.0,0.322,0.262,0.293,0.23,3.196,2.413,1.644,1.273,0.656,0.909,79.623,5.676,9.019,4.876,,
526,Omar Camara,25,CM,Atletico Madrid,La Liga,Spain,1,13,12,1156,11.4,39.0,0.084,0.157,0.108,0.17,1.547,1.986,2.354,1.407,1.127,1.598,94.04,7.05,3.347,2.087,,
527,Cole Bassey,21,W,Mallorca,La Liga,Spain,1,28,22,2463,31.2,104.0,0.295,0.251,0.301,0.251,3.708,2.702,1.627,0.865,0.664,1.05,83.435,5.129,8.138,4.729,,
528,Lorenzo Mane,25,CB,Cadiz,La Liga,Spain,1,36,25,3169,37.8,99.0,0.079,0.066,0.057,0.06,1.017,0.824,3.448,2.489,1.892,4.51,79.721,7.318,2.325,0.578,,
529,Achraf Peters,25,DM,Girona,La Liga,Spain,1,7,4,576,62.1,149.0,0.07,0.107,0.054,0.106,1.211,1.595,5.044,3.4,1.975,3.363,93.8,9.691,4.018,1.47,,
530,Trent Xhaka,22,GK,Celta Vigo,La Liga,Spain,1,27,19,2375,42.4,116.0,0.007,0.012,0.007,0.006,0.036,0.452,0.262,0.243,0.08,0.225,87.256,3.198,0.62,0.184,74.073,38.835
531,Daniel Russo,33,W,Athletic Bilbao,La Liga,Spain,1,17,14,1458,4.6,13.0,0.258,0.206,0.234,0.206,2.79,1.88,1.413,1.037,0.462,0.776,85.813,4.067,5.953,4.386,,
532,Achraf Wirtz,29,W,Granada,La Liga,Spain,1,9,7,759,10.3,38.0,0.322,0.232,0.234,0.175,2.689,2.474,1.778,0.863,0.522,0.977,74.566,4.965,6.934,3.976,,
533,Declan Haaland,26,CM,Villarreal,La Liga,Spain,1,19,17,1630,29.4,105.0,0.159,0.219,0.135,0.227,1.896,2.726,2.447,2.419,1.284,1.773,88.514,9.9,5.275,2.507,,
534,Khvicha Eriksen,26,W,Getafe,La Liga,Spain,1,26,23,2302,34.3,58.0,0.342,0.179,0.308,0.227,3.692,2.626,2.011,1.164,0.549,0.847,78.024,5.402,9.61,3.826,,
535,Simon Aaronson,23,W,Atletico Madrid,La Liga,Spain,1,29,28,2610,18.7,36.0,0.342,0.245,0.304,0.203,3.625,2.834,2.182,0.894,0.542,1.01,92.04,6.42,8.208,5.468,,
536,Simon Costa,23,AM,Real Betis,La Liga,Spain,1,11,8,983,5.5,12.0,0.193,0.206,0.194,0.249,2.687,2.544,1.154,0.805,0.618,1.0,70.548,6.985,6.114,3.339,,
537,Jonathan Osimhen,27,W,Sevilla,La Liga,Spain,1,26,22,2272,39.4,95.0,0.294,0.241,0.26,0.217,3.006,3.231,1.897,1.138,0.709,1.508,81.977,6.307,7.843,4.919,,
538,Ismail Lookman,29,AM,Girona,La Liga,Spain,1,14,9,1171,32.8,85.0,0.307,0.218,0.23,0.261,2.93,3.494,1.344,1.133,0.77,1.131,74.342,8.132,6.439,3.894,,
539,Jan Marino,30,DM,Real Madrid,La Liga,Spain,1,30,28,2680,49.2,150.0,0.062,0.091,0.055,0.123,1.415,1.823,3.449,3.789,1.657,2.657,89.203,9.387,3.173,1.463,,
540,Cole Palmer,23,CM,Mallorca,La Liga,Spain,1,15,10,1308,20.2,70.0,0.15,0.143,0.125,0.202,1.835,2.142,2.396,1.495,1.459,1.695,91.39,10.196,4.145,2.053,,
541,Emil Williams,26,CB,Osasuna,La Liga,Spain,1,35,29,3089,34.7,128.0,0.09,0.054,0.081,0.058,0.984,0.852,3.01,2.7,2.512,3.861,97.115,5.93,2.322,0.617,,
542,Daichi Dembélé,26,CB,Las Palmas,La Liga,Spain,1,30,24,2638,47.3,120.0,0.094,0.059,0.085,0.063,1.025,0.836,2.969,2.36,1.802,5.042,99.479,6.586,2.13,0.622,,
543,Marc Onyeka,30,FB,Rayo Vallecano,La Liga,Spain,1,26,20,2297,9.8,34.0,0.068,0.126,0.038,0.139,1.065,1.412,2.451,1.409,1.016,1.474,82.605,6.296,4.323,1.72,,
544,David Iwobi,25,GK,Las Palmas,La Liga,Spain,1,22,18,1959,15.8,39.0,0.005,0.013,0.006,0.007,0.03,0.356,0.204,0.203,0.059,0.151,66.898,3.027,0.659,0.111,81.543,38.879
545,Robert Brown,24,CB,Las Palmas,La Liga,Spain,1,19,14,1667,44.1,78.0,0.095,0.062,0.081,0.06,1.114,0.755,2.652,2.572,2.281,5.057,88.047,6.044,2.22,0.733,,
546,Eric Pereira,25,GK,Sevilla,La Liga,Spain,1,23,21,1990,38.0,75.0,0.007,0.012,0.006,0.007,0.045,0.337,0.183,0.289,0.062,0.174,71.564,2.669,0.738,0.144,74.464,43.197
547,Antoine Martinez,25,CM,Sevilla,La Liga,Spain,1,36,30,3187,13.0,35.0,0.117,0.131,0.11,0.141,1.534,1.688,2.32,1.595,1.335,1.745,82.826,9.079,3.428,2.065,,
548,Iker Musah,29,ST,Girona,La Liga,Spain,1,30,21,2644,25.0,96.0,0.535,0.1,0.514,0.122,4.174,1.286,1.198,0.517,0.365,3.797,88.876,3.377,4.311,2.316,,
549,Christian Colombo,27,DM,Granada,La Liga,Spain,1,12,9,1010,37.4,67.0,0.059,0.084,0.057,0.104,1.281,1.652,4.366,3.134,1.636,2.596,79.302,8.786,2.822,1.46,,
550,Goncalo Smith,24,GK,Alaves,La Liga,Spain,1,31,27,2718,29.8,87.0,0.007,0.019,0.009,0.007,0.047,0.36,0.289,0.225,0.065,0.228,94.849,2.681,0.784,0.128,65.38,46.882
551,Ryan Valverde,26,CM,Granada,La Liga,Spain,1,7,4,547,28.9,77.0,0.188,0.205,0.158,0.222,2.161,2.778,2.837,1.897,1.545,1.947,100.517,8.252,5.104,2.062,,
552,Gabriel Wagner,25,GK,Mallorca,La Liga,Spain,1,7,5,569,52.5,181.0,0.009,0.012,0.009,0.011,0.051,0.397,0.22,0.259,0.062,0.301,79.013,3.351,0.887,0.152,70.878,47.739
553,Joshua Odegaard,23,CB,Osasuna,La Liga,Spain,1,25,22,2233,63.3,236.0,0.117,0.071,0.077,0.067,0.988,0.894,3.223,2.231,2.486,5.595,103.935,6.638,2.845,0.707,,
554,Mikel Dembélé,22,ST,Real Betis,La Liga,Spain,1,36,33,3214,11.7,37.0,0.49,0.113,0.397,0.106,3.289,1.271,0.73,0.388,0.323,3.067,66.93,3.707,2.831,1.928,,
555,Phil Touré,27,CB,Rayo Vallecano,La Liga,Spain,1,9,7,789,74.5,188.0,0.132,0.074,0.097,0.078,1.211,0.864,3.575,3.272,2.002,4.134,98.628,7.141,2.343,0.709,,
556,Vitinha Ferrari,26,CM,Osasuna,La Liga,Spain,1,17,13,1500,33.1,63.0,0.177,0.19,0.108,0.184,1.851,2.123,2.849,1.944,1.634,2.199,99.114,8.943,3.884,2.676,,
557,Rafa Piatek,26,AM,Girona,La Liga,Spain,1,22,20,1959,32.5,75.0,0.354,0.239,0.35,0.265,3.286,3.213,1.712,1.332,0.97,1.133,86.166,8.286,7.309,3.809,,
558,David Jovic,28,W,Atletico Madrid,La Liga,Spain,1,9,6,779,35.7,105.0,0.325,0.277,0.367,0.208,3.774,2.98,1.871,1.043,0.517,1.213,74.995,5.649,7.731,5.579,,
559,Iker Walker,28,W,Osasuna,La Liga,Spain,1,13,10,1109,57.3,157.0,0.389,0.195,0.425,0.262,4.241,2.93,2.432,0.917,0.629,1.288,88.592,6.853,9.411,5.413,,
560,Leroy Iwobi,27,W,Girona,La Liga,Spain,1,26,24,2307,21.3,82.0,0.313,0.163,0.281,0.194,3.505,2.613,1.52,0.834,0.443,1.022,79.524,5.65,8.388,4.113,,
561,Antoine Tadic,25,DM,Getafe,La Liga,Spain,1,36,29,3226,35.5,117.0,0.063,0.119,0.039,0.099,1.317,1.812,4.361,3.22,1.775,2.6,81.771,8.206,3.043,1.33,,
562,Matteo Meyer,24,DM,Celta Vigo,La Liga,Spain,1,35,30,3081,15.1,54.0,0.056,0.091,0.044,0.091,0.943,1.196,4.145,2.365,1.289,2.588,86.829,8.633,2.938,1.31,,
563,Victor Lookman,31,FB,Valencia,La Liga,Spain,1,30,29,2696,2.4,6.0,0.039,0.106,0.033,0.127,0.72,1.452,2.831,1.401,0.693,1.533,89.204,6.242,3.578,1.798,,
564,David Lopez,19,CB,Alaves,La Liga,Spain,1,14,9,1228,12.4,35.0,0.052,0.046,0.06,0.039,0.969,0.564,2.158,2.164,1.751,3.368,95.229,4.393,1.729,0.514,,
565,Virgil Park,19,W,Almeria,La Liga,Spain,1,12,9,1064,16.8,66.0,0.239,0.213,0.256,0.209,3.212,2.337,1.673,0.909,0.475,0.86,87.567,4.952,5.755,4.217,,
566,Axel Wagner,23,W,Real Sociedad,La Liga,Spain,1,11,7,936,51.1,80.0,0.349,0.248,0.32,0.265,3.838,2.807,1.941,1.421,0.797,1.453,88.444,5.341,7.779,5.435,,
567,Daichi Johnson,29,ST,Girona,La Liga,Spain,1,26,18,2262,54.7,188.0,0.625,0.187,0.545,0.194,5.45,1.59,1.007,0.665,0.375,5.231,79.135,3.907,4.335,3.763,,
568,Eduardo Bassey,27,FB,Barcelona,La Liga,Spain,1,18,12,1548,44.3,174.0,0.065,0.146,0.077,0.186,1.496,2.763,3.36,2.268,1.254,1.81,92.858,9.448,6.554,2.91,,
569,Kalidou Weber,28,CB,Barcelona,La Liga,Spain,1,8,7,713,29.1,115.0,0.081,0.067,0.071,0.059,0.894,1.0,3.005,3.022,1.854,3.342,93.493,7.957,2.28,0.505,,
570,Sadio Marino,26,CB,Granada,La Liga,Spain,1,16,13,1373,20.3,32.0,0.082,0.045,0.082,0.058,0.948,0.591,2.256,2.154,1.781,3.827,93.25,7.807,2.411,0.675,,
571,Darwin White,26,W,Girona,La Liga,Spain,1,11,9,985,49.4,172.0,0.409,0.248,0.347,0.267,3.004,3.071,2.123,1.261,0.915,1.193,90.767,6.734,8.611,5.671,,
572,Achraf Eriksen,27,CB,Barcelona,La Liga,Spain,1,30,23,2642,9.3,33.0,0.046,0.035,0.049,0.04,0.761,0.664,2.153,1.744,1.469,3.347,79.027,4.886,1.538,0.522,,
573,Matthijs Davies,24,W,Atletico Madrid,La Liga,Spain,1,32,28,2875,14.8,26.0,0.32,0.206,0.293,0.19,2.554,2.096,1.352,0.944,0.448,1.084,81.541,4.821,7.215,3.336,,
574,Lautaro Mane,22,AM,Getafe,La Liga,Spain,1,17,13,1506,48.4,155.0,0.238,0.296,0.234,0.364,3.561,4.307,1.73,1.172,0.789,1.335,90.991,8.007,9.295,4.751,,
575,Diogo Bakker,26,CM,Osasuna,La Liga,Spain,1,23,18,1994,70.3,261.0,0.171,0.21,0.166,0.285,2.81,2.547,3.502,2.504,1.893,2.576,103.357,11.471,5.607,2.371,,
576,Axel Mendes,25,CB,Villarreal,La Liga,Spain,1,21,15,1804,17.6,57.0,0.07,0.041,0.061,0.045,0.855,0.657,2.593,1.865,1.658,3.984,82.482,5.416,2.089,0.526,,
577,Nicolo Jimenez,28,DM,Real Madrid,La Liga,Spain,1,31,28,2745,9.2,20.0,0.033,0.058,0.028,0.08,1.075,1.425,3.648,2.748,1.308,1.791,76.172,6.122,2.885,1.267,,
578,Thomas Reyna,22,W,Real Betis,La Liga,Spain,1,27,20,2419,5.5,17.0,0.201,0.128,0.236,0.176,2.295,2.3,1.125,0.657,0.37,0.753,80.788,4.262,6.64,3.799,,
579,Frenkie Torres,27,CB,Alaves,La Liga,Spain,1,28,25,2499,41.7,81.0,0.118,0.062,0.076,0.056,0.93,0.838,3.156,2.838,2.337,4.41,84.315,6.724,2.138,0.64,,
580,Leroy Zurkowski,24,W,Athletic Bilbao,La Liga,Spain,1,28,24,2486,53.7,146.0,0.349,0.273,0.336,0.319,3.845,2.903,2.118,1.001,0.776,1.41,91.546,5.124,10.172,5.823,,
581,Marc Tadic,21,CB,Real Sociedad,La Liga,Spain,1,8,5,643,77.2,266.0,0.089,0.072,0.091,0.069,1.049,1.15,3.01,3.037,2.232,3.977,80.568,7.381,2.059,0.847,,
582,Joao Touré,25,CM,Sevilla,La Liga,Spain,1,25,19,2225,21.9,54.0,0.121,0.143,0.147,0.186,1.5,2.312,2.068,1.445,1.26,1.738,87.778,9.091,4.246,1.856,,
583,Charles Rossi,25,W,Real Betis,La Liga,Spain,1,20,18,1730,22.8,59.0,0.259,0.22,0.309,0.261,2.803,2.907,1.953,1.133,0.542,1.166,83.593,5.148,7.543,4.169,,
584,Christian Walker,30,CM,Rayo Vallecano,La Liga,Spain,1,27,21,2357,58.2,171.0,0.189,0.199,0.177,0.198,2.373,2.323,3.185,1.995,1.665,2.671,85.742,8.861,6.294,2.161,,
585,Romelu Costa,26,DM,Alaves,La Liga,Spain,1,21,16,1827,58.7,121.0,0.067,0.118,0.052,0.111,1.504,1.751,3.479,3.03,2.059,3.371,92.149,9.14,3.669,1.835,,
586,Charles Iwobi,28,CM,Getafe,La Liga,Spain,1,33,27,2906,33.8,60.0,0.13,0.204,0.146,0.183,1.53,2.032,2.762,1.729,1.439,1.838,82.842,9.347,4.724,2.279,,
587,Leandro Romano,25,CB,Atletico Madrid,La Liga,Spain,1,36,32,3191,73.7,246.0,0.114,0.06,0.115,0.065,1.315,1.013,3.698,2.484,2.485,4.616,106.923,7.52,2.456,0.621,,
588,Jamal Jovic,27,GK,Valencia,La Liga,Spain,1,34,24,2985,43.6,154.0,0.009,0.019,0.01,0.01,0.038,0.399,0.229,0.226,0.087,0.332,77.253,3.175,0.944,0.191,82.743,58.28
589,Matteo Santos,20,CB,Valencia,La Liga,Spain,1,19,15,1678,83.1,277.0,0.1,0.064,0.086,0.06,1.146,0.823,2.539,2.487,1.934,5.021,97.045,6.75,2.674,0.618,,
590,Joao Son,27,GK,Atletico Madrid,La Liga,Spain,1,11,7,968,21.0,70.0,0.007,0.01,0.006,0.005,0.036,0.349,0.167,0.167,0.044,0.142,82.675,2.533,0.69,0.151,82.857,42.117
591,Lautaro Taylor,27,FB,Real Madrid,La Liga,Spain,1,22,15,1937,23.8,59.0,0.062,0.111,0.04,0.131,1.198,1.57,2.43,2.021,1.158,2.144,73.888,6.279,4.774,1.885,,
592,Adama Bellingham,30,GK,Real Sociedad,La Liga,Spain,1,20,17,1728,31.9,99.0,0.006,0.014,0.008,0.005,0.039,0.331,0.179,0.195,0.072,0.222,74.105,2.754,0.678,0.169,65.22,35.424
593,Declan Muller,31,DM,Osasuna,La Liga,Spain,1,21,15,1848,20.2,73.0,0.051,0.067,0.046,0.085,1.032,1.237,3.892,2.828,1.356,2.181,76.941,8.443,2.951,1.163,,
594,Patrick Jones,32,ST,Barcelona,La Liga,Spain,1,12,10,1076,20.2,37.0,0.574,0.172,0.504,0.125,3.914,1.895,1.089,0.515,0.434,3.727,68.037,2.979,3.396,2.678,,
595,Alvaro Foden,17,W,Valencia,La Liga,Spain,1,6,5,468,11.2,39.0,0.247,0.176,0.274,0.229,3.148,2.523,1.345,0.917,0.506,1.033,76.314,5.546,6.36,4.493,,
596,Andre Andersen,26,W,Granada,La Liga,Spain,1,21,15,1812,21.7,48.0,0.304,0.191,0.257,0.225,3.607,2.753,1.719,1.13,0.633,0.916,88.198,4.633,8.208,4.901,,
597,Cole Musah,28,FB,Rayo Vallecano,La Liga,Spain,1,16,11,1358,47.3,153.0,0.075,0.208,0.077,0.228,1.359,2.148,4.0,2.354,1.494,2.24,92.535,6.643,5.58,2.806,,
598,Omar Schmidt,25,ST,Valencia,La Liga,Spain,1,30,20,2625,40.6,157.0,0.633,0.186,0.567,0.196,5.051,1.804,1.054,0.597,0.439,4.424,87.12,3.844,3.398,2.897,,
599,Dani Bassey,30,W,Granada,La Liga,Spain,1,29,24,2585,7.1,28.0,0.231,0.173,0.218,0.152,2.324,1.972,1.62,0.694,0.438,0.772,76.48,4.513,5.382,4.069,,
600,Karim Pereira,28,CM,Real Madrid,La Liga,Spain,1,28,20,2475,84.0,154.0,0.171,0.216,0.131,0.236,2.606,2.229,3.307,2.851,1.786,2.461,97.15,13.316,5.196,2.612,,
601,Goncalo Kamada,31,GK,Sevilla,La Liga,Spain,1,27,19,2397,17.7,64.0,0.007,0.012,0.007,0.008,0.038,0.39,0.188,0.164,0.061,0.195,77.791,2.735,0.771,0.101,65.741,38.23
602,Eric Weber,26,DM,Almeria,La Liga,Spain,1,29,20,2573,30.5,48.0,0.056,0.096,0.042,0.088,1.259,1.908,4.639,2.982,1.601,2.2,97.031,6.692,3.46,1.7,,
603,Edouard Gordon,27,CB,Barcelona,La Liga,Spain,1,8,7,697,28.4,75.0,0.074,0.051,0.068,0.043,0.805,0.732,2.846,1.775,1.85,3.578,81.472,6.12,2.253,0.57,,
604,Neymar Jones,25,W,Sevilla,La Liga,Spain,1,24,18,2110,29.0,112.0,0.266,0.194,0.295,0.295,3.229,2.545,2.092,1.101,0.501,1.138,74.25,5.359,7.978,4.173,,
605,Andre Nunez,27,AM,Athletic Bilbao,La Liga,Spain,1,21,19,1841,42.1,148.0,0.23,0.223,0.283,0.297,3.001,4.08,1.715,1.205,0.938,1.23,94.97,6.469,8.687,4.284,,
606,Joshua de Jong,29,W,Alaves,La Liga,Spain,1,10,8,880,4.3,9.0,0.215,0.193,0.221,0.162,2.789,1.87,1.291,0.727,0.354,0.963,82.916,4.806,5.477,3.772,,
607,Lautaro Fischer,25,DM,Girona,La Liga,Spain,1,23,17,2054,12.1,24.0,0.038,0.07,0.029,0.079,1.04,1.345,3.58,2.118,1.301,2.302,98.462,8.265,2.493,1.325,,
608,Paulo Colombo,24,CB,Villarreal,La Liga,Spain,1,22,17,1905,12.6,34.0,0.058,0.054,0.047,0.045,0.851,0.595,2.952,1.842,1.588,3.363,74.391,5.997,2.027,0.465,,
609,Robin Son,32,ST,Real Betis,La Liga,Spain,1,27,21,2380,18.4,62.0,0.483,0.112,0.578,0.148,4.032,1.263,1.026,0.551,0.349,3.897,82.501,3.824,3.45,2.704,,
610,Youssef Xhaka,34,CM,Mallorca,La Liga,Spain,1,16,11,1375,5.8,19.0,0.094,0.177,0.114,0.191,1.367,2.163,2.332,1.892,1.316,1.655,76.036,7.187,3.6,2.052,,
611,Jan Nunez,24,FB,Alaves,La Liga,Spain,1,9,8,801,33.6,57.0,0.082,0.132,0.079,0.174,1.309,2.395,2.922,2.35,1.227,1.802,85.823,7.171,6.087,2.149,,
612,Angel Hegazi,25,GK,Granada,La Liga,Spain,1,26,19,2260,16.9,56.0,0.008,0.014,0.007,0.006,0.027,0.299,0.208,0.178,0.064,0.166,75.457,2.874,0.576,0.135,64.749,37.96
613,Martin Grimaldo,28,CM,Getafe,La Liga,Spain,1,24,19,2124,14.7,37.0,0.129,0.136,0.106,0.142,1.753,2.322,2.227,1.856,1.613,1.629,75.129,8.32,3.821,1.923,,
614,Mikel Hall,32,DM,Real Betis,La Liga,Spain,1,28,27,2470,35.8,92.0,0.087,0.097,0.047,0.113,1.392,1.916,5.364,3.694,1.494,2.317,93.065,8.906,3.372,1.581,,
615,Edouard Zielinski,28,CM,Rayo Vallecano,La Liga,Spain,1,34,26,2974,24.7,76.0,0.169,0.168,0.133,0.228,2.181,1.998,2.735,1.656,1.309,1.961,84.567,10.187,5.381,2.318,,
616,Miguel Costa,27,AM,Osasuna,La Liga,Spain,1,21,18,1836,8.3,32.0,0.212,0.197,0.186,0.204,2.231,2.786,1.392,0.813,0.642,0.752,84.796,7.57,6.228,3.473,,
617,Daichi Hall,29,CM,Mallorca,La Liga,Spain,1,32,23,2845,21.0,74.0,0.123,0.191,0.129,0.18,2.005,2.456,2.879,1.798,1.552,1.689,90.543,7.803,3.984,2.115,,
618,Ansu Bellingham,22,ST,Villarreal,La Liga,Spain,1,36,26,3167,74.8,125.0,0.489,0.174,0.522,0.15,4.723,1.618,1.176,0.711,0.381,3.874,76.653,3.805,4.053,2.898,,
619,Son Santos,25,CB,Athletic Bilbao,La Liga,Spain,1,36,30,3234,6.0,14.0,0.048,0.034,0.045,0.036,0.748,0.461,2.272,1.635,1.415,3.332,85.283,4.888,1.773,0.37,,
620,Ibrahim Jimenez,22,W,Villarreal,La Liga,Spain,1,10,7,893,41.4,148.0,0.393,0.224,0.303,0.218,3.472,2.432,1.833,0.872,0.525,0.816,72.805,5.445,7.352,3.885,,
621,Andre Visser,26,CB,Real Madrid,La Liga,Spain,1,13,9,1108,20.6,47.0,0.09,0.05,0.069,0.069,0.916,0.772,2.63,2.264,1.642,4.761,79.481,5.927,2.47,0.504,,
622,Emil Pereira,24,CM,Real Betis,La Liga,Spain,1,35,31,3120,43.5,126.0,0.133,0.152,0.128,0.236,2.301,2.531,2.221,2.328,1.59,1.954,99.675,10.162,5.898,1.777,,
623,Mikel Alves,27,GK,Alaves,La Liga,Spain,1,35,29,3120,31.4,82.0,0.008,0.015,0.006,0.007,0.035,0.478,0.279,0.225,0.066,0.216,82.841,3.223,0.802,0.191,83.203,35.925
624,Khvicha Colombo,24,CM,Valencia,La Liga,Spain,1,31,26,2730,21.3,74.0,0.129,0.163,0.126,0.17,2.055,2.54,2.487,1.813,1.711,1.507,88.286,10.953,5.324,1.813,,
625,Ismail Sobhi,24,CB,Real Betis,La Liga,Spain,1,16,13,1372,38.1,109.0,0.08,0.067,0.093,0.06,0.934,0.685,2.484,2.654,2.437,5.256,92.464,7.992,2.386,0.656,,
626,Victor Minamino,24,AM,Real Sociedad,La Liga,Spain,1,16,13,1364,20.3,36.0,0.258,0.226,0.268,0.234,2.961,3.022,1.711,0.857,0.767,0.833,81.293,7.767,6.291,3.92,,
627,Dani Grimaldo,25,W,Cadiz,La Liga,Spain,1,6,4,527,41.8,141.0,0.374,0.237,0.349,0.221,3.909,3.137,1.974,1.407,0.615,1.231,77.816,4.989,10.377,5.178,,
628,Emil Ndidi,22,AM,Osasuna,La Liga,Spain,1,7,4,558,6.6,18.0,0.207,0.196,0.209,0.229,2.607,2.82,1.324,0.783,0.522,0.702,89.648,6.732,5.231,2.52,,
629,Renato Saka,23,AM,Villarreal,La Liga,Spain,1,18,13,1589,56.0,160.0,0.432,0.381,0.383,0.263,4.153,4.555,2.057,1.182,0.74,1.114,94.615,9.465,8.035,4.488,,
630,Davide Onyeka,30,CM,Barcelona,La Liga,Spain,1,31,23,2716,26.9,92.0,0.114,0.187,0.121,0.16,1.691,2.456,2.218,1.601,1.521,2.194,98.576,8.572,4.672,2.34,,
631,Moussa Odegaard,29,FB,Las Palmas,La Liga,Spain,1,26,24,2318,28.1,108.0,0.095,0.143,0.059,0.184,1.166,2.349,3.181,1.875,1.202,1.969,87.11,7.018,5.898,2.327,,
632,Serge Hernandez,17,CB,Rayo Vallecano,La Liga,Spain,1,17,12,1525,11.8,32.0,0.071,0.06,0.055,0.049,0.962,0.705,2.356,1.922,1.7,4.133,93.474,6.149,2.217,0.409,,
633,Christian Wagner,24,CM,Villarreal,La Liga,Spain,1,30,26,2690,17.0,27.0,0.096,0.155,0.095,0.164,1.469,2.092,2.105,1.83,1.461,1.488,79.975,8.519,3.365,1.958,,
634,Bernardo Pulisic,23,AM,Barcelona,La Liga,Spain,1,22,20,1940,32.0,85.0,0.324,0.282,0.268,0.306,3.113,4.261,1.961,0.99,0.899,1.402,76.44,8.536,6.33,3.703,,
635,Karim Lee,30,CB,Girona,La Liga,Spain,1,32,28,2834,12.1,26.0,0.068,0.055,0.063,0.05,0.905,0.703,2.766,1.74,1.734,3.822,77.452,5.376,1.747,0.622,,
636,Takumi Hernandez,26,DM,Celta Vigo,La Liga,Spain,1,9,7,740,64.4,131.0,0.082,0.109,0.052,0.089,1.326,1.54,5.283,3.458,1.81,2.679,100.09,8.264,3.492,1.717,,
637,Matteo Musah,20,GK,Barcelona,La Liga,Spain,1,21,14,1879,13.4,32.0,0.006,0.01,0.005,0.006,0.031,0.296,0.204,0.17,0.045,0.164,67.041,2.935,0.605,0.107,74.82,36.751
638,Jonathan Johnson,26,AM,Alaves,La Liga,Spain,1,30,29,2659,17.7,35.0,0.245,0.194,0.251,0.208,3.156,2.908,1.452,1.038,0.704,0.854,78.34,8.786,6.818,3.786,,
639,Jude Santos,22,CB,Atletico Madrid,La Liga,Spain,1,15,11,1340,34.3,108.0,0.073,0.051,0.062,0.056,0.963,0.698,2.684,2.477,1.709,4.673,87.945,5.71,2.127,0.672,,
640,Dominik Jones,25,FB,Real Betis,La Liga,Spain,1,13,9,1146,45.1,160.0,0.115,0.15,0.077,0.201,1.654,2.333,4.29,1.788,1.308,2.729,89.959,8.185,7.069,2.205,,
641,Timothy Bentancur,24,W,Barcelona,La Liga,Spain,1,23,17,1987,23.7,51.0,0.301,0.226,0.245,0.172,2.983,2.641,1.633,0.908,0.562,0.883,93.525,5.802,8.55,5.043,,
642,Alexander Pulisic,22,GK,Real Sociedad,La Liga,Spain,1,9,5,727,71.2,285.0,0.009,0.019,0.008,0.008,0.031,0.444,0.271,0.239,0.109,0.228,93.898,3.206,1.025,0.148,77.008,50.315
643,Bukayo Romano,28,CM,Real Madrid,La Liga,Spain,1,10,6,875,12.0,28.0,0.08,0.138,0.099,0.192,1.609,1.96,2.404,1.656,1.091,1.489,88.528,7.437,3.96,1.942,,
644,Samuel Nunez,23,AM,Celta Vigo,La Liga,Spain,1,32,29,2817,16.6,66.0,0.254,0.207,0.255,0.193,2.312,3.119,1.418,0.802,0.73,1.01,69.944,7.744,6.697,2.842,,
645,Marcus Saka,33,CB,Getafe,La Liga,Spain,1,22,17,1955,31.8,88.0,0.081,0.064,0.082,0.061,0.987,0.744,3.448,2.534,2.261,4.106,88.141,6.764,2.874,0.619,,
646,Victor Rossi,21,DM,Barcelona,La Liga,Spain,1,13,9,1100,40.1,139.0,0.059,0.078,0.041,0.08,1.076,1.275,4.822,3.287,1.228,2.339,84.169,8.331,3.483,1.602,,
647,Axel Piatek,24,FB,Cadiz,La Liga,Spain,1,24,20,2093,16.0,37.0,0.055,0.119,0.05,0.123,0.818,2.157,3.606,1.783,1.144,1.75,73.106,6.711,4.951,2.168,,
648,Eric Lookman,28,DM,Rayo Vallecano,La Liga,Spain,1,13,9,1141,35.5,107.0,0.08,0.076,0.036,0.125,1.25,1.737,3.606,3.611,1.939,2.271,106.055,7.999,3.88,1.423,,
649,Max King,27,CB,Barcelona,La Liga,Spain,1,22,18,1951,5.8,9.0,0.056,0.044,0.051,0.04,0.678,0.684,2.442,1.718,1.713,3.766,97.841,5.601,1.823,0.384,,
650,Omar Pulisic,28,AM,Osasuna,La Liga,Spain,1,8,5,648,32.4,90.0,0.353,0.282,0.28,0.282,2.989,4.222,1.813,1.244,0.601,1.093,93.207,8.047,8.247,3.891,,
651,Bukayo Brown,30,GK,Rayo Vallecano,La Liga,Spain,1,21,18,1860,15.2,57.0,0.006,0.012,0.007,0.005,0.024,0.279,0.168,0.154,0.064,0.156,70.904,2.202,0.693,0.124,79.406,31.905
652,Marco Santos,24,FB,Real Sociedad,La Liga,Spain,1,13,8,1117,4.6,11.0,0.048,0.096,0.035,0.113,0.838,1.435,2.671,1.241,0.813,1.596,77.572,6.435,3.528,1.346,,
653,Ruben Costa,30,DM,Real Sociedad,La Liga,Spain,1,36,30,3168,34.5,115.0,0.064,0.098,0.048,0.079,1.121,1.547,4.056,2.978,1.589,2.302,103.818,9.699,3.396,1.769,,
654,Antoine Pereira,27,CM,Almeria,La Liga,Spain,1,19,16,1648,37.4,76.0,0.121,0.197,0.113,0.178,2.004,3.0,2.459,1.82,1.292,1.984,94.17,10.555,4.666,1.785,,
655,Romelu Musiala,28,AM,Celta Vigo,La Liga,Spain,1,11,8,906,4.0,16.0,0.179,0.196,0.181,0.237,2.032,3.07,1.031,0.628,0.523,0.627,67.675,6.847,4.989,3.219,,
656,Diego Kostic,25,FB,Real Madrid,La Liga,Spain,1,7,4,605,12.3,26.0,0.062,0.132,0.041,0.16,1.067,1.72,2.592,1.753,1.015,1.326,83.809,5.604,5.035,1.798,,
657,Dominik van Dijk,24,GK,Celta Vigo,La Liga,Spain,1,14,11,1225,18.0,65.0,0.006,0.011,0.006,0.007,0.029,0.288,0.174,0.188,0.074,0.147,71.698,2.472,0.661,0.1,67.186,38.776
658,Kai Rossi,23,FB,Barcelona,La Liga,Spain,1,29,25,2565,76.3,203.0,0.08,0.212,0.063,0.17,1.59,2.286,3.027,2.742,1.646,2.245,97.842,7.899,8.05,3.26,,
659,David Vecino,30,CM,Barcelona,La Liga,Spain,1,37,28,3241,63.7,217.0,0.185,0.211,0.134,0.224,2.212,3.077,3.898,2.691,1.624,2.404,83.235,11.415,6.149,2.683,,
660,Trent Peters,23,W,Cadiz,La Liga,Spain,1,14,12,1213,62.3,160.0,0.379,0.299,0.445,0.279,4.639,2.75,2.189,1.398,0.779,1.41,78.761,5.666,7.984,5.88,,
661,Nicolo Rodriguez,31,DM,Las Palmas,La Liga,Spain,1,18,16,1566,44.7,125.0,0.086,0.102,0.055,0.109,0.988,1.908,4.653,3.354,1.775,2.694,98.308,9.706,4.074,1.747,,
662,Yves Sousa,32,W,Almeria,La Liga,Spain,1,18,16,1550,29.1,60.0,0.348,0.215,0.247,0.215,3.644,3.484,1.799,0.91,0.625,1.356,91.613,5.971,7.285,4.475,,
663,Christian Foden,20,FB,Rayo Vallecano,La Liga,Spain,1,14,12,1243,51.0,145.0,0.09,0.161,0.078,0.124,1.502,2.363,3.292,2.348,1.316,1.981,83.484,8.01,6.426,2.832,,
664,Sandro Gordon,24,FB,Rayo Vallecano,La Liga,Spain,1,21,18,1879,49.2,174.0,0.087,0.14,0.062,0.181,1.249,2.123,2.754,2.488,1.507,2.069,88.978,8.123,5.83,2.44,,
665,Alvaro Muller,28,W,Las Palmas,La Liga,Spain,1,15,14,1338,31.6,82.0,0.379,0.188,0.255,0.227,3.241,2.709,2.012,1.225,0.574,1.09,91.246,5.084,7.583,5.235,,
666,Virgil Musiala,35,GK,Villarreal,La Liga,Spain,1,21,15,1844,6.1,24.0,0.007,0.016,0.008,0.007,0.027,0.317,0.204,0.191,0.05,0.191,81.298,2.96,0.544,0.12,69.71,38.197
667,Ibrahim Nunez,27,GK,Atletico Madrid,La Liga,Spain,1,10,6,855,38.4,142.0,0.008,0.013,0.008,0.007,0.035,0.361,0.183,0.197,0.063,0.264,74.706,3.61,0.68,0.113,87.244,40.598
668,Gavi Martinez,26,DM,Sevilla,La Liga,Spain,1,35,27,3128,37.8,117.0,0.067,0.099,0.054,0.106,1.078,1.759,4.357,2.899,1.607,2.63,94.777,7.542,2.676,1.549,,
669,Leo Romano,20,ST,Sevilla,La Liga,Spain,1,22,19,1917,16.0,46.0,0.412,0.112,0.41,0.105,3.816,1.222,0.762,0.484,0.36,2.754,71.892,3.618,3.075,2.724,,
670,Tomas Musah,23,GK,Real Sociedad,La Liga,Spain,1,24,20,2134,39.1,78.0,0.007,0.017,0.01,0.008,0.04,0.375,0.255,0.244,0.101,0.203,86.552,2.976,0.718,0.154,72.183,51.019
671,Jude Bakker,31,CM,Cadiz,La Liga,Spain,1,32,30,2850,14.9,42.0,0.12,0.122,0.126,0.16,1.864,2.1,2.244,2.094,1.36,1.831,93.607,10.046,4.752,2.167,,
672,Jan Ramirez,26,FB,Real Betis,La Liga,Spain,1,19,14,1702,64.0,204.0,0.071,0.155,0.069,0.133,1.106,1.866,3.457,2.31,1.12,2.393,88.826,7.74,5.392,2.292,,
673,Federico Visser,25,ST,Granada,La Liga,Spain,1,32,29,2844,32.4,68.0,0.54,0.156,0.443,0.14,3.706,1.386,1.154,0.635,0.336,3.809,75.195,4.041,3.787,2.336,,
674,Pau Hall,24,DM,Granada,La Liga,Spain,1,21,18,1814,22.9,73.0,0.047,0.08,0.049,0.076,0.941,1.35,3.805,2.561,1.15,2.51,87.029,7.541,2.838,1.53,,
675,Ferran Bassey,23,FB,Athletic Bilbao,La Liga,Spain,1,21,15,1885,20.9,74.0,0.076,0.143,0.052,0.153,1.17,1.767,3.93,2.078,1.03,1.762,95.069,8.114,5.711,2.185,,
676,Kai Saka,24,AM,Valencia,La Liga,Spain,1,11,8,904,55.0,218.0,0.302,0.331,0.399,0.297,3.187,3.157,1.763,1.472,0.983,1.459,80.804,8.242,9.964,3.843,,
677,Marc Zielinski,23,DM,Celta Vigo,La Liga,Spain,1,30,24,2669,24.7,88.0,0.066,0.087,0.041,0.09,1.08,1.751,3.947,2.971,1.302,1.776,83.789,8.091,2.703,1.391,,
678,Dusan Smith,23,FB,Villarreal,La Liga,Spain,1,16,12,1385,33.2,113.0,0.051,0.124,0.067,0.154,1.161,2.253,2.975,2.034,1.295,2.271,95.788,8.526,6.057,2.418,,
679,Lorenzo Ndidi,24,DM,Osasuna,La Liga,Spain,1,33,28,2909,21.3,33.0,0.056,0.079,0.04,0.092,1.185,1.454,3.212,2.898,1.385,2.365,86.951,8.273,3.14,1.784,,
680,Rayan Konaté,27,CM,Alaves,La Liga,Spain,1,8,5,646,41.8,120.0,0.163,0.217,0.17,0.22,1.751,2.585,2.843,2.308,1.543,2.555,99.983,8.899,4.723,2.677,,
681,Alexander Andersen,27,CM,Valencia,La Liga,Spain,1,29,27,2582,6.5,16.0,0.077,0.144,0.082,0.134,1.507,2.136,2.642,1.546,1.299,1.24,96.188,7.787,4.068,1.772,,
682,Eric Saka,24,ST,Celta Vigo,La Liga,Spain,1,32,24,2872,23.2,71.0,0.575,0.11,0.47,0.136,4.264,1.378,0.957,0.658,0.34,4.305,73.172,3.405,3.851,2.568,,
683,Virgil Gordon,29,DM,Cadiz,La Liga,Spain,1,23,18,2011,33.1,124.0,0.06,0.073,0.053,0.085,0.949,1.496,4.539,3.353,2.03,2.211,81.723,9.498,2.659,1.844,,
684,Eduardo Hall,22,AM,Granada,La Liga,Spain,1,20,17,1778,31.0,115.0,0.21,0.252,0.277,0.238,2.933,3.226,1.435,1.341,0.742,1.389,78.781,6.787,5.875,3.83,,
685,Ismail Saka,26,CB,Cadiz,La Liga,Spain,1,30,29,2699,47.6,135.0,0.079,0.078,0.074,0.064,0.92,0.881,3.31,3.255,2.683,3.916,95.539,6.366,2.328,0.542,,
686,Pablo Bentancur,28,W,Almeria,La Liga,Spain,1,30,23,2669,30.0,101.0,0.327,0.223,0.267,0.264,3.296,2.335,2.002,1.254,0.496,1.072,72.065,5.449,8.998,4.598,,
687,Cody Musiala,26,W,Sevilla,La Liga,Spain,1,30,26,2664,51.9,87.0,0.468,0.207,0.288,0.252,4.232,2.738,2.076,1.414,0.743,1.575,81.611,5.566,9.092,4.634,,
688,Kalidou Kiwior,23,CB,Real Sociedad,La Liga,Spain,1,31,26,2724,16.1,25.0,0.083,0.041,0.071,0.042,0.88,0.619,2.596,1.822,1.677,3.332,81.218,4.779,1.82,0.522,,
689,Karim Brown,23,CB,Real Betis,La Liga,Spain,1,25,22,2191,43.3,92.0,0.07,0.06,0.085,0.053,0.805,0.79,2.957,2.708,1.589,4.197,80.492,6.106,2.333,0.666,,
690,Alexander Rice,24,W,Sevilla,La Liga,Spain,1,10,8,830,36.3,105.0,0.277,0.247,0.29,0.22,4.222,2.676,2.034,1.024,0.52,1.221,74.606,4.98,9.557,5.964,,
691,Rafa Mbappé,29,AM,Atletico Madrid,La Liga,Spain,1,24,19,2147,11.2,18.0,0.239,0.238,0.207,0.189,2.682,2.988,1.331,0.941,0.623,0.745,92.41,7.897,6.187,3.448,,
692,Erling Sobhi,30,CB,Celta Vigo,La Liga,Spain,1,28,26,2510,6.5,12.0,0.068,0.039,0.041,0.036,0.747,0.539,1.981,1.877,1.688,3.251,95.767,3.949,1.729,0.444,,
693,Paulo Salah,27,CB,Rayo Vallecano,La Liga,Spain,1,29,27,2588,22.8,69.0,0.083,0.049,0.064,0.058,1.05,0.705,2.623,2.227,1.677,3.318,98.27,6.89,2.065,0.631,,
694,Achraf Szczesny,25,GK,Athletic Bilbao,La Liga,Spain,1,11,8,933,17.2,66.0,0.007,0.011,0.007,0.006,0.034,0.346,0.175,0.164,0.046,0.166,84.007,2.366,0.661,0.123,81.796,42.281
695,Moises Mendes,27,W,Real Madrid,La Liga,Spain,1,34,30,3019,23.2,81.0,0.302,0.231,0.271,0.196,3.745,2.373,1.839,0.964,0.653,0.989,75.336,5.392,5.83,4.469,,
696,Marc Gudelj,26,AM,Granada,La Liga,Spain,1,35,32,3064,63.2,242.0,0.294,0.399,0.393,0.334,3.962,3.752,1.672,1.068,1.074,0.96,93.981,10.955,7.656,5.369,,
697,Matthijs Bellingham,26,CB,Mallorca,La Liga,Spain,1,31,29,2759,40.3,75.0,0.116,0.086,0.083,0.072,1.087,1.009,3.174,2.725,2.073,4.379,88.949,7.103,2.927,0.85,,
698,Charles Jimenez,26,GK,Villarreal,La Liga,Spain,1,31,21,2706,10.3,26.0,0.006,0.012,0.005,0.005,0.028,0.284,0.162,0.12,0.047,0.124,81.051,2.32,0.509,0.101,66.797,27.018
699,Frenkie Wagner,24,CM,Las Palmas,La Liga,Spain,1,34,24,2979,9.7,33.0,0.09,0.151,0.087,0.16,1.724,1.885,2.217,1.623,1.051,1.61,80.004,7.792,4.321,1.798,,
700,Joao Lewandowski,25,CM,Real Madrid,La Liga,Spain,1,26,22,2302,7.9,20.0,0.08,0.107,0.106,0.139,1.492,1.752,2.18,1.37,1.091,1.376,74.529,8.086,3.853,1.695,,
701,Pablo Vlahovic,23,AM,Osasuna,La Liga,Spain,1,29,22,2577,8.4,25.0,0.18,0.187,0.188,0.203,2.359,2.616,1.252,0.84,0.534,0.804,80.932,6.221,5.729,3.06,,
702,Ritsu Hegazi,24,AM,Girona,La Liga,Spain,1,20,18,1764,20.9,81.0,0.246,0.204,0.201,0.222,3.508,3.377,1.602,0.999,0.773,1.227,85.283,7.559,7.079,3.713,,
703,Cole Marino,27,FB,Celta Vigo,La Liga,Spain,1,23,19,2056,16.0,47.0,0.083,0.166,0.057,0.166,0.869,1.887,3.373,1.728,1.025,1.913,83.723,7.655,5.701,2.374,,
705,Adama Weber,26,ST,Cadiz,La Liga,Spain,1,35,33,3085,11.8,38.0,0.413,0.13,0.41,0.104,4.46,1.369,1.051,0.522,0.304,2.932,78.569,3.511,3.64,2.039,,
706,Harry Salah,23,AM,Athletic Bilbao,La Liga,Spain,1,19,13,1654,29.4,89.0,0.297,0.228,0.251,0.296,2.326,3.639,1.18,1.018,0.771,0.931,78.519,9.081,5.608,4.089,,
707,Pau Saka,23,ST,Getafe,La Liga,Spain,1,13,10,1158,17.6,64.0,0.47,0.11,0.483,0.147,4.583,1.245,1.13,0.593,0.298,3.395,86.353,3.337,3.115,2.754,,
708,Robert Marino,31,GK,Real Sociedad,La Liga,Spain,1,27,18,2423,11.8,25.0,0.005,0.01,0.006,0.006,0.028,0.297,0.174,0.136,0.062,0.158,69.769,2.505,0.546,0.121,75.146,31.645
709,Raphael Araujo,29,FB,Sevilla,La Liga,Spain,1,22,18,1978,27.7,50.0,0.09,0.154,0.056,0.149,1.167,1.9,3.125,2.502,1.063,2.092,79.339,7.902,5.72,1.803,,
710,Emil Tah,28,GK,Rayo Vallecano,La Liga,Spain,1,13,9,1100,25.5,60.0,0.005,0.012,0.007,0.006,0.033,0.402,0.172,0.193,0.073,0.209,76.672,3.189,0.751,0.162,78.077,45.282
711,Daichi Hernandez,24,AM,Getafe,La Liga,Spain,1,27,21,2375,17.4,46.0,0.252,0.234,0.256,0.279,2.541,3.465,1.424,0.829,0.789,0.803,71.604,7.62,6.662,3.495,,
712,Antoine Diallo,27,FB,Cadiz,La Liga,Spain,1,11,10,920,8.8,22.0,0.057,0.106,0.038,0.119,0.908,1.518,2.716,1.704,0.89,1.669,82.081,6.273,3.639,1.775,,
713,Ibrahim van Dijk,22,GK,Atletico Madrid,La Liga,Spain,1,32,25,2861,38.6,108.0,0.008,0.016,0.006,0.009,0.033,0.329,0.279,0.189,0.067,0.186,89.174,2.98,0.802,0.176,71.388,38.196
714,Diego Son,32,GK,Rayo Vallecano,La Liga,Spain,1,11,8,918,21.2,61.0,0.008,0.014,0.007,0.008,0.031,0.456,0.197,0.207,0.093,0.194,78.128,3.175,0.771,0.161,80.995,45.113
715,Diego Reyna,24,FB,Celta Vigo,La Liga,Spain,1,22,14,1902,21.4,78.0,0.085,0.138,0.046,0.147,1.24,2.131,2.782,2.152,0.931,2.136,96.627,7.684,5.83,2.631,,
716,Diego Romano,27,CM,Valencia,La Liga,Spain,1,27,22,2352,41.7,104.0,0.172,0.228,0.13,0.234,2.423,2.364,3.029,2.246,1.855,2.03,89.962,8.556,5.754,2.31,,
717,Charles Adams,26,FB,Girona,La Liga,Spain,1,28,24,2516,54.7,133.0,0.082,0.185,0.082,0.181,1.292,2.107,4.195,2.515,1.684,2.019,80.173,9.916,7.343,2.093,,
718,Virgil Hernandez,25,CM,Sevilla,La Liga,Spain,1,11,7,946,24.5,50.0,0.13,0.195,0.116,0.154,2.3,2.41,2.557,2.023,1.577,1.838,77.803,8.436,4.987,1.94,,
719,Rafa Tah,22,FB,Alaves,La Liga,Spain,1,11,9,989,44.8,164.0,0.073,0.159,0.046,0.175,1.256,2.029,3.604,2.0,1.091,2.079,77.076,6.164,6.182,2.207,,
720,Davide Pereira,24,AM,Atletico Madrid,La Liga,Spain,1,27,21,2379,54.5,149.0,0.437,0.268,0.269,0.336,2.671,3.831,1.533,1.425,0.759,1.488,75.816,8.698,9.401,4.417,,
721,Marco Musiala,24,CM,Real Sociedad,La Liga,Spain,1,7,5,605,24.1,84.0,0.145,0.135,0.132,0.16,1.562,2.329,2.663,2.022,1.849,1.814,87.724,9.32,4.356,2.156,,
722,Ibrahim Elneny,29,CM,Real Betis,La Liga,Spain,1,22,16,1907,51.1,181.0,0.164,0.193,0.148,0.22,2.431,3.097,2.508,1.799,1.66,1.895,77.611,9.864,3.962,2.505,,
723,Patrick Bellingham,37,CB,Villarreal,La Liga,Spain,1,6,5,528,5.5,10.0,0.076,0.058,0.087,0.047,0.98,0.638,2.434,2.228,2.018,3.724,88.3,5.941,2.404,0.599,,
724,Emil Kim,24,CB,Valencia,La Liga,Spain,1,34,33,3028,34.0,135.0,0.072,0.056,0.081,0.042,1.095,0.81,2.732,2.678,1.895,3.844,101.725,7.427,2.435,0.644,,
725,Emil Suarez,30,CM,Rayo Vallecano,La Liga,Spain,1,10,8,821,24.2,83.0,0.184,0.183,0.109,0.185,2.019,2.157,2.961,1.84,1.37,2.09,85.549,9.131,4.848,2.678,,
726,Axel Milinkovic-Savic,32,ST,Almeria,La Liga,Spain,1,25,17,2165,6.9,22.0,0.452,0.115,0.345,0.106,4.137,1.458,0.735,0.386,0.293,2.711,65.449,2.543,3.593,1.936,,
727,Antoine Pulisic,22,AM,Real Sociedad,La Liga,Spain,1,35,34,3140,78.8,268.0,0.332,0.353,0.397,0.244,4.054,4.721,1.717,1.618,0.846,1.144,91.711,11.161,8.06,4.794,,
728,Charles Mbappé,28,ST,Valencia,La Liga,Spain,1,23,19,1996,13.2,34.0,0.417,0.115,0.523,0.135,3.417,1.619,0.979,0.504,0.291,3.601,81.539,2.712,3.078,2.009,,
729,Thiago Andersen,25,AM,Athletic Bilbao,La Liga,Spain,1,17,11,1464,25.1,94.0,0.263,0.26,0.293,0.311,3.046,3.727,1.602,1.116,0.674,1.124,89.445,8.08,6.511,4.167,,
730,Lautaro Reyna,27,DM,Valencia,La Liga,Spain,1,20,18,1791,41.9,140.0,0.061,0.085,0.046,0.094,1.5,1.812,3.7,2.913,1.485,2.242,101.622,7.123,3.185,1.418,,
731,Hiroki Minamino,27,CB,Las Palmas,La Liga,Spain,1,27,26,2362,18.6,64.0,0.085,0.052,0.077,0.047,0.712,0.723,2.299,1.847,1.592,3.645,83.709,5.119,1.853,0.484,,
732,Kalidou Skov,22,FB,Athletic Bilbao,La Liga,Spain,1,15,12,1266,24.8,72.0,0.068,0.162,0.053,0.137,0.978,1.864,3.559,1.744,1.053,1.52,91.323,6.545,5.242,2.459,,
733,Toby Vlahovic,21,DM,Rayo Vallecano,La Liga,Spain,1,9,7,748,42.2,117.0,0.066,0.104,0.042,0.072,1.016,1.423,3.827,2.804,1.45,2.699,82.035,8.478,2.487,1.47,,
734,Robert Lewandowski,22,AM,Athletic Bilbao,La Liga,Spain,1,23,20,2032,10.0,20.0,0.209,0.2,0.237,0.232,2.641,2.752,1.369,0.781,0.648,0.73,78.224,7.212,5.972,3.594,,
735,Dani Tadic,22,AM,Girona,La Liga,Spain,1,28,21,2512,78.1,171.0,0.379,0.288,0.281,0.291,3.154,3.572,1.643,1.342,0.93,1.1,80.781,10.808,6.246,4.288,,
736,Angel Diaz,23,DM,Sevilla,La Liga,Spain,1,22,16,1977,24.7,85.0,0.046,0.072,0.045,0.083,0.817,1.353,4.601,2.202,1.402,1.941,96.036,6.179,2.576,1.497,,
737,Diego Lindstrom,28,AM,Celta Vigo,La Liga,Spain,1,11,9,975,20.7,36.0,0.223,0.221,0.261,0.306,2.59,3.497,1.213,0.946,0.587,0.916,87.768,6.498,6.953,3.562,,
738,Mikel Diallo,23,CB,Cadiz,La Liga,Spain,1,29,23,2599,29.4,77.0,0.077,0.057,0.065,0.064,0.83,0.867,2.719,2.151,2.007,3.533,97.337,5.688,2.005,0.634,,
739,Samuel Minamino,21,W,Alaves,La Liga,Spain,1,23,15,2013,4.5,10.0,0.231,0.15,0.227,0.172,2.705,1.874,1.415,0.788,0.455,0.64,69.146,4.37,6.628,3.89,,
740,Victor Suarez,26,DM,Celta Vigo,La Liga,Spain,1,6,5,519,6.4,12.0,0.035,0.053,0.025,0.081,0.989,1.122,3.309,2.548,1.117,1.997,98.37,7.152,2.235,0.959,,
741,Matteo Rossi,27,CM,Sevilla,La Liga,Spain,1,27,24,2368,42.8,108.0,0.159,0.217,0.143,0.189,1.95,2.43,2.312,2.424,1.387,1.663,89.606,12.126,4.077,2.294,,
742,Andre Colombo,28,FB,Mallorca,La Liga,Spain,1,17,14,1481,17.2,28.0,0.075,0.148,0.04,0.138,1.087,1.42,3.073,1.829,0.999,1.669,78.267,6.561,4.742,1.995,,
743,Kevin Sobhi,27,AM,Villarreal,La Liga,Spain,1,20,13,1782,14.7,55.0,0.268,0.269,0.246,0.207,2.235,2.859,1.16,0.836,0.763,0.852,74.74,7.186,7.107,3.186,,
744,Tomas Saka,28,AM,Athletic Bilbao,La Liga,Spain,1,34,28,3010,54.9,125.0,0.273,0.237,0.274,0.257,4.011,3.985,1.53,0.923,0.933,1.032,83.064,9.977,9.158,4.177,,
745,Ismail Hernandez,26,ST,Almeria,La Liga,Spain,1,11,8,951,59.8,179.0,0.518,0.182,0.576,0.176,3.739,1.867,1.146,0.622,0.377,4.809,88.796,4.44,4.36,3.698,,
746,Ivan Ricci,24,CM,Alaves,La Liga,Spain,1,9,8,802,52.9,136.0,0.164,0.195,0.169,0.185,2.252,2.331,2.718,2.161,1.7,2.248,78.776,11.42,5.478,2.215,,
747,Marcus Andersen,27,W,Real Madrid,La Liga,Spain,1,13,9,1139,46.9,168.0,0.417,0.202,0.369,0.215,3.977,3.226,2.463,1.718,0.716,1.559,88.979,6.566,9.516,5.357,,
748,Son Wagner,24,AM,Las Palmas,La Liga,Spain,1,23,21,1990,30.7,62.0,0.272,0.21,0.272,0.249,3.147,4.022,1.316,0.833,0.809,1.007,95.549,7.248,8.413,4.033,,
749,Mikel Wagner,32,FB,Celta Vigo,La Liga,Spain,1,33,31,2943,18.5,61.0,0.072,0.12,0.055,0.164,1.23,1.751,3.088,1.503,1.211,1.656,83.203,5.754,6.362,2.281,,
750,Joao Diallo,30,CM,Girona,La Liga,Spain,1,11,8,961,19.0,51.0,0.1,0.154,0.097,0.183,1.44,1.88,2.597,1.533,1.155,1.602,90.467,10.023,4.443,1.965,,
751,Erling Pulisic,24,CM,Villarreal,La Liga,Spain,1,30,22,2681,21.8,59.0,0.118,0.153,0.119,0.175,2.171,2.32,2.571,2.072,1.356,2.076,92.575,8.227,3.631,2.13,,
752,Antoine de Ligt,32,CB,Almeria,La Liga,Spain,1,6,4,528,17.5,36.0,0.078,0.051,0.078,0.051,0.905,0.717,2.64,2.614,2.092,4.242,102.443,7.463,2.156,0.508,,
753,Ferran Russo,26,CM,Getafe,La Liga,Spain,1,17,13,1488,19.4,64.0,0.131,0.172,0.123,0.187,1.718,2.419,2.463,1.652,1.174,2.151,86.532,9.473,3.834,2.302,,
754,Sofiane Moreno,27,DM,Sevilla,La Liga,Spain,1,13,11,1088,44.0,94.0,0.063,0.095,0.037,0.097,1.289,1.536,3.56,2.441,1.722,2.398,91.871,7.586,2.821,1.452,,
755,Dominik Skov,29,W,Villarreal,La Liga,Spain,1,28,26,2506,25.6,78.0,0.275,0.184,0.245,0.219,3.35,2.284,1.765,1.072,0.616,1.01,90.001,4.837,6.674,5.217,,
756,Kai Lee,21,W,Athletic Bilbao,La Liga,Spain,1,35,33,3113,16.4,45.0,0.338,0.246,0.292,0.217,2.99,2.304,1.789,1.148,0.526,0.861,88.008,4.717,8.314,4.393,,
757,Erling Tah,25,FB,Cadiz,La Liga,Spain,1,36,30,3236,41.6,85.0,0.068,0.123,0.064,0.172,1.41,1.719,3.033,2.207,0.99,2.431,76.973,7.185,6.071,2.315,,
758,Leroy Colombo,21,CB,Granada,La Liga,Spain,1,20,16,1773,28.0,68.0,0.079,0.061,0.076,0.056,0.75,0.636,3.06,2.075,1.662,3.506,94.77,5.825,1.975,0.498,,
759,Youssef Oliveira,24,DM,Real Betis,La Liga,Spain,1,28,19,2516,39.2,70.0,0.071,0.111,0.042,0.11,1.328,1.859,3.83,2.957,1.6,1.966,98.731,8.811,4.023,1.732,,
760,Rafa Johnson,29,CM,Real Sociedad,La Liga,Spain,1,7,4,557,9.9,27.0,0.099,0.153,0.12,0.13,1.72,2.344,2.33,1.391,1.402,1.934,74.899,7.487,4.473,2.172,,
761,Vinicius Mendes,26,CM,Rayo Vallecano,La Liga,Spain,1,31,25,2723,35.7,54.0,0.198,0.181,0.13,0.186,2.023,1.983,2.801,1.727,1.567,2.323,80.082,10.153,3.871,2.811,,
762,Joshua Gordon,30,W,Real Betis,La Liga,Spain,1,20,18,1765,25.2,54.0,0.33,0.225,0.277,0.227,3.517,3.346,2.163,1.075,0.678,1.214,89.691,6.031,8.506,4.419,,
763,Phil Muller,27,AM,Granada,La Liga,Spain,1,28,24,2466,23.6,56.0,0.323,0.249,0.28,0.24,2.765,3.165,1.207,1.161,0.658,0.837,70.141,6.949,7.343,3.925,,
764,Romelu Torres,23,CM,Las Palmas,La Liga,Spain,1,23,22,2036,23.3,73.0,0.166,0.178,0.107,0.165,1.985,2.152,2.534,1.611,1.546,1.796,84.13,8.566,4.746,1.865,,
765,Nabil Ramirez,30,CM,Athletic Bilbao,La Liga,Spain,1,18,14,1579,21.2,33.0,0.129,0.188,0.118,0.148,2.211,1.762,2.314,1.953,1.536,1.505,78.266,9.025,4.087,2.124,,
766,Robin Thompson,22,AM,Osasuna,La Liga,Spain,1,32,23,2864,31.6,87.0,0.242,0.211,0.262,0.29,2.948,3.386,1.293,1.067,0.629,0.891,88.693,7.403,7.685,3.744,,
767,Miguel Lee,30,W,Almeria,La Liga,Spain,1,31,28,2746,17.4,46.0,0.319,0.195,0.233,0.211,3.113,2.308,1.547,1.142,0.517,0.86,72.757,4.448,7.413,4.437,,
768,Federico Bassey,29,AM,Athletic Bilbao,La Liga,Spain,1,7,5,548,13.7,47.0,0.309,0.244,0.214,0.273,2.861,2.771,1.18,0.778,0.705,0.8,91.978,8.687,7.064,3.218,,
769,Renato Davies,25,W,Getafe,La Liga,Spain,1,28,20,2515,6.3,18.0,0.195,0.153,0.212,0.185,2.621,2.104,1.212,0.84,0.494,0.695,79.892,4.833,6.393,3.485,,
770,Hiroki McKennie,25,CM,Getafe,La Liga,Spain,1,14,9,1186,26.9,46.0,0.155,0.121,0.142,0.136,2.162,2.141,2.332,1.824,1.281,1.534,89.021,8.638,4.312,1.946,,
771,Diogo Lee,25,CB,Granada,La Liga,Spain,1,8,5,711,57.1,100.0,0.092,0.055,0.106,0.069,0.983,1.043,3.171,2.643,2.047,4.319,88.519,6.553,2.669,0.724,,
772,James King,20,CM,Barcelona,La Liga,Spain,1,14,9,1176,19.4,69.0,0.122,0.161,0.127,0.181,1.983,2.203,2.628,1.502,1.47,1.859,79.412,9.31,4.4,1.999,,
773,Federico Suarez,30,W,Real Sociedad,La Liga,Spain,1,14,13,1215,21.9,66.0,0.366,0.208,0.234,0.211,2.633,2.069,1.582,0.994,0.63,0.867,87.108,5.239,6.062,4.071,,
774,Achraf Vecino,26,AM,Osasuna,La Liga,Spain,1,20,16,1763,20.7,56.0,0.28,0.251,0.289,0.216,3.216,3.546,1.35,0.991,0.541,0.765,95.97,9.179,7.833,3.119,,
775,Davide Jimenez,31,CM,Villarreal,La Liga,Spain,1,15,13,1283,3.7,6.0,0.097,0.143,0.107,0.168,1.536,1.86,1.903,1.426,1.164,1.175,95.077,8.552,3.317,1.48,,
776,Tomas Walker,25,AM,Las Palmas,La Liga,Spain,1,12,11,1072,15.7,52.0,0.28,0.188,0.223,0.288,2.506,2.887,1.643,0.915,0.811,1.009,90.524,6.84,6.868,3.494,,
777,Ruben Taylor,22,DM,Almeria,La Liga,Spain,1,28,24,2515,34.5,133.0,0.053,0.057,0.037,0.102,1.163,1.462,3.86,2.877,1.297,2.509,101.688,8.617,2.381,1.155,,
778,Adama Foden,30,CB,Mallorca,La Liga,Spain,1,21,16,1879,53.9,199.0,0.093,0.091,0.071,0.076,1.203,0.804,2.6,3.133,2.04,4.609,85.98,7.252,2.474,0.708,,
779,Karim Rossi,24,GK,Barcelona,La Liga,Spain,1,10,7,825,33.2,72.0,0.008,0.017,0.007,0.008,0.05,0.424,0.189,0.299,0.059,0.233,87.839,3.021,0.668,0.198,85.685,33.896
780,Daichi Reyna,25,AM,Real Madrid,La Liga,Spain,1,19,17,1671,38.3,123.0,0.362,0.342,0.319,0.333,2.9,3.946,2.052,1.104,0.728,1.193,86.736,7.026,7.731,3.376,,
781,Bukayo Ramirez,24,DM,Sevilla,La Liga,Spain,1,29,27,2549,72.0,181.0,0.075,0.103,0.055,0.114,1.723,2.257,5.75,3.21,1.468,2.573,88.028,7.714,2.829,1.758,,
782,Diogo Williams,33,AM,Alaves,La Liga,Spain,1,10,6,873,25.1,73.0,0.253,0.268,0.275,0.227,2.972,4.353,1.275,1.172,0.871,1.145,89.128,7.744,8.371,4.123,,
783,Alejandro de Jong,25,CB,Real Sociedad,La Liga,Spain,1,34,33,3005,76.1,251.0,0.089,0.077,0.103,0.085,0.911,1.115,2.739,2.904,2.704,3.867,104.231,6.963,3.16,0.601,,
784,Hiroki Hall,25,FB,Valencia,La Liga,Spain,1,14,12,1246,17.3,57.0,0.054,0.129,0.058,0.133,1.025,1.623,2.671,1.58,0.827,1.396,87.835,6.234,5.79,2.061,,
785,Leon Iwobi,24,CM,Rayo Vallecano,La Liga,Spain,1,31,27,2724,18.1,28.0,0.146,0.163,0.148,0.19,1.406,1.929,2.823,1.813,1.383,1.738,95.872,8.447,4.721,2.142,,
786,Hugo de Jong,28,DM,Athletic Bilbao,La Liga,Spain,1,11,7,913,12.2,37.0,0.05,0.086,0.037,0.075,0.914,1.45,3.325,2.559,1.278,2.451,89.541,6.735,3.368,1.186,,
787,Dominik Reyna,25,DM,Alaves,La Liga,Spain,1,27,25,2348,58.9,142.0,0.085,0.111,0.041,0.112,1.499,1.482,4.685,3.219,1.401,2.579,96.568,8.65,3.662,2.244,,
788,Neymar Piatek,27,DM,Real Madrid,La Liga,Spain,1,20,13,1738,11.6,24.0,0.05,0.059,0.036,0.071,0.989,1.203,3.958,2.129,1.08,1.811,92.587,7.462,2.112,1.095,,
789,Renato Ramirez,32,GK,Athletic Bilbao,La Liga,Spain,1,26,24,2297,23.6,40.0,0.007,0.014,0.006,0.008,0.042,0.379,0.175,0.219,0.078,0.222,73.139,2.533,0.836,0.178,65.544,42.681
790,Lucas Gordon,29,GK,Alaves,La Liga,Spain,1,29,20,2524,11.8,22.0,0.006,0.011,0.005,0.006,0.025,0.279,0.174,0.159,0.049,0.162,66.545,2.272,0.786,0.102,72.52,30.426
791,Mohamed Sobhi,26,CM,Real Betis,La Liga,Spain,1,13,11,1114,45.3,132.0,0.225,0.165,0.155,0.203,2.086,2.622,2.799,1.979,1.96,2.378,99.373,12.39,5.905,2.383,,
792,Victor Konaté,28,W,Girona,La Liga,Spain,1,24,22,2092,25.4,82.0,0.337,0.239,0.329,0.243,3.364,3.179,1.826,1.158,0.723,1.198,86.07,5.852,7.646,4.083,,
793,Sandro Diallo,29,AM,Cadiz,La Liga,Spain,1,9,7,725,23.2,75.0,0.215,0.243,0.287,0.286,2.623,3.711,1.474,0.969,0.712,1.058,78.283,7.251,6.871,3.815,,
794,Ousmane Rodriguez,26,CM,Alaves,La Liga,Spain,1,22,17,1937,64.4,213.0,0.17,0.271,0.153,0.276,2.128,2.604,2.726,2.413,1.722,2.87,95.844,8.765,5.084,2.692,,
795,Casemiro Lindstrom,32,ST,Villarreal,La Liga,Spain,1,16,12,1420,49.6,182.0,0.624,0.203,0.624,0.165,5.489,2.124,1.169,0.64,0.448,3.88,71.034,4.366,5.148,3.813,,
796,Leon Onyeka,22,CB,Barcelona,La Liga,Spain,1,28,23,2446,9.9,20.0,0.063,0.045,0.039,0.037,0.811,0.63,2.161,1.561,1.59,3.207,76.004,4.461,1.794,0.476,,
797,Robin Alves,25,FB,Villarreal,La Liga,Spain,1,20,15,1795,6.0,22.0,0.054,0.111,0.043,0.138,0.967,1.222,2.615,1.184,0.87,1.383,87.016,5.437,5.114,1.392,,
798,Bernardo Romano,26,W,Valencia,La Liga,Spain,1,36,32,3165,49.7,108.0,0.298,0.225,0.401,0.193,4.071,2.671,2.348,1.156,0.58,1.248,90.922,5.917,6.76,5.365,,
799,Eduardo Jones,27,ST,Real Madrid,La Liga,Spain,1,8,6,691,22.2,36.0,0.468,0.14,0.427,0.122,4.266,1.383,1.064,0.595,0.4,3.505,80.31,3.608,3.137,2.571,,
800,Dusan Skov,27,CB,Valencia,La Liga,Spain,1,31,22,2742,26.4,66.0,0.07,0.054,0.065,0.041,0.927,0.784,2.532,1.789,2.109,3.629,99.519,5.714,1.648,0.452,,
801,Miguel Jones,24,CB,Sevilla,La Liga,Spain,1,19,14,1677,13.6,45.0,0.053,0.041,0.048,0.047,0.617,0.615,2.445,2.039,1.457,3.469,89.203,6.363,1.705,0.532,,
802,Cole Foden,23,AM,Rayo Vallecano,La Liga,Spain,1,23,19,1997,15.2,42.0,0.254,0.235,0.219,0.26,2.755,3.126,1.057,0.735,0.666,1.035,84.963,7.108,7.246,3.602,,
803,Alvaro Lee,27,CB,Real Sociedad,La Liga,Spain,1,14,9,1208,17.8,43.0,0.085,0.049,0.056,0.05,0.85,0.593,2.74,2.087,1.869,3.329,91.899,5.652,2.231,0.509,,
804,Timothy Gordon,22,DM,Real Betis,La Liga,Spain,1,21,18,1842,17.8,34.0,0.048,0.075,0.034,0.086,0.904,1.535,3.575,2.823,1.224,2.429,99.678,7.108,2.456,1.25,,
805,Pau Vecino,25,CB,Cadiz,La Liga,Spain,1,16,15,1437,20.4,64.0,0.098,0.059,0.071,0.053,0.869,0.7,2.821,2.389,2.268,4.589,87.958,7.291,2.407,0.524,,
806,Samuel Bakker,24,AM,Barcelona,La Liga,Spain,1,23,18,2046,51.9,200.0,0.399,0.268,0.283,0.361,3.364,3.304,1.296,1.176,0.971,1.285,82.52,7.788,8.188,3.609,,
807,Cole Musiala,24,CM,Real Sociedad,La Liga,Spain,1,10,9,853,29.9,45.0,0.163,0.181,0.144,0.189,1.785,2.156,2.782,1.807,1.371,1.844,78.472,9.496,4.258,1.886,,
808,Ansu Kostic,24,ST,Osasuna,La Liga,Spain,1,25,19,2230,27.7,110.0,0.486,0.158,0.568,0.134,4.086,1.53,0.963,0.688,0.421,3.016,74.881,3.461,4.009,2.713,,
809,Miguel Marino,28,ST,Celta Vigo,La Liga,Spain,1,32,23,2863,65.5,256.0,0.562,0.189,0.713,0.171,4.783,1.693,1.084,0.85,0.498,4.691,91.48,4.636,4.517,3.733,,
810,Marcelo Onyeka,28,FB,Las Palmas,La Liga,Spain,1,25,18,2174,18.1,53.0,0.062,0.112,0.048,0.151,0.905,1.574,2.679,1.508,0.976,1.702,91.535,7.026,4.676,1.817,,
811,Paulo Adams,23,DM,Alaves,La Liga,Spain,1,8,5,687,23.6,92.0,0.059,0.101,0.032,0.081,0.989,1.503,4.969,3.05,1.56,2.098,100.066,8.026,3.683,1.225,,
812,Kevin Hall,26,CM,Atletico Madrid,La Liga,Spain,1,25,20,2182,34.9,70.0,0.174,0.164,0.133,0.181,2.337,2.37,3.021,2.087,1.725,2.393,100.997,8.642,5.033,2.475,,
813,Rodri Brown,30,DM,Athletic Bilbao,La Liga,Spain,1,28,22,2503,42.5,115.0,0.062,0.094,0.038,0.107,1.576,1.448,5.218,2.36,1.653,2.478,95.278,8.456,4.017,1.444,,
814,Dominik King,21,W,Valencia,La Liga,Spain,1,29,21,2574,42.6,101.0,0.264,0.234,0.247,0.242,3.307,2.664,2.517,1.479,0.555,1.184,73.27,5.977,9.643,4.234,,
815,Florian de Jong,30,ST,Athletic Bilbao,La Liga,Spain,1,28,25,2465,50.0,109.0,0.642,0.148,0.444,0.148,3.834,1.465,1.182,0.501,0.376,4.074,66.451,3.964,4.603,2.309,,
816,Dominik Zielinski,24,CM,Celta Vigo,La Liga,Spain,1,14,12,1216,50.8,88.0,0.132,0.173,0.141,0.256,2.19,2.524,3.496,2.162,1.737,2.212,92.889,10.555,4.763,2.973,,
817,Sofiane Lindstrom,23,AM,Sevilla,La Liga,Spain,1,25,21,2242,39.2,90.0,0.272,0.256,0.288,0.33,3.934,3.978,1.868,1.208,0.735,1.089,77.967,8.77,7.053,4.021,,
818,Lorenzo Weber,22,CM,Villarreal,La Liga,Spain,1,14,11,1209,56.0,146.0,0.159,0.22,0.16,0.156,1.962,2.37,2.473,1.921,1.341,1.922,93.975,10.923,4.952,1.968,,
819,Pedri Musiala,22,W,Valencia,La Liga,Spain,1,26,22,2258,42.6,167.0,0.383,0.175,0.318,0.178,2.822,3.118,1.622,0.984,0.457,1.042,85.817,5.22,6.124,3.934,,
820,Frenkie Jovic,30,W,Athletic Bilbao,La Liga,Spain,1,26,22,2338,77.6,172.0,0.372,0.344,0.354,0.253,3.26,3.16,2.563,1.276,0.816,1.273,93.434,5.885,8.301,6.358,,
821,Achraf White,24,ST,Cadiz,La Liga,Spain,1,32,27,2794,28.8,114.0,0.51,0.144,0.526,0.129,4.709,1.728,1.433,0.653,0.367,3.479,79.626,4.082,4.093,2.254,,
822,Patrick Diallo,29,GK,Villarreal,La Liga,Spain,1,19,14,1672,15.4,60.0,0.007,0.011,0.006,0.005,0.033,0.275,0.192,0.195,0.056,0.186,73.362,2.059,0.607,0.118,75.532,32.821
823,Leo de Jong,26,FB,Almeria,La Liga,Spain,1,11,8,914,10.7,23.0,0.062,0.113,0.041,0.113,0.942,1.457,3.405,1.766,1.088,1.321,79.222,5.601,4.337,1.615,,
824,Rafael Rodriguez,33,DM,Granada,La Liga,Spain,1,27,25,2370,9.2,17.0,0.049,0.05,0.03,0.075,1.114,1.041,3.247,2.321,1.205,1.903,76.595,7.898,2.584,1.339,,
825,Rafa Zielinski,17,CB,Barcelona,La Liga,Spain,1,12,11,1071,9.1,20.0,0.079,0.044,0.058,0.061,0.887,0.631,2.17,2.089,1.539,3.919,92.384,5.452,1.962,0.542,,
826,Yves Silva,25,CB,Valencia,La Liga,Spain,1,21,20,1879,45.4,133.0,0.119,0.08,0.081,0.061,0.842,0.624,2.91,2.612,2.184,4.145,91.571,6.57,2.506,0.712,,
827,Daichi Muller,29,CB,Granada,La Liga,Spain,1,25,17,2182,13.9,49.0,0.067,0.04,0.056,0.042,0.722,0.55,2.777,1.642,1.736,3.457,86.944,5.657,1.729,0.498,,
828,Jonathan Fischer,30,CB,Osasuna,La Liga,Spain,1,7,5,552,21.3,39.0,0.084,0.049,0.055,0.044,1.028,0.816,2.552,2.447,2.043,3.96,87.956,6.059,2.037,0.521,,
829,Ryan Hernandez,24,DM,Mallorca,La Liga,Spain,1,22,18,1927,4.9,8.0,0.033,0.049,0.034,0.055,0.977,1.171,3.464,2.062,1.208,2.078,96.101,7.35,2.158,0.973,,
830,Diego Costa,23,ST,Real Sociedad,La Liga,Spain,1,32,30,2800,44.7,91.0,0.674,0.167,0.501,0.124,4.596,1.65,0.871,0.567,0.305,3.726,71.782,2.933,4.037,2.792,,
831,Timothy Hall,27,AM,Celta Vigo,La Liga,Spain,1,33,23,2893,25.1,47.0,0.293,0.233,0.246,0.225,2.931,3.49,1.286,1.178,0.798,1.244,92.779,7.397,6.003,3.67,,
832,Vinicius Russo,24,CM,Cadiz,La Liga,Spain,1,18,16,1574,25.9,102.0,0.152,0.17,0.151,0.214,2.115,2.416,2.7,1.576,1.449,1.599,94.596,8.748,3.962,2.193,,
833,Charles Wirtz,29,DM,Atletico Madrid,La Liga,Spain,1,16,10,1352,49.0,147.0,0.074,0.088,0.05,0.094,1.355,1.756,4.884,2.822,1.652,2.794,95.832,8.982,4.296,1.452,,
834,Joao Torres,27,GK,Real Betis,La Liga,Spain,1,9,6,735,27.3,78.0,0.007,0.016,0.006,0.006,0.04,0.298,0.144,0.142,0.058,0.2,77.874,3.001,0.723,0.131,83.409,36.741
835,Mikel Fischer,21,GK,Getafe,La Liga,Spain,1,22,20,1961,17.8,37.0,0.006,0.009,0.005,0.007,0.025,0.36,0.175,0.171,0.053,0.147,82.379,2.438,0.715,0.141,75.047,42.875
836,Edouard Ramirez,24,CB,Getafe,La Liga,Spain,1,36,27,3219,57.6,109.0,0.12,0.086,0.105,0.054,0.814,0.68,2.932,2.201,1.784,5.122,99.297,8.47,1.974,0.736,,
837,Timothy Camara,25,CM,Girona,La Liga,Spain,1,22,16,1955,26.7,54.0,0.125,0.184,0.106,0.199,1.899,2.612,2.696,1.819,1.985,1.86,75.753,9.369,5.062,2.841,,
838,Ivan Rice,21,CM,Almeria,La Liga,Spain,1,6,3,502,45.2,88.0,0.201,0.188,0.147,0.19,2.164,2.465,3.157,1.895,1.782,1.651,82.499,9.351,5.428,2.148,,
839,Axel Wilson,19,CB,Valencia,La Liga,Spain,1,14,12,1184,47.7,183.0,0.099,0.076,0.087,0.073,1.355,0.705,3.243,3.143,2.344,4.518,91.076,6.93,2.941,0.783,,
840,Erling Milinkovic-Savic,27,DM,Almeria,La Liga,Spain,1,31,27,2718,25.8,63.0,0.046,0.075,0.039,0.07,1.071,1.579,3.862,2.519,1.801,2.079,82.529,8.905,3.494,1.696,,
841,Vitinha Elneny,20,CM,Osasuna,La Liga,Spain,1,23,20,2027,52.5,189.0,0.141,0.173,0.153,0.255,2.322,2.161,3.122,1.81,1.408,2.204,92.322,8.677,5.09,2.526,,
842,Dusan Wirtz,24,CB,Celta Vigo,La Liga,Spain,1,13,12,1112,19.9,56.0,0.087,0.051,0.057,0.048,0.836,0.775,2.258,1.791,1.889,3.722,82.783,4.845,2.063,0.571,,
843,Federico Becker,25,ST,Real Betis,La Liga,Spain,1,7,6,605,16.1,36.0,0.487,0.121,0.379,0.13,3.996,1.458,1.036,0.473,0.335,3.557,70.339,3.229,3.182,1.957,,
844,Bruno Camara,34,GK,Cadiz,La Liga,Spain,1,24,18,2123,6.7,25.0,0.007,0.012,0.008,0.007,0.036,0.334,0.208,0.225,0.07,0.19,68.452,2.466,0.702,0.119,81.95,46.682
845,Leon Araujo,25,DM,Las Palmas,La Liga,Spain,1,14,12,1247,16.0,56.0,0.054,0.082,0.028,0.082,1.168,1.483,3.795,2.466,1.249,1.842,78.416,7.065,3.049,1.115,,
846,Vitinha Meyer,19,CB,Cadiz,La Liga,Spain,1,15,12,1308,34.5,69.0,0.081,0.068,0.079,0.072,1.054,0.745,2.917,2.708,2.339,3.823,89.395,6.107,2.316,0.714,,
847,Ivan Lookman,26,CM,Granada,La Liga,Spain,1,34,32,3006,40.0,105.0,0.211,0.264,0.13,0.247,2.046,2.55,3.412,1.678,1.868,1.667,94.286,10.487,5.775,2.155,,
848,Casemiro Visser,27,AM,Valencia,La Liga,Spain,1,6,4,500,12.0,30.0,0.208,0.245,0.245,0.201,3.117,3.153,1.134,0.959,0.557,0.947,71.846,6.893,6.099,3.586,,
849,Rafael de Ligt,24,W,Real Sociedad,La Liga,Spain,1,27,21,2357,3.5,8.0,0.246,0.167,0.249,0.156,2.653,1.849,1.519,0.684,0.376,0.653,69.136,3.849,5.834,3.37,,
850,Bernardo Peters,31,GK,Barcelona,La Liga,Spain,1,10,9,860,61.9,95.0,0.01,0.02,0.007,0.008,0.032,0.415,0.345,0.322,0.104,0.245,90.757,3.229,0.897,0.23,85.48,40.866
851,Casemiro Diallo,29,FB,Atletico Madrid,La Liga,Spain,1,28,19,2437,48.1,175.0,0.08,0.137,0.061,0.23,1.396,2.022,3.586,2.112,1.272,1.849,86.36,8.957,5.629,2.809,,
852,Luis Fernandez,20,AM,Real Betis,La Liga,Spain,1,18,15,1614,25.6,39.0,0.276,0.259,0.225,0.221,3.027,3.376,1.164,0.951,0.568,1.0,78.092,6.848,6.517,4.143,,
853,Mikel Garcia,29,W,Cadiz,La Liga,Spain,1,21,18,1813,16.2,26.0,0.231,0.196,0.21,0.204,2.945,2.102,1.723,0.994,0.576,0.893,77.977,4.718,6.382,4.598,,
854,Kevin Lookman,27,CM,Athletic Bilbao,La Liga,Spain,1,18,15,1620,35.3,63.0,0.171,0.181,0.15,0.203,2.226,1.859,3.415,1.64,1.372,2.191,94.556,8.929,4.554,2.412,,
855,Bruno Sousa,24,CM,Real Betis,La Liga,Spain,1,8,6,709,27.3,94.0,0.135,0.226,0.106,0.174,1.586,2.514,3.4,1.546,1.695,2.164,91.331,8.277,4.391,2.488,,
856,Alexis Araujo,22,CM,Almeria,La Liga,Spain,1,22,19,1964,30.8,55.0,0.1,0.165,0.128,0.222,1.797,2.115,3.352,1.944,1.521,1.77,100.226,8.964,4.304,2.135,,
857,Karim de Jong,29,ST,Osasuna,La Liga,Spain,1,32,26,2804,25.2,58.0,0.563,0.17,0.654,0.111,5.188,1.492,1.151,0.482,0.375,4.244,94.375,4.509,3.365,2.311,,
858,Casemiro Peters,29,FB,Real Betis,La Liga,Spain,1,35,27,3064,64.7,136.0,0.081,0.195,0.065,0.152,1.37,2.029,3.583,2.74,1.47,2.253,75.489,8.508,6.271,1.976,,
859,Davide Xhaka,27,GK,Almeria,La Liga,Spain,1,33,23,2936,31.9,64.0,0.007,0.016,0.008,0.006,0.037,0.404,0.212,0.195,0.063,0.16,78.154,2.738,0.721,0.161,85.623,43.804
860,Harry Marino,24,CM,Alaves,La Liga,Spain,1,10,7,830,34.2,132.0,0.133,0.158,0.134,0.206,1.624,2.308,2.999,2.447,1.653,2.061,83.161,8.535,5.134,2.66,,
861,Youssef Schlotterbeck,24,FB,Getafe,La Liga,Spain,1,13,9,1154,39.9,70.0,0.055,0.173,0.058,0.148,1.357,1.969,3.553,2.225,1.004,1.796,89.224,7.68,5.443,1.947,,
862,Julian Silva,27,FB,Real Sociedad,La Liga,Spain,1,24,23,2127,23.8,78.0,0.078,0.136,0.064,0.158,0.967,2.108,3.649,1.787,1.393,2.189,92.187,8.037,5.857,2.679,,
863,Ismail Kamada,28,W,Granada,La Liga,Spain,1,11,7,969,47.9,184.0,0.412,0.279,0.279,0.209,3.566,2.597,1.807,1.384,0.708,1.081,78.841,6.576,8.505,5.271,,
864,Ismail Dembélé,24,CM,Celta Vigo,La Liga,Spain,1,30,25,2695,38.6,85.0,0.172,0.251,0.171,0.171,2.141,2.462,2.823,1.758,2.008,1.83,82.508,10.64,6.175,2.033,,
865,Cody Kostic,24,CM,Real Sociedad,La Liga,Spain,1,9,6,737,6.5,23.0,0.103,0.125,0.087,0.127,1.464,2.031,2.215,1.196,1.128,1.605,88.469,7.209,3.412,1.929,,
866,Trent Nunez,29,CM,Girona,La Liga,Spain,1,8,6,633,37.2,143.0,0.164,0.199,0.136,0.182,1.696,2.325,3.045,2.131,1.792,1.591,78.683,8.409,4.868,2.111,,
867,Leon Russo,28,W,Athletic Bilbao,La Liga,Spain,1,21,17,1889,50.1,169.0,0.392,0.313,0.321,0.236,3.628,3.051,2.189,0.884,0.683,1.268,82.647,6.791,7.765,6.177,,
868,Khvicha Reyna,21,AM,Cadiz,La Liga,Spain,1,14,12,1181,71.0,127.0,0.402,0.266,0.24,0.347,3.995,3.881,1.668,1.474,0.707,1.139,83.579,7.653,8.06,4.157,,
869,Emil King,23,AM,Mallorca,La Liga,Spain,1,36,25,3188,18.5,39.0,0.237,0.205,0.22,0.222,3.437,3.489,1.676,1.01,0.76,1.255,85.193,8.123,7.295,3.819,,
870,Leroy Walker,29,CB,Real Betis,La Liga,Spain,1,20,13,1756,45.0,84.0,0.088,0.07,0.08,0.063,1.095,0.748,3.003,2.217,1.928,3.848,79.59,8.185,1.987,0.786,,
871,Lorenzo Suarez,29,FB,Valencia,La Liga,Spain,1,17,14,1451,8.6,25.0,0.053,0.111,0.045,0.127,0.789,1.294,3.189,1.639,0.929,1.572,68.892,5.336,4.388,1.709,,
872,Ivan King,25,CB,Celta Vigo,La Liga,Spain,1,26,24,2251,18.5,35.0,0.078,0.045,0.063,0.043,0.835,0.583,2.56,1.881,1.57,3.803,100.947,5.201,2.098,0.609,,
873,Son Jones,23,W,Getafe,La Liga,Spain,1,22,20,1899,51.4,180.0,0.473,0.234,0.321,0.294,3.909,3.11,2.378,1.124,0.86,1.585,93.79,5.901,9.722,6.428,,
874,Serge Odegaard,21,CB,Athletic Bilbao,La Liga,Spain,1,22,19,1972,19.2,33.0,0.068,0.058,0.051,0.046,0.819,0.585,2.208,1.79,1.773,3.008,99.584,5.217,1.763,0.571,,
875,Lautaro White,29,FB,Villarreal,La Liga,Spain,1,34,27,3033,15.0,26.0,0.059,0.108,0.041,0.134,0.959,1.498,2.748,1.254,1.117,1.628,87.771,6.184,4.246,1.794,,
876,Takumi Kamada,24,CB,Real Betis,La Liga,Spain,1,18,15,1593,18.4,34.0,0.075,0.056,0.058,0.047,0.873,0.581,2.266,2.614,1.709,4.125,88.659,5.13,2.201,0.445,,
877,Dusan Ricci,17,CB,Girona,La Liga,Spain,1,18,12,1543,4.3,8.0,0.057,0.041,0.039,0.034,0.677,0.518,2.234,1.996,1.682,3.19,87.03,5.102,1.603,0.392,,
878,Bruno Ricci,34,CM,Granada,La Liga,Spain,1,31,26,2784,5.6,21.0,0.094,0.145,0.126,0.172,1.543,2.14,2.277,1.641,1.28,1.456,93.89,6.656,4.118,1.68,,
879,Vinicius Xhaka,33,CB,Real Madrid,La Liga,Spain,1,33,28,2953,21.9,83.0,0.106,0.073,0.086,0.071,0.957,0.666,3.045,2.526,2.045,4.209,87.222,6.093,2.417,0.671,,
880,Antoine McKennie,33,CB,Celta Vigo,La Liga,Spain,1,19,15,1654,7.8,15.0,0.058,0.048,0.063,0.041,0.844,0.642,2.542,2.056,2.012,3.034,83.775,4.95,1.549,0.404,,
881,William Lee,31,W,Rayo Vallecano,La Liga,Spain,1,33,32,2969,10.2,20.0,0.271,0.185,0.26,0.231,2.616,2.355,1.565,0.885,0.443,0.987,77.342,5.413,5.488,3.529,,
882,Ritsu Osimhen,23,FB,Barcelona,La Liga,Spain,1,8,5,719,75.3,198.0,0.109,0.143,0.078,0.175,1.301,1.818,3.804,2.212,1.421,2.287,98.568,8.518,7.736,3.45,,
883,Ivan Becker,24,W,Real Sociedad,La Liga,Spain,1,9,7,768,22.8,48.0,0.297,0.23,0.279,0.232,3.481,3.026,1.573,1.332,0.581,1.091,82.233,6.557,7.496,5.035,,
884,Jamal Mane,22,ST,Real Betis,La Liga,Spain,1,22,18,1926,7.2,15.0,0.366,0.1,0.352,0.105,3.754,1.246,0.904,0.498,0.284,2.561,66.531,3.342,3.477,2.15,,
885,Omar Kim,31,W,Las Palmas,La Liga,Spain,1,36,32,3183,9.6,21.0,0.227,0.198,0.245,0.191,2.69,2.534,1.674,0.945,0.417,0.79,89.971,4.964,7.155,4.153,,
886,Phil Palmer,25,FB,Mallorca,La Liga,Spain,1,6,4,520,21.5,60.0,0.059,0.162,0.066,0.143,1.119,2.006,2.676,1.652,0.98,2.101,78.372,7.037,6.118,1.73,,
887,Rayan Diallo,25,FB,Real Sociedad,La Liga,Spain,1,19,16,1675,29.7,110.0,0.05,0.134,0.06,0.165,1.134,1.685,3.521,1.88,1.265,1.972,92.185,6.073,5.548,2.751,,
888,Ousmane Park,22,ST,Girona,La Liga,Spain,1,18,15,1620,17.1,38.0,0.428,0.148,0.344,0.144,3.753,1.613,1.197,0.599,0.357,2.958,84.083,2.821,4.269,2.592,,
889,Phil Diallo,28,W,Girona,La Liga,Spain,1,14,10,1213,28.6,50.0,0.367,0.211,0.308,0.258,3.666,2.832,1.896,0.994,0.698,1.274,81.42,5.477,6.8,5.303,,
890,Matthijs Robinson,23,CB,Alaves,La Liga,Spain,1,17,12,1513,28.8,104.0,0.082,0.059,0.057,0.044,0.95,0.71,2.632,2.686,1.733,3.789,101.609,6.288,1.74,0.722,,
891,Romelu Musah,26,AM,Sevilla,La Liga,Spain,1,31,25,2750,58.2,108.0,0.29,0.28,0.265,0.309,3.597,4.227,1.94,1.174,0.782,1.327,87.169,8.194,9.804,3.785,,
892,Diogo Trezeguet,28,DM,Barcelona,La Liga,Spain,1,20,18,1717,30.6,96.0,0.06,0.085,0.033,0.095,1.3,1.517,3.73,2.751,1.268,2.236,100.911,8.555,2.827,1.617,,
893,Matthijs Bassey,29,CB,Real Madrid,La Liga,Spain,1,16,12,1394,34.6,71.0,0.068,0.053,0.074,0.07,1.069,0.766,3.155,2.569,2.29,4.07,88.504,8.14,2.009,0.673,,
894,William Gudelj,17,GK,Atletico Madrid,La Liga,Spain,1,16,14,1407,6.1,17.0,0.006,0.013,0.006,0.006,0.035,0.344,0.136,0.198,0.068,0.17,77.108,2.27,0.599,0.133,70.462,37.589
895,Bukayo White,21,GK,Villarreal,La Liga,Spain,1,33,30,2920,53.8,170.0,0.005,0.015,0.008,0.006,0.035,0.353,0.26,0.216,0.077,0.204,71.162,2.518,0.751,0.16,65.138,43.539
896,Axel Reyna,18,DM,Cadiz,La Liga,Spain,1,16,15,1423,22.9,77.0,0.054,0.082,0.042,0.08,0.857,1.446,3.762,2.621,1.595,2.382,92.094,8.014,2.808,1.497,,
897,Pau Schlotterbeck,30,CM,Real Betis,La Liga,Spain,1,27,25,2425,7.3,12.0,0.09,0.118,0.094,0.145,1.391,1.826,2.0,1.464,1.33,1.289,78.453,8.436,3.341,1.522,,
898,Vinicius Gudelj,29,GK,Alaves,La Liga,Spain,1,18,14,1620,4.3,17.0,0.004,0.009,0.004,0.005,0.023,0.279,0.121,0.145,0.052,0.125,72.806,2.307,0.446,0.083,62.708,27.526
899,Sadio Colombo,25,CB,Osasuna,La Liga,Spain,1,21,19,1820,53.1,98.0,0.126,0.075,0.099,0.056,1.078,1.15,3.327,3.031,2.015,5.551,81.543,6.913,3.183,0.666,,
900,Alexander Son,22,CB,Cadiz,La Liga,Spain,1,29,23,2607,28.8,62.0,0.054,0.039,0.068,0.052,0.967,0.785,2.452,1.872,2.171,3.653,77.183,6.221,2.395,0.463,,
901,Julian Zielinski,34,DM,Rayo Vallecano,La Liga,Spain,1,36,26,3216,4.9,13.0,0.047,0.051,0.028,0.068,0.97,1.193,3.594,2.559,1.485,2.083,88.887,8.815,2.65,1.405,,
902,Carlos Davies,28,CB,Celta Vigo,La Liga,Spain,1,29,22,2596,14.4,57.0,0.082,0.056,0.055,0.049,0.742,0.738,2.497,1.98,2.066,3.113,91.583,6.201,2.015,0.475,,
903,Joao Taylor,25,GK,Real Sociedad,La Liga,Spain,1,9,7,778,48.0,150.0,0.01,0.014,0.01,0.009,0.048,0.455,0.255,0.288,0.107,0.256,79.715,3.66,0.985,0.161,76.216,55.266
904,Samuel Osimhen,28,ST,Barcelona,La Liga,Spain,1,32,28,2872,7.7,14.0,0.332,0.093,0.433,0.121,3.209,1.09,0.694,0.496,0.302,3.095,69.566,2.902,2.963,1.852,,
905,Bernardo Aaronson,31,ST,Rayo Vallecano,La Liga,Spain,1,28,26,2511,18.0,45.0,0.471,0.143,0.522,0.117,4.485,1.287,0.963,0.698,0.307,3.83,87.526,3.739,4.036,2.026,,
906,Iker Visser,31,W,Las Palmas,La Liga,Spain,1,27,26,2425,10.9,32.0,0.242,0.196,0.249,0.223,2.534,2.615,1.558,0.806,0.514,1.018,71.529,5.466,5.805,4.573,,
907,Bernardo Fischer,25,CB,Celta Vigo,La Liga,Spain,1,24,18,2080,27.2,76.0,0.062,0.06,0.069,0.07,1.04,0.743,2.943,2.763,1.865,3.373,81.08,5.376,2.374,0.545,,
908,Rayan Dembélé,28,CB,Girona,La Liga,Spain,1,20,19,1735,26.5,73.0,0.075,0.056,0.058,0.052,0.895,0.88,3.325,1.971,1.944,3.892,90.009,7.267,2.166,0.561,,
909,Jamal Colombo,25,DM,Celta Vigo,La Liga,Spain,1,11,9,902,6.7,11.0,0.039,0.053,0.031,0.078,0.852,1.294,3.318,2.321,1.0,1.687,101.071,7.036,2.33,1.078,,
910,Dani Ramirez,28,W,Almeria,La Liga,Spain,1,34,27,3046,42.8,163.0,0.398,0.281,0.357,0.327,4.58,2.866,2.48,1.054,0.55,1.725,83.437,5.371,9.393,5.468,,
911,Frenkie Schmidt,28,FB,Las Palmas,La Liga,Spain,1,16,13,1403,33.1,55.0,0.091,0.154,0.065,0.131,1.273,2.252,3.454,2.105,1.29,1.753,90.108,6.072,5.557,2.317,,
912,Pau Russo,28,DM,Real Betis,La Liga,Spain,1,24,17,2153,35.7,76.0,0.061,0.092,0.056,0.111,1.091,1.728,4.617,2.757,1.693,2.166,95.694,9.595,3.534,1.77,,
913,Ferran Musah,21,W,Real Betis,La Liga,Spain,1,25,17,2188,49.7,130.0,0.274,0.236,0.314,0.245,3.76,2.673,2.387,1.373,0.725,1.049,83.192,6.338,9.122,5.225,,
914,Romelu Szczesny,24,W,Girona,La Liga,Spain,1,22,15,1921,48.1,156.0,0.412,0.331,0.391,0.255,3.762,2.57,2.373,1.595,0.81,1.361,75.292,5.157,8.885,5.888,,
915,Nicolo de Jong,24,ST,Athletic Bilbao,La Liga,Spain,1,27,26,2417,41.0,144.0,0.45,0.134,0.603,0.164,4.476,1.468,1.221,0.48,0.372,3.844,90.292,3.872,3.266,2.443,,
916,Vinicius Moreno,26,W,Villarreal,La Liga,Spain,1,28,24,2462,36.7,105.0,0.354,0.3,0.305,0.209,3.487,3.623,1.914,1.169,0.688,1.417,78.806,6.276,8.145,5.029,,
917,Bukayo Silva,22,AM,Valencia,La Liga,Spain,1,12,9,1011,60.6,173.0,0.295,0.244,0.302,0.303,3.346,3.132,1.369,1.239,0.765,1.136,88.33,8.181,8.412,3.653,,
918,Julian Aaronson,27,CM,Cadiz,La Liga,Spain,1,18,11,1532,18.9,45.0,0.105,0.167,0.109,0.143,2.149,1.993,2.284,1.951,1.356,1.816,95.836,9.316,3.818,2.454,,
919,Daniel Suarez,24,AM,Osasuna,La Liga,Spain,1,21,18,1885,52.2,194.0,0.39,0.314,0.317,0.375,4.305,3.658,1.735,1.344,0.709,1.071,73.893,9.067,7.13,4.368,,
920,Alexander Schmidt,26,W,Cadiz,La Liga,Spain,1,15,13,1262,39.3,126.0,0.448,0.277,0.313,0.262,3.598,2.904,2.093,1.228,0.731,0.914,77.857,5.72,6.676,5.582,,
921,Alexander Hernandez,23,DM,Real Sociedad,La Liga,Spain,1,22,20,1948,7.4,14.0,0.045,0.054,0.031,0.079,0.909,1.213,3.094,2.245,1.19,1.94,83.456,7.46,2.654,1.336,,
922,Joshua Elneny,24,AM,Villarreal,La Liga,Spain,1,7,6,629,40.0,101.0,0.272,0.322,0.274,0.342,2.701,3.904,1.402,1.481,0.754,1.302,80.92,7.951,6.773,4.952,,
923,Ansu Mane,30,CB,Celta Vigo,La Liga,Spain,1,32,30,2841,2.6,10.0,0.052,0.032,0.047,0.032,0.678,0.451,1.777,1.467,1.634,2.872,74.68,3.732,1.489,0.423,,
924,Ritsu Sobhi,26,CB,Cadiz,La Liga,Spain,1,28,25,2506,23.1,87.0,0.089,0.056,0.045,0.042,0.802,0.815,2.599,2.554,1.773,3.283,75.225,5.062,2.087,0.479,,
925,Federico Kim,25,AM,Real Betis,La Liga,Spain,1,8,6,705,46.5,155.0,0.349,0.354,0.337,0.268,3.079,3.278,1.637,1.103,0.681,1.515,80.491,7.91,8.685,5.011,,
926,Ibrahim Musiala,30,CM,Cadiz,La Liga,Spain,1,21,17,1806,40.6,68.0,0.133,0.193,0.113,0.164,1.899,2.141,2.371,2.26,1.485,2.23,94.879,10.557,4.765,2.628,,
927,Yves Williams,37,FB,Almeria,La Liga,Spain,1,14,11,1210,8.6,25.0,0.077,0.188,0.08,0.165,1.112,2.37,3.495,2.641,1.245,2.575,85.603,7.889,6.523,2.371,,
928,Ryan Salah,31,CB,Osasuna,La Liga,Spain,1,19,12,1641,21.4,52.0,0.069,0.055,0.064,0.049,0.796,0.666,2.859,2.308,2.005,4.148,76.716,6.35,2.239,0.564,,
929,Hakim Alves,23,AM,Athletic Bilbao,La Liga,Spain,1,20,14,1741,12.9,50.0,0.232,0.216,0.206,0.249,2.503,3.265,1.447,0.75,0.678,0.824,70.99,7.679,6.637,4.048,,
930,Victor Reyna,26,CB,Real Madrid,La Liga,Spain,1,17,11,1486,27.1,82.0,0.084,0.057,0.07,0.054,0.949,0.776,3.411,2.66,1.933,3.947,86.471,6.842,2.619,0.772,,
931,Thiago Hernandez,17,W,Celta Vigo,La Liga,Spain,1,17,12,1462,38.3,127.0,0.363,0.263,0.382,0.298,3.775,3.306,2.065,1.217,0.665,1.725,90.421,5.657,9.215,5.086,,
932,Bernardo Wirtz,32,CB,Real Betis,La Liga,Spain,1,20,17,1753,26.9,50.0,0.099,0.042,0.071,0.061,0.856,0.773,2.525,2.077,2.061,4.401,94.055,6.434,2.645,0.58,,
933,Mohamed Visser,27,AM,Mallorca,La Liga,Spain,1,8,5,639,44.1,121.0,0.315,0.316,0.271,0.339,3.158,3.766,1.929,1.173,0.817,1.293,89.991,10.814,7.464,5.21,,
934,Erling Santos,23,CB,Real Sociedad,La Liga,Spain,1,33,23,2891,20.8,43.0,0.066,0.051,0.072,0.047,0.739,0.714,2.451,2.404,1.914,3.006,101.226,6.568,2.124,0.493,,
935,Miguel Schlotterbeck,32,AM,Rayo Vallecano,La Liga,Spain,1,29,27,2531,23.4,66.0,0.379,0.35,0.322,0.287,3.626,4.603,1.963,1.032,0.822,1.456,85.242,8.812,7.533,4.431,,
936,Kylian Kim,29,CB,Girona,La Liga,Spain,1,17,11,1447,13.8,42.0,0.056,0.041,0.065,0.046,0.723,0.645,2.585,2.458,1.852,3.631,81.039,4.718,1.782,0.536,,
937,Takumi Xhaka,23,GK,Granada,La Liga,Spain,1,10,7,843,13.9,46.0,0.006,0.011,0.006,0.007,0.031,0.328,0.193,0.176,0.079,0.148,67.996,2.453,0.611,0.127,64.608,46.326
938,Matteo Taylor,29,GK,Almeria,La Liga,Spain,1,8,7,708,33.0,53.0,0.008,0.016,0.008,0.006,0.037,0.368,0.24,0.213,0.063,0.203,74.483,2.792,0.811,0.131,75.417,44.533
939,Victor Camara,28,ST,Las Palmas,La Liga,Spain,1,31,25,2706,48.2,151.0,0.485,0.193,0.572,0.175,5.167,1.743,1.398,0.884,0.42,4.764,88.108,5.1,4.212,2.762,,
940,Hakim Martinez,27,CB,Getafe,La Liga,Spain,1,16,12,1354,38.9,129.0,0.085,0.059,0.078,0.055,0.904,0.671,2.381,2.159,1.829,3.967,81.867,6.598,2.306,0.609,,
941,Joao Lookman,29,ST,Celta Vigo,La Liga,Spain,1,35,27,3124,7.1,12.0,0.333,0.12,0.434,0.102,4.271,1.396,0.882,0.571,0.276,3.316,64.571,3.372,3.944,2.344,,
942,Bernardo de Ligt,24,GK,Atletico Madrid,La Liga,Spain,1,34,31,3019,41.4,85.0,0.009,0.013,0.008,0.008,0.043,0.412,0.21,0.241,0.06,0.261,89.92,2.707,0.811,0.16,72.972,48.465
943,Ibrahim Minamino,22,AM,Granada,La Liga,Spain,1,33,29,2908,55.7,162.0,0.291,0.278,0.305,0.328,3.197,3.691,1.94,1.296,0.987,1.014,77.607,10.643,5.943,4.332,,
944,Ferran Valverde,28,CM,Athletic Bilbao,La Liga,Spain,1,14,10,1258,18.0,54.0,0.122,0.182,0.107,0.175,1.514,2.211,2.104,2.099,1.23,1.852,80.064,7.181,4.07,2.0,,
945,Jude Minamino,24,CB,Rayo Vallecano,La Liga,Spain,1,24,19,2083,37.9,135.0,0.094,0.054,0.079,0.061,1.031,0.608,2.924,2.847,1.769,3.982,99.223,6.598,2.797,0.62,,
946,Angel Ramirez,31,AM,Celta Vigo,La Liga,Spain,1,36,32,3203,25.1,84.0,0.261,0.288,0.246,0.269,3.571,3.936,1.326,1.179,0.877,1.048,86.134,6.984,8.255,4.178,,
947,Marcelo Johnson,27,ST,Real Madrid,La Liga,Spain,1,35,31,3127,35.3,127.0,0.483,0.128,0.437,0.121,4.476,1.714,1.148,0.537,0.432,3.576,77.53,3.434,4.574,2.063,,
948,Raphael Kostic,26,CB,Real Sociedad,La Liga,Spain,1,26,20,2265,46.5,87.0,0.078,0.057,0.055,0.083,0.983,0.912,2.803,2.278,2.109,4.406,106.069,6.333,2.52,0.536,,
949,Patrick Williams,33,CB,Girona,La Liga,Spain,1,28,23,2446,12.1,35.0,0.083,0.048,0.07,0.059,0.788,0.701,3.135,2.433,2.286,3.303,93.545,5.614,1.692,0.52,,
950,Eric Zielinski,25,GK,Real Betis,La Liga,Spain,1,20,14,1773,21.5,78.0,0.005,0.011,0.005,0.006,0.033,0.329,0.182,0.171,0.064,0.215,70.241,2.051,0.528,0.119,69.706,37.382
951,Sandro Bakker,23,AM,Sevilla,La Liga,Spain,1,18,15,1569,59.2,212.0,0.264,0.329,0.305,0.24,3.744,4.399,1.43,1.29,1.021,1.275,81.31,7.547,6.767,4.915,,
952,Emil Elneny,31,AM,Cadiz,La Liga,Spain,1,7,6,550,41.6,163.0,0.292,0.358,0.248,0.3,3.122,3.775,1.273,1.175,0.967,1.056,95.649,9.728,9.902,4.486,,
953,Sergio Reyna,25,W,Mallorca,La Liga,Spain,1,25,22,2186,22.8,74.0,0.389,0.212,0.255,0.273,3.424,2.69,1.421,0.972,0.558,0.8,72.958,5.598,8.079,5.016,,
954,Rodri Wagner,25,CB,Osasuna,La Liga,Spain,1,15,13,1319,24.1,92.0,0.083,0.06,0.066,0.071,0.921,0.887,2.766,2.978,2.07,3.518,79.491,5.965,2.282,0.45,,
955,Julian Ndidi,28,AM,Real Sociedad,La Liga,Spain,1,37,30,3241,28.8,77.0,0.316,0.284,0.269,0.285,2.754,4.035,1.304,1.255,0.679,1.097,94.139,8.471,6.855,3.414,,
956,Carlos Bentancur,28,FB,Valencia,La Liga,Spain,1,14,11,1178,6.0,14.0,0.062,0.095,0.046,0.132,1.06,1.411,2.6,1.263,0.958,1.404,92.609,5.764,4.417,2.098,,
957,Frenkie Smith,22,FB,Sevilla,La Liga,Spain,1,23,21,2004,49.9,185.0,0.1,0.151,0.079,0.144,1.118,1.886,3.396,1.883,1.121,1.643,74.955,6.306,6.924,2.328,,
958,Enzo Mane,25,FB,Girona,La Liga,Spain,1,19,14,1707,55.2,164.0,0.082,0.138,0.057,0.173,1.235,2.543,3.345,2.447,1.548,2.158,98.883,9.634,6.748,2.935,,
959,Gavi de Jong,26,W,Real Betis,La Liga,Spain,1,28,23,2473,17.8,32.0,0.343,0.219,0.283,0.255,2.855,2.721,2.033,0.991,0.566,1.047,82.303,4.935,7.686,3.593,,
960,James Saka,21,FB,Mallorca,La Liga,Spain,1,23,18,2042,68.1,251.0,0.092,0.191,0.07,0.203,1.527,2.511,3.703,2.087,1.357,2.309,96.933,8.669,6.843,2.733,,
961,Luis Osimhen,32,FB,Atletico Madrid,La Liga,Spain,1,13,11,1094,14.2,45.0,0.056,0.14,0.042,0.15,1.037,1.595,2.95,1.599,0.975,1.539,82.657,6.614,5.123,1.913,,
962,Ryan Araujo,31,ST,Almeria,La Liga,Spain,1,18,15,1572,14.1,51.0,0.498,0.105,0.476,0.137,4.073,1.179,0.976,0.419,0.307,3.508,64.677,3.83,3.693,2.808,,
963,Takumi Jimenez,28,CM,Real Madrid,La Liga,Spain,1,19,17,1680,24.5,75.0,0.116,0.172,0.108,0.153,1.57,2.288,2.501,1.917,1.533,1.798,85.018,8.89,4.595,2.63,,
964,Phil Nunez,18,CM,Celta Vigo,La Liga,Spain,1,16,11,1381,7.8,24.0,0.114,0.146,0.117,0.169,1.427,2.224,2.591,1.585,1.56,1.717,83.001,7.822,4.0,1.919,,
965,Max Jones,26,CB,Alaves,La Liga,Spain,1,6,5,537,74.1,273.0,0.081,0.081,0.085,0.079,1.372,0.846,2.713,3.277,2.336,4.48,80.859,7.091,2.975,0.77,,
966,Cody Valverde,20,CB,Granada,La Liga,Spain,1,11,8,912,9.4,30.0,0.056,0.036,0.051,0.044,0.839,0.577,2.09,2.151,1.783,3.749,80.462,4.567,1.409,0.411,,
967,Sofiane Pereira,26,FB,Real Madrid,La Liga,Spain,1,9,6,809,26.2,80.0,0.076,0.153,0.061,0.129,1.096,2.373,3.364,2.08,1.163,1.995,87.506,8.365,5.285,2.133,,
968,Emil Onyeka,26,W,Real Sociedad,La Liga,Spain,1,22,17,1898,48.6,137.0,0.346,0.235,0.291,0.255,3.71,2.278,2.234,1.11,0.685,1.283,89.312,6.153,6.806,5.907,,
969,Adama Lookman,32,FB,Cadiz,La Liga,Spain,1,10,9,845,8.9,20.0,0.057,0.134,0.039,0.133,1.005,1.522,2.639,1.919,0.895,1.47,71.48,6.433,5.302,1.825,,
970,Andre Rodriguez,29,CM,Barcelona,La Liga,Spain,1,9,8,785,44.8,69.0,0.147,0.212,0.176,0.23,1.991,2.437,2.993,2.524,1.945,2.29,98.292,10.1,4.407,2.373,,
971,Marc Son,29,ST,Getafe,La Liga,Spain,1,28,26,2508,48.2,147.0,0.68,0.153,0.611,0.175,5.189,1.667,1.559,0.868,0.381,3.846,86.05,5.75,4.678,3.968,,
972,Nicolo Zielinski,31,DM,Atletico Madrid,La Liga,Spain,1,25,19,2197,22.2,74.0,0.061,0.103,0.036,0.081,1.245,1.539,4.799,2.93,1.479,2.146,92.812,6.471,3.125,1.635,,
973,Bukayo King,30,AM,Cadiz,La Liga,Spain,1,15,10,1261,13.4,28.0,0.259,0.219,0.243,0.218,2.542,3.508,1.1,0.935,0.678,0.746,87.948,7.0,6.138,3.028,,
974,Ruben Rice,26,FB,Barcelona,La Liga,Spain,1,26,18,2286,41.9,66.0,0.09,0.124,0.049,0.144,1.259,1.595,3.375,2.105,1.015,1.868,71.629,8.573,5.389,2.402,,
975,Tomas Diaz,24,CB,Alaves,La Liga,Spain,1,25,22,2223,21.0,76.0,0.064,0.064,0.065,0.043,0.927,0.699,2.471,1.889,2.03,3.276,80.167,6.934,2.389,0.579,,
976,Mikel Bentancur,19,ST,Almeria,La Liga,Spain,1,6,4,484,24.7,76.0,0.488,0.104,0.481,0.122,3.826,1.679,0.967,0.498,0.38,2.97,84.217,3.939,4.592,2.672,,
977,Takumi Alves,28,GK,Real Madrid,La Liga,Spain,1,30,29,2641,28.4,78.0,0.007,0.016,0.006,0.007,0.036,0.46,0.199,0.221,0.057,0.18,74.281,3.673,0.839,0.177,74.784,47.547
978,Federico Ricci,24,CB,Mallorca,La Liga,Spain,1,33,22,2914,24.2,53.0,0.06,0.051,0.082,0.056,0.789,0.743,2.959,2.004,2.185,3.835,99.034,6.481,2.334,0.529,,
979,Ryan Elneny,21,W,Alaves,La Liga,Spain,1,15,14,1329,48.1,180.0,0.422,0.251,0.34,0.284,3.341,3.096,2.216,1.207,0.813,1.326,89.929,5.653,9.05,5.442,,
980,Omar Lindstrom,27,W,Rayo Vallecano,La Liga,Spain,1,29,27,2572,19.9,71.0,0.363,0.171,0.295,0.207,2.835,2.617,1.8,0.833,0.481,0.844,90.089,5.066,6.989,4.529,,
981,Ritsu Meyer,25,CM,Sevilla,La Liga,Spain,1,25,20,2227,27.8,104.0,0.17,0.186,0.111,0.197,2.255,2.333,2.819,1.916,1.668,1.689,85.073,9.779,4.72,1.963,,
982,Moises Hall,18,CM,Athletic Bilbao,La Liga,Spain,1,14,11,1185,19.7,61.0,0.117,0.178,0.108,0.202,1.743,2.195,2.378,1.786,1.606,2.292,91.268,9.971,4.87,2.452,,
983,William Walker,25,W,Valencia,La Liga,Spain,1,26,25,2278,66.0,206.0,0.411,0.211,0.296,0.278,3.887,3.225,2.219,1.212,0.742,1.266,89.483,6.392,8.49,5.035,,
984,Kai Haaland,25,W,Alaves,La Liga,Spain,1,33,31,2919,48.8,88.0,0.373,0.231,0.33,0.246,3.904,3.428,2.067,1.191,0.818,1.551,77.822,5.381,8.335,5.501,,
985,Angel White,25,FB,Valencia,La Liga,Spain,1,27,20,2427,12.8,35.0,0.055,0.136,0.036,0.123,0.863,1.497,2.963,1.783,1.126,1.796,80.386,6.001,4.702,2.189,,
986,Ansu Hall,30,W,Sevilla,La Liga,Spain,1,26,17,2251,59.0,106.0,0.384,0.21,0.385,0.316,3.641,4.025,1.955,1.276,0.774,1.393,88.389,5.863,10.809,5.703,,
987,Alexander Garcia,23,CB,Granada,La Liga,Spain,1,18,16,1582,60.8,139.0,0.111,0.077,0.073,0.052,1.063,0.897,3.315,2.988,2.042,4.087,80.829,7.347,2.122,0.655,,
988,Lautaro Bentancur,27,GK,Villarreal,La Liga,Spain,1,32,29,2821,21.0,35.0,0.007,0.012,0.008,0.005,0.036,0.335,0.195,0.225,0.074,0.16,72.156,2.5,0.718,0.112,85.984,43.909
989,Angel Gonzalez,26,AM,Osasuna,La Liga,Spain,1,21,17,1865,53.0,180.0,0.292,0.402,0.396,0.258,2.847,3.989,2.279,1.346,1.073,1.15,95.624,10.088,9.14,4.608,,
990,Vitinha Konaté,23,W,Cadiz,La Liga,Spain,1,9,8,778,45.5,151.0,0.368,0.183,0.386,0.296,3.49,3.692,1.642,1.004,0.492,1.12,88.042,6.263,9.321,6.026,,
991,Pedri Elneny,23,CM,Barcelona,La Liga,Spain,1,35,29,3148,26.8,56.0,0.177,0.204,0.14,0.211,1.962,2.353,2.698,1.859,1.523,2.352,101.773,9.291,4.545,2.921,,
992,Alejandro Thompson,25,W,Girona,La Liga,Spain,1,20,16,1776,51.1,140.0,0.321,0.286,0.288,0.248,3.806,2.512,2.39,1.41,0.545,1.346,92.712,6.701,10.665,4.212,,
993,Pablo Iwobi,30,CB,Las Palmas,La Liga,Spain,1,12,9,1046,24.1,78.0,0.055,0.043,0.057,0.059,0.786,0.613,2.75,1.8,1.912,3.932,95.406,6.032,2.048,0.534,,
994,Takumi Onyeka,27,CB,Alaves,La Liga,Spain,1,6,5,532,7.5,12.0,0.063,0.041,0.062,0.04,0.716,0.562,2.348,1.781,1.599,3.045,81.607,4.101,1.658,0.432,,
995,Sadio Touré,26,FB,Rayo Vallecano,La Liga,Spain,1,34,32,3012,75.9,116.0,0.11,0.23,0.063,0.168,1.725,1.747,4.163,2.382,1.133,1.877,84.431,7.902,6.488,2.688,,
996,Bruno Minamino,27,DM,Barcelona,La Liga,Spain,1,9,8,810,32.0,126.0,0.054,0.098,0.044,0.075,1.332,1.462,3.463,2.238,1.408,2.689,82.183,7.513,2.768,1.521,,
997,Joshua Nunez,32,W,Real Sociedad,La Liga,Spain,1,35,26,3119,46.0,83.0,0.455,0.287,0.341,0.291,5.175,2.696,2.404,1.627,0.652,1.404,94.457,5.997,8.562,6.866,,
998,Antoine Palmer,17,ST,Granada,La Liga,Spain,1,14,10,1212,16.4,57.0,0.464,0.168,0.511,0.142,4.372,1.36,1.168,0.531,0.299,4.375,77.744,4.02,3.342,1.956,,
999,Hakim Araujo,26,CB,Celta Vigo,La Liga,Spain,1,10,8,811,35.8,94.0,0.085,0.048,0.067,0.054,1.035,0.713,2.988,1.907,1.951,3.97,91.386,5.571,2.321,0.597,,
1000,Youssef Hernandez,23,ST,Osasuna,La Liga,Spain,1,35,25,3095,17.5,53.0,0.531,0.125,0.516,0.125,4.353,1.634,0.946,0.541,0.327,3.656,86.688,4.103,3.115,2.555,,
1001,Jude Johnson,23,CB,Werder Bremen,Bundesliga,Germany,1,23,17,2027,27.9,109.0,0.081,0.046,0.055,0.052,0.846,0.825,2.657,2.504,1.725,3.587,80.664,6.258,2.227,0.559,,
1002,Jude Rossi,30,CM,Bayer Leverkusen,Bundesliga,Germany,1,28,25,2482,15.5,35.0,0.101,0.178,0.1,0.207,1.44,1.928,2.507,1.826,1.58,1.473,93.813,7.707,3.705,1.908,,
1003,Alexis Musiala,27,W,Hoffenheim,Bundesliga,Germany,1,7,4,590,36.1,139.0,0.414,0.24,0.378,0.258,3.604,3.025,1.574,1.317,0.544,1.252,82.602,5.281,7.773,5.188,,
1004,Lorenzo King,31,AM,Hoffenheim,Bundesliga,Germany,1,15,12,1337,41.4,150.0,0.236,0.261,0.298,0.285,2.722,4.421,1.295,1.223,0.785,1.197,96.542,7.127,6.287,3.488,,
1005,Leo Pereira,21,FB,Bayer Leverkusen,Bundesliga,Germany,1,24,20,2079,53.7,167.0,0.067,0.193,0.08,0.183,1.221,1.827,3.782,2.127,1.223,2.362,81.937,7.762,5.88,2.01,,
1006,Thomas Meyer,26,DM,Augsburg,Bundesliga,Germany,1,12,8,1003,27.7,107.0,0.062,0.065,0.048,0.09,1.315,1.341,3.875,2.28,1.62,2.46,90.099,8.31,3.163,1.651,,
1007,Ansu Thompson,28,AM,Eintracht Frankfurt,Bundesliga,Germany,1,26,17,2288,11.1,27.0,0.227,0.198,0.242,0.22,2.968,2.816,1.281,0.846,0.681,1.043,76.501,7.236,7.184,2.936,,
1008,Luka Oliveira,32,CB,Union Berlin,Bundesliga,Germany,1,13,9,1154,18.4,63.0,0.082,0.065,0.07,0.048,0.889,0.772,2.515,2.253,1.786,4.168,82.588,5.17,1.827,0.479,,
1009,Jamal Wilson,30,AM,RB Leipzig,Bundesliga,Germany,1,25,20,2239,7.6,27.0,0.267,0.25,0.184,0.28,2.983,2.771,1.535,0.962,0.627,0.879,70.952,5.955,6.103,3.355,,
1010,Leo Nunez,25,AM,Bayer Leverkusen,Bundesliga,Germany,1,7,5,594,58.0,133.0,0.46,0.314,0.297,0.345,4.509,4.319,2.3,1.352,0.792,1.041,85.505,8.441,8.046,4.444,,
1011,Andre Fischer,26,FB,Union Berlin,Bundesliga,Germany,1,20,14,1745,6.9,17.0,0.048,0.114,0.038,0.118,0.822,1.382,2.522,1.674,0.818,1.387,87.247,5.556,3.581,1.89,,
1012,Neymar Foden,28,ST,Augsburg,Bundesliga,Germany,1,37,27,3242,57.3,145.0,0.625,0.152,0.596,0.147,4.399,1.554,1.613,0.684,0.459,4.062,76.827,4.374,4.604,2.391,,
1013,Cole Bellingham,24,AM,Augsburg,Bundesliga,Germany,1,34,23,3051,29.0,81.0,0.273,0.231,0.307,0.237,3.374,3.593,2.027,1.517,0.762,1.53,87.013,8.843,6.982,3.947,,
1014,Davide Hall,23,FB,Cologne,Bundesliga,Germany,1,9,7,806,30.8,62.0,0.078,0.128,0.061,0.18,1.23,2.332,3.398,1.711,0.979,1.582,94.695,7.942,5.233,1.903,,
1015,Leo Iwobi,25,FB,Cologne,Bundesliga,Germany,1,21,18,1877,25.3,99.0,0.086,0.15,0.052,0.171,1.082,1.811,3.522,1.504,0.823,1.947,86.639,7.245,5.521,2.14,,
1016,Sofiane Bellingham,20,DM,Heidenheim,Bundesliga,Germany,1,19,13,1632,18.8,39.0,0.058,0.087,0.044,0.093,1.118,1.48,4.511,3.274,1.632,1.86,99.28,8.07,3.101,1.371,,
1017,Andre Bellingham,26,W,Bayer Leverkusen,Bundesliga,Germany,1,27,25,2372,31.4,96.0,0.276,0.2,0.271,0.197,4.037,2.576,2.083,0.9,0.561,0.893,83.171,6.488,7.614,4.971,,
1018,Dominik Odegaard,27,CM,Union Berlin,Bundesliga,Germany,1,29,20,2555,24.8,82.0,0.168,0.167,0.114,0.182,1.875,2.433,2.123,1.806,1.305,1.713,101.625,7.916,5.229,2.298,,
1019,Luis Diallo,29,CM,Bochum,Bundesliga,Germany,1,27,20,2385,8.7,21.0,0.092,0.124,0.118,0.137,1.481,2.245,2.698,1.812,1.366,1.52,94.047,9.588,4.304,1.903,,
1020,Kalidou Costa,32,CB,Wolfsburg,Bundesliga,Germany,1,9,7,810,21.7,54.0,0.099,0.054,0.085,0.075,0.968,0.936,3.131,2.376,2.474,3.317,96.401,5.57,3.009,0.623,,
1021,Luis Hall,28,FB,Bayer Leverkusen,Bundesliga,Germany,1,14,9,1177,26.3,53.0,0.066,0.161,0.049,0.122,1.202,1.758,3.204,1.975,1.298,1.894,97.516,6.443,5.488,2.284,,
1022,Ansu Lookman,27,FB,Monchengladbach,Bundesliga,Germany,1,11,7,920,28.0,86.0,0.081,0.134,0.076,0.145,1.114,2.183,3.835,1.821,1.321,2.095,76.105,7.735,5.667,3.098,,
1023,Nicolo Tadic,26,CM,Bayer Leverkusen,Bundesliga,Germany,1,10,9,864,17.8,58.0,0.116,0.184,0.139,0.218,1.783,2.043,2.53,1.676,1.424,2.192,80.149,10.654,4.151,1.646,,
1024,Carlos Saka,23,CM,Heidenheim,Bundesliga,Germany,1,24,17,2137,22.4,79.0,0.112,0.18,0.131,0.216,1.89,2.238,2.513,2.01,1.562,1.904,78.923,8.528,3.946,2.074,,
1025,Jonathan Ferrari,18,DM,Union Berlin,Bundesliga,Germany,1,10,6,818,22.5,74.0,0.061,0.081,0.031,0.084,1.063,1.448,4.688,2.492,1.645,2.41,85.175,7.651,3.438,1.406,,
1026,Yves Andersen,31,AM,Mainz,Bundesliga,Germany,1,11,9,970,10.7,22.0,0.218,0.241,0.259,0.219,3.022,2.956,1.685,1.035,0.829,1.13,90.453,8.503,6.683,3.196,,
1027,Jan Silva,25,CB,Augsburg,Bundesliga,Germany,1,36,24,3151,25.7,67.0,0.061,0.047,0.064,0.052,1.034,0.868,2.189,2.048,1.984,3.608,82.598,5.089,2.1,0.596,,
1028,Pau Williams,24,DM,Union Berlin,Bundesliga,Germany,1,7,5,595,40.4,90.0,0.066,0.109,0.056,0.085,1.575,1.638,4.521,3.946,1.842,2.616,80.483,9.165,3.517,1.856,,
1029,Tomas Gonzalez,26,W,Borussia Dortmund,Bundesliga,Germany,1,32,28,2859,56.0,171.0,0.394,0.233,0.305,0.287,4.391,2.817,2.652,1.243,0.638,1.459,77.709,5.648,8.042,5.627,,
1030,Edouard Lookman,30,FB,Union Berlin,Bundesliga,Germany,1,22,19,1903,6.6,21.0,0.041,0.115,0.037,0.119,0.765,1.143,2.673,1.356,0.849,1.32,71.42,5.859,3.844,1.412,,
1031,Matthijs Pereira,28,FB,Bayern Munich,Bundesliga,Germany,1,13,12,1144,16.1,47.0,0.052,0.145,0.039,0.11,0.911,1.833,3.173,1.648,0.984,1.573,82.596,6.171,4.749,1.831,,
1032,Ansu Park,25,W,Borussia Dortmund,Bundesliga,Germany,1,15,10,1274,21.0,61.0,0.266,0.179,0.321,0.221,2.708,2.47,1.797,0.804,0.548,0.968,78.439,4.897,8.745,4.853,,
1033,Tomas Sousa,27,CB,Augsburg,Bundesliga,Germany,1,36,25,3153,10.2,27.0,0.065,0.045,0.067,0.044,0.845,0.525,2.321,2.144,1.869,3.556,80.484,4.934,1.786,0.446,,
1034,Ritsu Elneny,28,W,Union Berlin,Bundesliga,Germany,1,28,22,2441,65.0,206.0,0.405,0.278,0.385,0.275,3.572,3.38,2.613,1.259,0.78,1.45,85.249,7.845,11.165,5.566,,
1035,Ousmane King,26,CB,Union Berlin,Bundesliga,Germany,1,29,26,2544,15.4,25.0,0.08,0.047,0.065,0.056,0.891,0.685,2.836,2.164,1.809,3.256,92.992,5.099,2.436,0.513,,
1036,Declan Santos,29,AM,Bayern Munich,Bundesliga,Germany,1,16,11,1386,60.9,217.0,0.333,0.289,0.324,0.356,2.812,3.568,2.137,1.257,0.85,1.112,83.085,9.135,9.793,4.182,,
1037,Mikel Jovic,28,CB,Wolfsburg,Bundesliga,Germany,1,30,23,2675,15.4,30.0,0.061,0.047,0.075,0.054,0.957,0.625,2.454,1.967,1.498,3.202,102.639,5.447,1.724,0.492,,
1038,Karim Mendes,28,ST,Borussia Dortmund,Bundesliga,Germany,1,19,14,1646,23.1,43.0,0.448,0.158,0.461,0.173,4.247,1.644,0.869,0.594,0.373,3.114,81.93,3.449,3.396,2.152,,
1039,David Becker,30,CM,Cologne,Bundesliga,Germany,1,28,19,2460,40.7,107.0,0.194,0.245,0.135,0.21,2.297,2.45,3.366,1.782,1.74,1.791,105.628,11.942,5.785,2.31,,
1040,Joshua Thompson,30,ST,Hoffenheim,Bundesliga,Germany,1,35,26,3097,64.7,176.0,0.6,0.165,0.486,0.201,4.978,1.605,1.156,0.695,0.472,4.804,82.498,4.403,4.078,3.657,,
1041,Luka Pulisic,26,GK,Heidenheim,Bundesliga,Germany,1,27,23,2355,63.9,182.0,0.009,0.017,0.011,0.008,0.035,0.517,0.207,0.291,0.106,0.255,89.845,3.729,0.726,0.172,76.008,37.669
1042,Victor Mendes,22,AM,Bayern Munich,Bundesliga,Germany,1,32,25,2822,65.2,187.0,0.371,0.323,0.302,0.287,4.18,4.087,1.845,1.276,0.793,1.14,87.245,8.224,8.898,4.597,,
1043,Samuel Lindstrom,27,GK,Monchengladbach,Bundesliga,Germany,1,31,24,2740,25.8,77.0,0.006,0.013,0.007,0.006,0.044,0.404,0.228,0.181,0.075,0.23,73.407,3.069,0.609,0.168,81.16,39.735
1044,Sofiane Taylor,26,ST,Stuttgart,Bundesliga,Germany,1,36,32,3167,16.0,61.0,0.462,0.132,0.46,0.137,4.355,1.558,0.891,0.455,0.326,3.039,77.991,2.867,4.003,2.109,,
1045,William Johnson,27,CM,Darmstadt,Bundesliga,Germany,1,25,23,2214,15.0,33.0,0.132,0.141,0.104,0.145,1.462,1.754,2.679,1.477,1.258,1.506,76.327,9.522,4.345,1.963,,
1046,Achraf Kim,30,GK,Augsburg,Bundesliga,Germany,1,13,12,1135,12.3,28.0,0.006,0.01,0.005,0.006,0.029,0.338,0.148,0.154,0.064,0.166,64.744,2.812,0.556,0.123,66.183,31.126
1047,Cole Kostic,19,CM,Stuttgart,Bundesliga,Germany,1,16,13,1386,57.6,132.0,0.212,0.225,0.171,0.184,2.637,3.114,3.645,2.079,1.994,1.838,79.253,11.608,6.286,3.101,,
1048,Edouard Szczesny,23,DM,Hoffenheim,Bundesliga,Germany,1,26,20,2288,14.4,56.0,0.048,0.085,0.037,0.067,0.844,1.246,2.963,2.845,1.554,1.879,88.691,8.31,2.437,1.414,,
1049,Andre Kamada,32,W,Monchengladbach,Bundesliga,Germany,1,32,28,2819,16.5,36.0,0.338,0.194,0.274,0.237,2.825,2.458,1.471,0.964,0.465,1.027,67.83,5.54,7.666,4.843,,
1050,Declan Vecino,21,CM,Darmstadt,Bundesliga,Germany,1,9,7,732,19.7,66.0,0.137,0.147,0.091,0.154,1.678,2.418,2.891,2.034,1.165,1.578,89.495,9.091,3.983,2.212,,
1051,Martin Musah,26,W,Augsburg,Bundesliga,Germany,1,31,26,2731,16.9,45.0,0.284,0.167,0.295,0.258,3.554,2.459,1.633,1.101,0.478,0.782,88.326,4.869,8.16,5.391,,
1053,Cody Pereira,26,CB,Wolfsburg,Bundesliga,Germany,1,15,14,1302,6.7,23.0,0.055,0.038,0.05,0.035,0.606,0.584,2.059,1.882,1.768,3.288,100.013,4.516,1.913,0.434,,
1054,Gabriel Oliveira,26,DM,Bochum,Bundesliga,Germany,1,28,22,2468,13.9,29.0,0.037,0.08,0.035,0.066,0.804,1.383,3.867,2.294,1.468,2.02,81.958,6.921,2.497,1.266,,
1055,Angel Hall,30,FB,Cologne,Bundesliga,Germany,1,14,10,1234,32.6,108.0,0.079,0.158,0.048,0.178,1.159,1.702,3.696,1.984,1.501,2.021,94.667,6.557,6.169,2.731,,
1056,Emil Gonzalez,26,W,Darmstadt,Bundesliga,Germany,1,7,6,598,30.3,99.0,0.367,0.194,0.289,0.243,3.153,2.647,1.642,1.275,0.617,1.065,80.087,5.856,6.563,4.251,,
1057,Kalidou Gordon,24,DM,Darmstadt,Bundesliga,Germany,1,26,18,2300,68.8,222.0,0.06,0.111,0.06,0.117,1.123,1.899,3.805,3.256,1.976,2.995,94.578,11.5,3.221,2.179,,
1058,Karim Rice,22,FB,Werder Bremen,Bundesliga,Germany,1,8,6,673,44.4,76.0,0.1,0.136,0.05,0.176,1.134,1.897,3.807,1.906,1.402,2.077,89.689,7.497,5.251,2.163,,
1059,Paulo Wagner,28,GK,Darmstadt,Bundesliga,Germany,1,35,28,3070,45.9,137.0,0.006,0.014,0.007,0.006,0.048,0.414,0.211,0.189,0.069,0.243,78.283,3.539,0.716,0.182,67.342,42.597
1060,Virgil Araujo,23,CB,Bayern Munich,Bundesliga,Germany,1,23,16,2057,25.9,45.0,0.08,0.054,0.062,0.046,0.772,0.836,2.553,2.617,2.231,4.08,81.815,6.213,2.468,0.702,,
1061,Daichi Mane,26,FB,Stuttgart,Bundesliga,Germany,1,35,31,3136,31.0,115.0,0.076,0.139,0.049,0.178,0.923,2.42,3.329,1.793,1.092,1.757,93.439,6.914,4.331,2.818,,
1062,Patrick Adams,26,GK,Hoffenheim,Bundesliga,Germany,1,33,31,2896,37.9,113.0,0.009,0.016,0.011,0.01,0.039,0.432,0.251,0.253,0.08,0.231,79.619,3.607,0.842,0.164,74.035,56.493
1063,Andre Park,22,W,Bayern Munich,Bundesliga,Germany,1,8,6,666,15.1,60.0,0.335,0.213,0.285,0.207,3.219,2.469,1.515,0.951,0.509,1.096,79.617,5.189,5.529,3.547,,
1064,Marcelo Kim,28,CB,Eintracht Frankfurt,Bundesliga,Germany,1,31,29,2727,30.3,93.0,0.075,0.055,0.078,0.059,0.921,0.902,2.789,2.522,1.629,3.981,95.81,5.425,2.171,0.578,,
1065,Florian Silva,23,ST,Bochum,Bundesliga,Germany,1,30,27,2662,16.6,58.0,0.522,0.132,0.427,0.134,4.569,1.374,0.934,0.561,0.364,3.22,73.784,3.064,3.852,2.373,,
1066,Phil Elneny,28,FB,Bayer Leverkusen,Bundesliga,Germany,1,37,35,3242,18.9,65.0,0.069,0.129,0.046,0.152,0.985,1.45,3.021,1.433,0.994,1.93,74.325,7.452,5.104,2.057,,
1067,Federico Mane,26,CB,Bayern Munich,Bundesliga,Germany,1,28,22,2511,44.4,155.0,0.1,0.054,0.066,0.07,1.072,0.818,2.51,2.459,2.388,3.356,99.663,7.356,2.415,0.596,,
1068,Ansu Bassey,24,GK,Cologne,Bundesliga,Germany,1,22,21,1935,4.8,10.0,0.004,0.011,0.004,0.004,0.027,0.297,0.17,0.113,0.052,0.141,73.569,2.106,0.496,0.092,70.126,34.235
1069,Kalidou Mane,25,CB,Werder Bremen,Bundesliga,Germany,1,31,28,2747,30.3,77.0,0.087,0.054,0.073,0.051,0.838,0.738,2.197,2.032,1.906,4.335,96.397,5.917,1.845,0.654,,
1070,Sadio Costa,30,DM,Eintracht Frankfurt,Bundesliga,Germany,1,17,15,1514,27.9,53.0,0.046,0.088,0.043,0.083,1.093,1.405,3.168,3.243,1.31,2.092,100.008,7.633,3.004,1.464,,
1071,Son Hernandez,29,W,Borussia Dortmund,Bundesliga,Germany,1,9,6,737,21.0,47.0,0.286,0.231,0.308,0.219,3.22,2.785,1.839,1.1,0.461,1.181,84.621,4.619,6.401,4.217,,
1072,Alexis Haaland,21,CM,Darmstadt,Bundesliga,Germany,1,36,33,3230,42.3,83.0,0.189,0.168,0.134,0.211,1.568,2.704,2.722,2.213,1.345,2.021,79.147,10.504,4.872,2.875,,
1073,Ivan Zurkowski,27,DM,Bayer Leverkusen,Bundesliga,Germany,1,7,5,616,57.9,145.0,0.074,0.096,0.064,0.098,1.725,1.571,5.501,3.898,2.032,2.967,85.764,9.216,4.119,1.668,,
1074,Rayan Santos,27,AM,Bochum,Bundesliga,Germany,1,18,17,1606,27.1,96.0,0.29,0.212,0.319,0.284,3.473,3.076,1.824,1.278,0.783,1.082,85.253,8.443,6.401,4.277,,
1075,Angel Iwobi,30,CB,Union Berlin,Bundesliga,Germany,1,34,27,3043,32.6,102.0,0.077,0.06,0.06,0.064,0.868,0.618,2.646,2.35,1.694,4.24,83.09,6.084,2.278,0.551,,
1076,Dusan Jovic,23,W,Freiburg,Bundesliga,Germany,1,31,23,2701,38.1,83.0,0.311,0.247,0.339,0.225,3.069,2.954,1.623,1.128,0.735,1.138,76.18,5.213,10.05,5.065,,
1077,Thiago Onyeka,21,FB,Stuttgart,Bundesliga,Germany,1,7,5,552,49.8,92.0,0.077,0.142,0.055,0.189,1.5,1.94,4.278,1.585,1.075,2.254,86.861,7.495,7.278,3.008,,
1078,Gabriel Gordon,26,W,Bochum,Bundesliga,Germany,1,30,26,2624,69.3,200.0,0.379,0.269,0.404,0.304,5.175,3.985,1.942,1.241,0.528,1.725,86.346,8.05,7.162,5.567,,
1079,Diego Lookman,21,CB,Stuttgart,Bundesliga,Germany,1,24,23,2154,38.2,72.0,0.094,0.048,0.089,0.063,0.88,0.941,2.597,2.488,2.186,3.526,98.831,6.213,2.755,0.704,,
1080,Rafael Gonzalez,22,DM,Union Berlin,Bundesliga,Germany,1,27,24,2388,26.0,43.0,0.043,0.083,0.043,0.091,0.87,1.523,3.439,2.374,1.234,1.785,77.978,7.883,2.674,1.46,,
1081,Lucas Torres,20,CM,Hoffenheim,Bundesliga,Germany,1,21,19,1854,21.7,53.0,0.129,0.224,0.152,0.176,1.994,1.842,2.689,2.01,1.553,1.779,89.67,8.294,4.433,1.989,,
1082,Sergio Piatek,25,CB,Augsburg,Bundesliga,Germany,1,31,26,2731,28.4,53.0,0.096,0.063,0.049,0.056,0.744,0.867,2.279,2.721,1.806,3.761,99.09,6.302,2.029,0.529,,
1083,Max Mane,25,AM,Bochum,Bundesliga,Germany,1,30,24,2629,13.9,35.0,0.268,0.229,0.208,0.297,2.684,2.848,1.365,0.909,0.621,1.1,76.481,7.716,6.195,3.703,,
1084,Cody Adams,20,W,Monchengladbach,Bundesliga,Germany,1,24,23,2152,47.1,170.0,0.305,0.239,0.292,0.252,3.748,2.967,1.855,1.234,0.568,1.058,84.529,5.397,8.995,4.388,,
1085,Sergio Trezeguet,30,W,Bochum,Bundesliga,Germany,1,10,6,835,15.2,58.0,0.304,0.239,0.304,0.245,3.092,3.025,1.554,1.076,0.615,0.973,73.055,5.147,7.197,4.94,,
1086,Dani Schlotterbeck,25,CM,Monchengladbach,Bundesliga,Germany,1,9,6,786,46.9,74.0,0.2,0.194,0.161,0.169,2.24,2.407,3.687,1.956,1.625,2.071,79.836,11.601,5.047,2.936,,
1087,Robin Ricci,28,CM,Eintracht Frankfurt,Bundesliga,Germany,1,7,5,567,54.2,123.0,0.139,0.212,0.175,0.227,2.614,2.886,3.029,1.919,1.592,2.629,84.561,13.064,5.288,2.406,,
1088,Kalidou Odegaard,22,CB,Cologne,Bundesliga,Germany,1,18,15,1602,29.2,76.0,0.078,0.051,0.065,0.05,0.719,0.666,2.576,1.998,1.485,3.884,78.549,5.895,1.745,0.422,,
1089,Alvaro Gonzalez,25,W,Stuttgart,Bundesliga,Germany,1,19,13,1683,17.9,33.0,0.348,0.189,0.274,0.205,3.789,2.609,1.918,1.213,0.575,1.162,83.75,4.983,6.227,4.524,,
1090,Rafael Son,30,DM,RB Leipzig,Bundesliga,Germany,1,21,19,1837,24.6,43.0,0.06,0.082,0.046,0.095,1.007,1.871,4.44,2.662,1.802,2.073,89.821,9.765,3.106,1.671,,
1091,Bernardo White,26,FB,Bayer Leverkusen,Bundesliga,Germany,1,7,5,617,48.4,80.0,0.082,0.143,0.073,0.184,1.19,2.688,3.578,1.982,1.109,1.764,72.974,7.265,5.765,2.2,,
1092,Diego Meyer,17,W,Monchengladbach,Bundesliga,Germany,1,19,15,1645,16.6,34.0,0.362,0.287,0.279,0.31,3.493,2.782,1.858,1.166,0.606,1.186,77.907,6.15,7.511,4.152,,
1093,Tomas Touré,27,CM,Mainz,Bundesliga,Germany,1,19,16,1641,40.8,102.0,0.141,0.232,0.15,0.169,1.51,2.738,3.612,2.457,1.704,2.208,101.916,10.11,4.064,2.335,,
1094,Hiroki Wilson,20,ST,Borussia Dortmund,Bundesliga,Germany,1,22,17,1895,6.8,19.0,0.447,0.109,0.446,0.127,3.249,1.411,0.822,0.468,0.297,3.196,73.958,2.921,3.526,2.218,,
1095,Kai Vecino,20,FB,Mainz,Bundesliga,Germany,1,27,19,2429,27.1,73.0,0.069,0.106,0.043,0.148,0.889,1.741,3.123,1.748,0.993,2.198,76.956,6.141,4.936,1.655,,
1096,Sergio Minamino,26,CB,Union Berlin,Bundesliga,Germany,1,9,6,791,38.7,89.0,0.092,0.05,0.068,0.056,0.921,0.732,2.962,2.919,1.639,4.0,103.172,7.115,1.786,0.678,,
1097,Declan Elneny,29,CM,Bayer Leverkusen,Bundesliga,Germany,1,22,20,1926,22.1,43.0,0.121,0.186,0.14,0.186,1.42,2.256,2.193,1.967,1.188,1.638,99.076,9.015,4.64,2.162,,
1098,Pedri Fernandez,25,DM,Mainz,Bundesliga,Germany,1,30,27,2691,23.5,58.0,0.059,0.08,0.05,0.087,1.149,1.713,3.999,2.606,1.419,2.068,89.521,9.338,2.679,1.627,,
1099,Renato Kostic,31,CM,Werder Bremen,Bundesliga,Germany,1,8,5,676,29.4,54.0,0.189,0.236,0.141,0.228,2.322,2.85,3.302,2.384,1.862,2.336,95.818,12.858,6.453,2.95,,
1100,Rafael van Dijk,23,FB,Heidenheim,Bundesliga,Germany,1,12,9,1041,14.2,55.0,0.071,0.122,0.051,0.121,0.972,1.748,2.748,1.702,0.81,1.657,80.478,5.536,5.07,1.888,,
1101,Sergio Sobhi,24,DM,Eintracht Frankfurt,Bundesliga,Germany,1,34,31,3012,60.7,203.0,0.069,0.088,0.041,0.097,1.219,1.761,5.248,3.566,1.637,2.537,106.079,10.339,4.178,1.978,,
1102,Dominik Szczesny,23,GK,Eintracht Frankfurt,Bundesliga,Germany,1,17,11,1501,49.2,136.0,0.007,0.014,0.007,0.007,0.057,0.466,0.236,0.317,0.101,0.345,78.226,3.411,0.906,0.203,87.446,53.089
1103,Pierre Eriksen,31,FB,Bayer Leverkusen,Bundesliga,Germany,1,21,17,1877,25.3,76.0,0.088,0.124,0.058,0.2,1.087,2.652,3.367,2.041,1.088,1.851,82.983,8.716,5.634,2.862,,
1104,Kalidou Schmidt,27,FB,Cologne,Bundesliga,Germany,1,16,12,1371,9.9,28.0,0.047,0.091,0.047,0.104,0.968,1.631,2.925,1.744,0.988,1.443,85.063,6.823,4.87,1.831,,
1105,Eduardo Kostic,30,CB,Augsburg,Bundesliga,Germany,1,23,21,2058,26.0,43.0,0.078,0.068,0.085,0.052,0.988,0.89,2.672,2.652,2.506,4.623,99.914,5.582,3.086,0.594,,
1106,Ousmane Santos,27,W,Monchengladbach,Bundesliga,Germany,1,23,17,2047,22.9,58.0,0.415,0.2,0.349,0.219,4.028,2.474,1.475,1.237,0.742,1.052,87.407,6.285,8.041,5.165,,
1107,William Diallo,23,FB,Bayer Leverkusen,Bundesliga,Germany,1,14,10,1196,62.3,104.0,0.082,0.201,0.077,0.183,1.112,2.361,3.496,2.415,1.151,2.416,84.007,8.38,5.95,2.624,,
1108,Youssef Piatek,27,AM,Darmstadt,Bundesliga,Germany,1,20,19,1767,43.1,91.0,0.307,0.255,0.316,0.267,3.167,4.09,1.334,1.305,0.723,1.026,96.381,8.824,6.563,4.841,,
1109,Declan Marino,26,FB,Bayern Munich,Bundesliga,Germany,1,29,21,2575,7.3,19.0,0.05,0.135,0.043,0.137,1.034,1.286,2.453,1.569,1.05,1.471,72.156,6.299,4.254,1.764,,
1110,Jonathan Martinez,29,CM,Stuttgart,Bundesliga,Germany,1,19,13,1685,41.2,137.0,0.117,0.147,0.107,0.223,1.925,2.028,2.451,1.841,1.79,1.907,94.462,10.197,4.958,2.305,,
1111,Nicolo Brown,20,GK,Darmstadt,Bundesliga,Germany,1,25,24,2237,23.4,47.0,0.008,0.016,0.008,0.007,0.037,0.383,0.201,0.167,0.062,0.152,88.215,2.822,0.774,0.176,76.266,41.25
1112,Virgil de Ligt,25,CB,Borussia Dortmund,Bundesliga,Germany,1,32,22,2838,23.4,87.0,0.088,0.059,0.06,0.042,1.028,0.6,3.074,2.547,1.708,3.148,100.707,5.908,1.888,0.597,,
1113,Bruno Odegaard,21,CM,Freiburg,Bundesliga,Germany,1,27,19,2357,36.3,61.0,0.153,0.175,0.145,0.181,1.749,2.614,3.113,1.585,1.476,1.704,99.383,11.732,4.861,1.99,,
1114,Diego Mbappé,23,AM,Union Berlin,Bundesliga,Germany,1,7,6,586,19.0,48.0,0.28,0.285,0.224,0.231,2.768,3.638,1.489,1.081,0.633,1.088,74.142,9.45,6.119,3.215,,
1115,Thiago Milinkovic-Savic,21,W,Werder Bremen,Bundesliga,Germany,1,12,9,1041,34.8,87.0,0.292,0.217,0.271,0.255,3.097,2.635,1.557,1.073,0.57,0.912,70.087,4.624,7.987,4.168,,
1116,Miguel Son,21,ST,Wolfsburg,Bundesliga,Germany,1,13,11,1160,49.6,116.0,0.633,0.2,0.549,0.205,4.996,1.354,1.053,0.607,0.36,4.294,88.629,5.132,3.652,2.844,,
1117,Enzo Marino,23,DM,Darmstadt,Bundesliga,Germany,1,17,11,1481,44.2,139.0,0.059,0.099,0.041,0.113,1.097,1.679,4.053,3.051,1.424,3.175,95.281,8.715,3.803,1.42,,
1118,Diogo Garcia,26,CM,Bayer Leverkusen,Bundesliga,Germany,1,17,15,1476,12.3,29.0,0.107,0.18,0.116,0.173,1.698,2.209,2.341,1.52,1.265,1.964,84.793,9.18,3.971,1.872,,
1119,Rodri Mbappé,25,FB,Bayer Leverkusen,Bundesliga,Germany,1,14,9,1237,35.5,94.0,0.067,0.155,0.076,0.176,1.389,2.14,3.25,1.933,1.197,2.265,77.205,8.073,4.813,2.573,,
1120,Jude Walker,29,AM,Union Berlin,Bundesliga,Germany,1,13,11,1148,57.1,220.0,0.401,0.355,0.314,0.317,3.613,3.267,1.926,1.308,0.9,1.165,75.735,9.242,6.978,5.082,,
1121,Marc King,21,W,Eintracht Frankfurt,Bundesliga,Germany,1,23,18,2051,48.2,103.0,0.379,0.178,0.309,0.237,3.824,3.491,2.123,1.388,0.521,1.01,79.515,4.863,7.796,5.142,,
1122,Diogo Mendes,25,CB,Union Berlin,Bundesliga,Germany,1,23,21,2034,44.4,132.0,0.078,0.058,0.057,0.071,0.971,0.796,2.923,2.858,2.328,3.621,94.506,5.152,2.132,0.494,,
1123,Eduardo McKennie,25,CB,Werder Bremen,Bundesliga,Germany,1,28,19,2474,3.3,8.0,0.063,0.036,0.04,0.037,0.689,0.529,1.917,1.594,1.408,3.037,95.576,4.137,1.403,0.464,,
1124,Takumi Lopez,21,CB,Eintracht Frankfurt,Bundesliga,Germany,1,17,16,1501,29.8,48.0,0.084,0.053,0.075,0.053,0.837,0.65,3.003,2.285,2.011,3.273,102.369,5.829,2.024,0.623,,
1125,Andre Rice,24,CB,Mainz,Bundesliga,Germany,1,34,28,3033,13.2,50.0,0.068,0.048,0.067,0.038,0.888,0.825,2.916,2.11,1.961,4.19,99.844,5.044,2.154,0.501,,
1126,Neymar Valverde,35,AM,Bayern Munich,Bundesliga,Germany,1,7,4,553,7.0,18.0,0.25,0.307,0.327,0.32,2.777,4.147,1.794,1.215,0.744,1.113,84.262,7.773,7.14,3.771,,
1127,Iker Hegazi,22,CM,Cologne,Bundesliga,Germany,1,10,7,869,59.7,162.0,0.183,0.18,0.185,0.19,1.828,3.015,3.705,1.767,1.752,2.113,75.612,9.446,6.612,2.995,,
1128,Moises Weber,29,CB,Eintracht Frankfurt,Bundesliga,Germany,1,27,20,2345,27.3,53.0,0.104,0.051,0.066,0.061,0.917,0.682,2.365,2.316,1.828,3.201,90.083,6.802,2.104,0.57,,
1129,Youssef Wirtz,24,ST,Hoffenheim,Bundesliga,Germany,1,17,15,1461,20.6,59.0,0.508,0.138,0.402,0.131,4.381,1.459,0.918,0.54,0.355,2.909,83.922,3.855,3.76,1.974,,
1130,Marco de Jong,24,CM,RB Leipzig,Bundesliga,Germany,1,22,18,1894,51.5,146.0,0.213,0.269,0.158,0.183,2.076,2.361,3.435,2.275,2.256,2.573,91.685,9.051,6.699,2.33,,
1131,Florian Adams,30,W,Hoffenheim,Bundesliga,Germany,1,21,18,1831,28.0,85.0,0.27,0.225,0.341,0.273,3.128,3.326,1.557,1.131,0.574,1.165,91.153,5.251,9.344,4.919,,
1132,Erling Meyer,27,CB,Darmstadt,Bundesliga,Germany,1,12,8,1076,11.9,21.0,0.07,0.048,0.057,0.046,0.836,0.703,1.889,1.962,1.777,3.038,83.781,5.991,1.772,0.612,,
1133,Lautaro Pulisic,24,CB,Augsburg,Bundesliga,Germany,1,34,30,3023,16.6,47.0,0.084,0.047,0.055,0.052,1.03,0.813,2.508,2.174,2.033,3.318,83.32,5.68,2.412,0.485,,
1134,Khvicha Touré,22,CM,Hoffenheim,Bundesliga,Germany,1,15,10,1289,27.4,97.0,0.12,0.175,0.109,0.194,1.412,2.196,2.216,1.705,1.154,1.742,88.024,8.655,3.582,2.073,,
1135,Pierre Pulisic,18,GK,RB Leipzig,Bundesliga,Germany,1,11,10,971,38.3,134.0,0.009,0.017,0.007,0.009,0.03,0.411,0.315,0.235,0.087,0.333,85.611,3.049,0.788,0.178,73.002,42.457
1136,Ryan Colombo,25,W,Heidenheim,Bundesliga,Germany,1,22,20,1893,5.2,18.0,0.187,0.147,0.241,0.196,2.719,2.09,1.265,0.74,0.432,0.936,72.572,5.187,6.398,3.385,,
1137,Harry Tadic,24,DM,Wolfsburg,Bundesliga,Germany,1,18,13,1615,29.1,46.0,0.067,0.087,0.043,0.104,0.983,1.883,4.373,3.505,1.696,2.27,86.966,9.858,2.955,1.401,,
1138,Eric Costa,29,FB,Monchengladbach,Bundesliga,Germany,1,23,16,2016,14.0,51.0,0.05,0.103,0.05,0.158,0.965,1.77,2.952,1.805,1.054,1.71,80.748,5.775,5.585,2.041,,
1139,Thiago Diaz,23,GK,Hoffenheim,Bundesliga,Germany,1,8,6,649,12.7,51.0,0.005,0.011,0.005,0.007,0.032,0.286,0.183,0.196,0.062,0.195,73.681,2.313,0.664,0.097,70.02,35.951
1140,Goncalo Xhaka,25,CB,Bochum,Bundesliga,Germany,1,34,30,3059,38.0,68.0,0.111,0.058,0.068,0.053,1.189,1.047,2.744,2.471,1.853,4.991,93.91,7.764,2.391,0.851,,
1141,Hakim Becker,23,ST,Cologne,Bundesliga,Germany,1,9,6,723,7.2,26.0,0.443,0.109,0.392,0.101,3.871,1.583,0.709,0.532,0.283,3.329,75.814,2.883,3.327,1.644,,
1142,Youssef Russo,26,AM,Cologne,Bundesliga,Germany,1,16,12,1368,5.7,17.0,0.185,0.171,0.184,0.204,2.229,2.379,1.045,0.871,0.46,0.759,87.809,6.165,5.557,2.719,,
1143,Pedri Zurkowski,33,CM,Hoffenheim,Bundesliga,Germany,1,34,24,2989,12.3,41.0,0.151,0.16,0.14,0.192,1.827,2.321,2.549,1.693,1.684,1.796,93.224,9.088,4.796,1.856,,
1144,Kylian Ferrari,21,FB,Bayern Munich,Bundesliga,Germany,1,17,14,1460,50.4,176.0,0.084,0.174,0.052,0.135,1.174,2.175,2.868,2.111,1.026,1.896,75.93,6.724,5.747,2.761,,
1145,Dominik Touré,25,GK,Bayern Munich,Bundesliga,Germany,1,36,33,3200,65.1,147.0,0.011,0.015,0.008,0.01,0.04,0.372,0.286,0.25,0.084,0.29,75.911,3.337,0.97,0.155,75.796,44.832
1146,Victor Saka,33,ST,RB Leipzig,Bundesliga,Germany,1,36,31,3153,14.1,43.0,0.404,0.128,0.505,0.157,3.821,1.542,1.123,0.484,0.389,3.474,85.2,2.779,3.317,2.729,,
1147,Bernardo Bakker,26,CM,Augsburg,Bundesliga,Germany,1,6,5,540,9.8,25.0,0.114,0.137,0.103,0.137,1.592,1.974,2.331,1.392,1.562,1.67,83.172,8.179,4.052,1.915,,
1148,Pierre Bentancur,25,AM,Union Berlin,Bundesliga,Germany,1,17,15,1472,48.6,142.0,0.358,0.26,0.321,0.316,3.336,3.649,1.523,1.444,0.862,1.243,78.761,9.773,7.349,3.776,,
1149,William Gordon,28,CB,Hoffenheim,Bundesliga,Germany,1,20,15,1800,20.4,37.0,0.083,0.056,0.075,0.061,0.921,0.621,3.315,2.525,2.31,4.34,93.639,7.149,2.252,0.596,,
1150,Daniel Pereira,24,FB,Borussia Dortmund,Bundesliga,Germany,1,14,9,1234,10.6,16.0,0.053,0.129,0.05,0.133,1.145,1.808,2.831,1.595,0.931,1.356,84.619,5.731,3.824,2.082,,
1151,Dusan Elneny,29,AM,Heidenheim,Bundesliga,Germany,1,28,21,2518,24.5,83.0,0.267,0.25,0.237,0.306,3.071,3.368,1.634,0.887,0.919,1.04,82.936,6.422,6.56,3.241,,
1152,Alejandro Alves,24,FB,Borussia Dortmund,Bundesliga,Germany,1,11,8,980,3.6,9.0,0.046,0.099,0.04,0.107,0.862,1.522,2.949,1.277,0.695,1.355,81.587,5.433,3.915,1.618,,
1153,Matthijs Camara,20,W,Werder Bremen,Bundesliga,Germany,1,10,7,860,34.3,106.0,0.354,0.266,0.311,0.286,3.656,2.61,1.611,1.173,0.656,1.216,87.701,4.633,8.853,5.618,,
1154,Lucas Jimenez,26,DM,Bayern Munich,Bundesliga,Germany,1,6,4,515,15.8,58.0,0.056,0.075,0.035,0.079,1.279,1.277,4.764,2.794,1.516,2.421,94.273,9.399,2.634,1.365,,
1155,Gavi Davies,28,CB,Heidenheim,Bundesliga,Germany,1,31,23,2788,32.2,90.0,0.098,0.066,0.084,0.061,0.933,0.952,2.763,2.477,2.466,4.368,82.529,5.539,2.413,0.657,,
1156,Jude Haaland,17,FB,Monchengladbach,Bundesliga,Germany,1,12,8,1014,25.2,99.0,0.076,0.165,0.063,0.166,1.03,1.589,3.494,2.158,1.152,2.095,81.445,8.363,6.292,2.426,,
1157,Ritsu Becker,25,CB,Stuttgart,Bundesliga,Germany,1,24,21,2114,27.0,69.0,0.077,0.061,0.058,0.059,0.958,0.799,2.833,2.854,2.141,4.418,102.988,6.392,2.647,0.625,,
1158,Renato Wagner,23,DM,Heidenheim,Bundesliga,Germany,1,20,17,1737,55.5,89.0,0.079,0.091,0.035,0.101,1.409,1.693,4.375,2.9,2.051,2.625,99.51,7.534,3.345,1.516,,
1159,David de Ligt,28,CB,Bayer Leverkusen,Bundesliga,Germany,1,13,12,1162,24.0,50.0,0.087,0.059,0.057,0.065,1.071,0.812,2.645,2.624,1.901,3.284,89.056,5.56,2.072,0.475,,
1160,Bruno Smith,25,DM,Union Berlin,Bundesliga,Germany,1,35,25,3085,13.8,35.0,0.041,0.075,0.04,0.075,0.95,1.452,3.564,2.264,1.215,1.844,81.568,7.656,2.739,1.189,,
1161,Ritsu Fischer,26,W,Monchengladbach,Bundesliga,Germany,1,11,8,939,27.4,105.0,0.339,0.243,0.295,0.247,3.579,2.613,1.648,1.272,0.605,0.979,91.974,5.773,8.251,4.883,,
1162,Phil Davies,20,CB,Augsburg,Bundesliga,Germany,1,24,20,2146,8.3,31.0,0.046,0.04,0.056,0.043,0.796,0.591,2.606,1.714,1.937,2.961,98.985,5.162,1.877,0.353,,
1163,Bruno Bassey,21,CM,Cologne,Bundesliga,Germany,1,17,15,1454,31.2,96.0,0.124,0.211,0.136,0.155,1.656,2.312,2.955,1.732,1.241,1.437,85.73,8.905,4.376,1.937,,
1164,Rodri Kostic,23,FB,Augsburg,Bundesliga,Germany,1,36,34,3232,42.8,141.0,0.083,0.19,0.059,0.177,1.441,1.883,3.654,2.292,1.423,2.276,85.692,8.026,6.192,2.509,,
1165,Edouard Marino,26,CB,Union Berlin,Bundesliga,Germany,1,24,23,2144,11.5,29.0,0.07,0.048,0.069,0.057,0.867,0.653,2.339,2.153,1.62,3.926,85.108,5.263,2.359,0.423,,
1166,Marco Jones,27,GK,Wolfsburg,Bundesliga,Germany,1,19,16,1686,6.9,20.0,0.004,0.009,0.004,0.005,0.026,0.301,0.154,0.144,0.057,0.112,61.63,1.852,0.53,0.086,80.136,31.486
1167,Florian de Ligt,20,CB,Augsburg,Bundesliga,Germany,1,12,9,998,7.7,21.0,0.057,0.034,0.043,0.037,0.745,0.614,2.116,1.805,1.758,2.956,91.573,5.325,1.428,0.418,,
1168,Erling Robinson,21,ST,Augsburg,Bundesliga,Germany,1,6,4,501,36.7,90.0,0.592,0.19,0.447,0.144,4.017,1.717,1.295,0.536,0.423,4.024,70.081,3.931,3.563,2.62,,
1169,Lautaro Jones,23,W,Werder Bremen,Bundesliga,Germany,1,36,26,3178,63.5,215.0,0.465,0.269,0.357,0.317,4.616,3.011,2.187,1.058,0.696,1.334,93.944,7.223,11.326,5.651,,
1170,Cody Schlotterbeck,26,FB,Monchengladbach,Bundesliga,Germany,1,33,32,2920,34.8,76.0,0.067,0.141,0.048,0.17,1.173,1.656,3.0,1.845,1.04,1.565,76.346,7.474,6.357,2.195,,
1171,Sergio White,27,W,Wolfsburg,Bundesliga,Germany,1,16,12,1383,20.9,55.0,0.326,0.232,0.334,0.227,2.896,2.343,1.973,1.173,0.547,1.082,91.296,5.397,6.689,4.308,,
1172,Eric Davies,24,FB,Borussia Dortmund,Bundesliga,Germany,1,18,12,1591,52.3,155.0,0.081,0.144,0.081,0.16,1.35,2.681,3.576,2.875,1.323,1.967,82.444,7.232,7.115,2.945,,
1173,Kevin Williams,24,GK,Freiburg,Bundesliga,Germany,1,24,20,2093,16.2,49.0,0.005,0.012,0.005,0.005,0.034,0.339,0.211,0.188,0.069,0.184,71.427,2.41,0.618,0.12,69.526,36.115
1174,Vinicius Becker,17,AM,Mainz,Bundesliga,Germany,1,6,3,469,17.6,32.0,0.395,0.255,0.275,0.281,3.312,3.761,1.703,1.316,0.77,1.227,91.009,8.447,8.037,4.138,,
1175,Pedri Smith,20,FB,Hoffenheim,Bundesliga,Germany,1,17,12,1524,41.7,80.0,0.067,0.183,0.073,0.199,1.169,2.204,3.917,1.647,1.1,1.884,78.864,7.63,5.135,2.084,,
1176,Moises Kim,28,W,Heidenheim,Bundesliga,Germany,1,9,6,770,16.3,26.0,0.307,0.207,0.314,0.201,2.776,2.102,1.57,1.171,0.504,0.892,72.878,5.035,6.662,4.802,,
1177,Patrick Sobhi,25,DM,Werder Bremen,Bundesliga,Germany,1,30,21,2689,34.3,92.0,0.065,0.074,0.044,0.083,1.244,1.628,4.67,2.295,1.761,2.221,89.397,9.077,2.879,1.608,,
1178,Timothy Rice,18,CM,Bayern Munich,Bundesliga,Germany,1,17,11,1453,7.5,21.0,0.135,0.163,0.117,0.164,1.592,2.2,2.171,1.472,1.423,1.338,97.909,7.964,3.97,2.148,,
1179,Matteo Davies,27,DM,Eintracht Frankfurt,Bundesliga,Germany,1,16,12,1433,38.0,125.0,0.065,0.116,0.062,0.097,1.08,1.91,4.007,3.137,1.472,2.33,91.636,9.769,2.843,2.056,,
1180,Cody Odegaard,30,DM,Eintracht Frankfurt,Bundesliga,Germany,1,30,21,2662,44.7,136.0,0.081,0.106,0.051,0.108,1.525,1.495,4.924,2.965,2.004,3.27,100.834,9.448,3.564,1.832,,
1181,Kai Diaz,22,CB,Mainz,Bundesliga,Germany,1,28,20,2495,94.9,298.0,0.109,0.077,0.091,0.071,1.38,0.885,3.291,2.459,1.9,4.417,94.093,5.967,2.897,0.716,,
1182,Vinicius Johnson,27,CB,Borussia Dortmund,Bundesliga,Germany,1,22,16,1936,16.6,41.0,0.083,0.044,0.055,0.053,0.841,0.778,2.602,1.994,1.944,4.207,94.024,5.006,1.796,0.465,,
1183,Jude Rice,30,ST,RB Leipzig,Bundesliga,Germany,1,31,27,2783,16.3,58.0,0.411,0.128,0.383,0.131,3.622,1.244,1.126,0.525,0.359,3.354,82.505,3.868,4.077,2.735,,
1184,Matteo Ndidi,24,W,Augsburg,Bundesliga,Germany,1,23,20,2055,36.1,55.0,0.351,0.287,0.269,0.241,4.28,2.623,2.73,1.273,0.547,1.262,92.376,7.431,9.349,6.032,,
1185,Sergio Hall,17,DM,Wolfsburg,Bundesliga,Germany,1,11,9,907,15.4,54.0,0.051,0.068,0.038,0.083,1.191,1.619,3.472,2.516,1.461,2.24,91.554,8.316,2.943,1.347,,
1186,Bruno Andersen,31,FB,Eintracht Frankfurt,Bundesliga,Germany,1,27,26,2399,14.3,53.0,0.067,0.133,0.058,0.151,0.822,1.795,2.962,1.883,1.265,2.113,86.91,7.682,6.282,1.83,,
1187,Eric Fernandez,28,CM,Werder Bremen,Bundesliga,Germany,1,17,12,1453,59.5,210.0,0.217,0.173,0.133,0.191,2.234,2.852,2.564,2.025,1.755,1.811,95.686,12.089,5.242,2.364,,
1188,Casemiro Lewandowski,28,AM,Cologne,Bundesliga,Germany,1,31,28,2766,10.1,31.0,0.224,0.228,0.198,0.243,2.333,3.555,1.155,0.773,0.627,1.005,82.349,7.726,5.316,4.063,,
1189,Cody Osimhen,23,CB,Union Berlin,Bundesliga,Germany,1,18,13,1604,11.3,31.0,0.072,0.048,0.058,0.039,0.917,0.614,2.4,1.642,1.515,3.497,75.238,4.365,1.778,0.47,,
1190,Goncalo Nunez,23,ST,RB Leipzig,Bundesliga,Germany,1,28,19,2463,36.6,106.0,0.57,0.15,0.532,0.172,4.348,1.843,1.456,0.541,0.403,3.932,82.896,4.555,4.673,3.65,,
1191,Ansu Muller,26,W,Union Berlin,Bundesliga,Germany,1,25,21,2211,8.2,18.0,0.266,0.141,0.24,0.175,3.135,2.323,1.483,0.782,0.436,0.797,87.159,4.224,5.83,3.776,,
1192,Davide Wagner,24,FB,Wolfsburg,Bundesliga,Germany,1,6,3,509,39.0,100.0,0.078,0.152,0.073,0.137,1.198,2.264,3.231,2.327,1.085,2.129,75.377,9.862,5.289,2.489,,
1193,Toby Jimenez,22,FB,Werder Bremen,Bundesliga,Germany,1,28,26,2505,43.3,88.0,0.07,0.157,0.049,0.151,1.314,1.98,3.016,2.091,1.12,2.123,84.198,6.753,4.826,2.374,,
1194,Rafa Silva,28,CB,Monchengladbach,Bundesliga,Germany,1,24,19,2102,5.4,19.0,0.05,0.033,0.04,0.039,0.833,0.649,2.058,1.821,1.579,3.24,73.778,4.81,1.469,0.428,,
1195,Gavi Milinkovic-Savic,27,ST,Bayer Leverkusen,Bundesliga,Germany,1,10,7,844,22.7,67.0,0.498,0.143,0.589,0.137,4.009,1.531,0.938,0.681,0.295,3.67,80.664,3.623,4.103,2.092,,
1196,Sandro Hall,27,FB,Augsburg,Bundesliga,Germany,1,28,21,2520,12.0,47.0,0.044,0.134,0.053,0.126,0.883,1.377,2.606,1.552,1.003,1.515,81.326,5.798,4.109,2.001,,
1197,Florian Wirtz,23,FB,Heidenheim,Bundesliga,Germany,1,10,8,819,13.2,31.0,0.051,0.124,0.039,0.134,0.89,1.38,3.077,1.804,0.908,1.743,89.54,5.433,4.342,1.917,,
1198,Vitinha Lindstrom,27,GK,Cologne,Bundesliga,Germany,1,7,4,571,52.8,105.0,0.007,0.017,0.007,0.006,0.052,0.503,0.219,0.256,0.09,0.284,98.22,3.858,0.815,0.143,76.321,47.206
1199,Martin Santos,28,CB,Heidenheim,Bundesliga,Germany,1,32,30,2831,30.0,99.0,0.094,0.051,0.074,0.053,1.042,0.827,2.762,2.219,1.641,4.911,87.272,7.506,2.427,0.641,,
1200,Martin Wagner,23,GK,Heidenheim,Bundesliga,Germany,1,32,28,2821,26.7,91.0,0.009,0.015,0.007,0.006,0.031,0.306,0.178,0.231,0.073,0.248,89.245,2.732,0.693,0.125,84.021,38.02
1201,Samuel Eriksen,33,CM,Bayern Munich,Bundesliga,Germany,1,34,27,3015,12.4,36.0,0.124,0.201,0.117,0.19,1.461,1.89,2.965,1.49,1.669,2.343,92.691,8.329,5.011,2.091,,
1202,Mikel Haaland,28,CB,Augsburg,Bundesliga,Germany,1,27,20,2420,32.5,103.0,0.115,0.054,0.06,0.081,1.028,0.864,3.094,2.943,2.321,5.293,92.338,7.784,2.035,0.56,,
1203,Nicolas Szczesny,22,CB,Heidenheim,Bundesliga,Germany,1,10,8,886,28.2,57.0,0.082,0.067,0.08,0.069,0.845,0.85,3.373,2.452,2.05,3.569,84.643,6.236,2.101,0.422,,
1204,Hakim Jovic,25,W,Freiburg,Bundesliga,Germany,1,26,23,2331,20.8,60.0,0.361,0.281,0.331,0.217,3.954,2.5,1.629,1.037,0.615,0.838,90.415,5.564,6.632,4.534,,
1205,Kai Johnson,24,FB,Heidenheim,Bundesliga,Germany,1,34,32,2979,39.6,101.0,0.088,0.132,0.064,0.144,1.094,1.931,3.391,1.836,0.997,1.822,72.809,8.37,6.819,2.321,,
1206,Jude Lewandowski,22,CM,Darmstadt,Bundesliga,Germany,1,15,13,1271,9.9,15.0,0.108,0.124,0.081,0.168,1.336,1.878,1.93,1.357,1.184,1.349,78.802,7.574,3.818,1.752,,
1207,Jonathan Musiala,26,CB,Freiburg,Bundesliga,Germany,1,23,17,2000,21.7,68.0,0.077,0.071,0.073,0.063,0.824,0.58,3.327,2.723,2.342,4.949,101.839,6.615,2.173,0.601,,
1208,Phil Silva,17,DM,RB Leipzig,Bundesliga,Germany,1,15,14,1295,12.5,36.0,0.051,0.08,0.041,0.096,0.865,1.726,3.999,2.644,1.457,2.781,80.251,8.824,3.149,1.385,,
1209,Declan Fernandez,29,FB,Stuttgart,Bundesliga,Germany,1,20,16,1754,17.7,48.0,0.059,0.114,0.039,0.115,0.937,1.672,3.376,1.722,1.077,1.813,73.05,7.076,4.874,1.532,,
1210,Jonathan Meyer,24,CB,Wolfsburg,Bundesliga,Germany,1,28,20,2488,32.7,115.0,0.111,0.047,0.063,0.055,0.857,0.967,2.44,2.306,2.132,4.186,77.873,6.177,2.521,0.66,,
1211,Thomas Grimaldo,26,AM,Bayern Munich,Bundesliga,Germany,1,11,9,951,30.5,119.0,0.329,0.274,0.263,0.226,3.333,3.249,1.495,1.037,0.788,1.243,95.523,7.992,7.117,3.832,,
1212,Amadou Vlahovic,24,AM,Borussia Dortmund,Bundesliga,Germany,1,25,21,2243,35.7,120.0,0.311,0.284,0.302,0.273,2.599,3.319,1.713,0.979,0.803,1.219,74.608,7.606,7.223,4.161,,
1213,Phil Ferrari,26,CM,Borussia Dortmund,Bundesliga,Germany,1,19,14,1624,10.2,21.0,0.131,0.153,0.132,0.176,2.038,1.979,2.393,1.692,1.34,1.728,75.119,9.413,4.541,1.795,,
1214,Achraf Valverde,23,CB,Bayern Munich,Bundesliga,Germany,1,13,10,1129,5.0,14.0,0.048,0.031,0.051,0.031,0.673,0.571,1.83,1.636,1.557,2.585,76.226,4.405,1.674,0.364,,
1215,Jan Martinez,24,CM,Mainz,Bundesliga,Germany,1,23,21,2011,9.6,27.0,0.094,0.141,0.085,0.181,1.352,1.837,2.266,1.314,1.378,1.528,73.617,7.456,3.892,1.747,,
1216,Ferran Ricci,29,CM,Augsburg,Bundesliga,Germany,1,20,18,1733,16.4,63.0,0.117,0.197,0.139,0.159,1.909,2.187,2.47,1.766,1.679,1.512,88.286,7.374,4.014,2.229,,
1217,Leroy Romano,28,CB,Darmstadt,Bundesliga,Germany,1,18,14,1589,25.9,41.0,0.089,0.057,0.071,0.054,0.928,0.765,2.848,2.49,2.186,3.405,92.564,5.526,1.904,0.693,,
1218,Ferran Brown,31,FB,Wolfsburg,Bundesliga,Germany,1,25,19,2170,24.6,88.0,0.077,0.146,0.043,0.162,1.17,2.008,3.126,1.549,1.502,2.028,83.752,7.529,6.911,2.518,,
1219,Sadio Iwobi,20,W,Werder Bremen,Bundesliga,Germany,1,23,18,2002,41.5,92.0,0.365,0.268,0.335,0.282,4.568,3.243,2.085,1.393,0.843,0.984,90.219,5.4,9.966,4.926,,
1220,Bukayo Odegaard,25,CB,Werder Bremen,Bundesliga,Germany,1,13,10,1138,54.4,107.0,0.122,0.065,0.1,0.061,0.773,0.705,3.797,1.944,2.185,5.474,83.972,7.657,2.664,0.599,,
1221,Nicolo Minamino,24,DM,Freiburg,Bundesliga,Germany,1,30,29,2674,10.0,30.0,0.037,0.066,0.037,0.079,0.823,1.391,3.723,2.387,1.183,1.968,89.384,6.348,2.747,1.089,,
1222,Alexis Milinkovic-Savic,27,FB,Bayern Munich,Bundesliga,Germany,1,36,35,3163,38.6,101.0,0.071,0.145,0.061,0.154,1.091,1.879,3.685,1.862,1.112,1.976,87.869,7.19,4.339,1.986,,
1223,Sofiane Musah,21,GK,Bochum,Bundesliga,Germany,1,8,6,675,48.1,135.0,0.01,0.017,0.008,0.006,0.031,0.432,0.25,0.203,0.055,0.294,81.032,3.174,0.696,0.177,89.058,53.199
1224,Diego Peters,24,CM,Hoffenheim,Bundesliga,Germany,1,9,7,787,40.1,136.0,0.17,0.183,0.132,0.202,1.689,2.356,2.879,2.31,1.691,2.217,77.225,9.262,5.383,2.627,,
1225,Enzo Kostic,27,CM,Bayer Leverkusen,Bundesliga,Germany,1,18,12,1592,19.0,73.0,0.115,0.17,0.119,0.186,1.945,2.107,2.307,1.951,1.37,2.203,78.937,8.528,4.964,2.074,,
1226,Martin Salah,27,CB,Eintracht Frankfurt,Bundesliga,Germany,1,33,23,2948,61.8,205.0,0.125,0.064,0.074,0.053,1.168,0.906,3.469,2.694,2.513,3.428,105.484,6.62,2.764,0.684,,
1227,Pedri Iwobi,25,CB,Cologne,Bundesliga,Germany,1,22,18,1951,33.7,84.0,0.089,0.057,0.078,0.077,0.885,0.711,2.979,2.471,1.847,3.951,89.234,6.417,2.152,0.539,,
1228,Iker Torres,25,DM,RB Leipzig,Bundesliga,Germany,1,27,19,2404,18.9,31.0,0.048,0.087,0.044,0.072,1.019,1.586,3.461,2.685,1.169,2.182,87.14,8.509,2.22,1.326,,
1229,Marcelo McKennie,34,GK,RB Leipzig,Bundesliga,Germany,1,24,17,2153,16.3,26.0,0.006,0.015,0.009,0.008,0.049,0.453,0.235,0.217,0.072,0.155,75.647,2.32,0.871,0.156,79.137,52.445
1230,Moises Eriksen,26,FB,Bayern Munich,Bundesliga,Germany,1,22,16,1938,20.8,42.0,0.052,0.117,0.049,0.157,1.069,1.531,3.029,1.723,0.944,1.371,79.253,6.486,5.546,2.346,,
1231,Bukayo Marino,20,DM,Darmstadt,Bundesliga,Germany,1,9,7,765,18.0,38.0,0.038,0.07,0.04,0.072,0.995,1.299,4.281,2.088,1.555,1.911,92.128,6.503,2.733,1.449,,
1232,Pablo Russo,23,CB,Hoffenheim,Bundesliga,Germany,1,33,32,2950,4.3,13.0,0.057,0.033,0.043,0.036,0.812,0.587,2.04,1.689,1.478,3.427,75.131,4.056,1.753,0.38,,
1233,Andre Diallo,29,W,Mainz,Bundesliga,Germany,1,13,10,1166,10.9,43.0,0.26,0.174,0.246,0.24,2.715,2.128,1.446,0.785,0.471,1.068,76.882,5.608,6.316,3.866,,
1234,Edouard Colombo,25,W,Eintracht Frankfurt,Bundesliga,Germany,1,28,22,2502,46.7,181.0,0.348,0.289,0.374,0.263,3.942,2.524,1.945,1.212,0.716,1.558,76.744,6.477,7.511,5.073,,
1235,Adama Jovic,22,FB,Heidenheim,Bundesliga,Germany,1,8,5,694,29.5,88.0,0.066,0.153,0.069,0.135,1.088,1.523,3.46,1.688,1.203,2.159,81.613,5.909,5.898,2.354,,
1236,Federico Alves,29,CB,Werder Bremen,Bundesliga,Germany,1,24,16,2106,18.3,67.0,0.068,0.038,0.056,0.053,0.891,0.668,2.343,2.363,1.97,3.514,95.698,6.278,1.867,0.498,,
1237,Leroy de Ligt,27,FB,Hoffenheim,Bundesliga,Germany,1,16,15,1369,21.9,44.0,0.073,0.118,0.044,0.144,0.918,2.066,3.01,1.554,1.191,2.151,80.434,6.596,5.093,2.022,,
1238,Lucas Santos,23,CM,Hoffenheim,Bundesliga,Germany,1,19,18,1687,8.3,13.0,0.091,0.145,0.105,0.151,1.423,1.837,2.384,1.454,1.156,1.359,92.571,8.603,3.282,1.603,,
1239,Alexander Konaté,23,DM,Monchengladbach,Bundesliga,Germany,1,20,18,1765,46.8,124.0,0.066,0.104,0.055,0.081,1.547,1.805,5.199,3.38,1.584,2.682,85.36,9.431,3.094,1.85,,
1240,Ryan Hegazi,26,FB,Cologne,Bundesliga,Germany,1,24,21,2089,11.3,41.0,0.064,0.127,0.053,0.148,0.943,1.877,3.215,1.508,0.97,1.558,89.425,6.004,4.443,1.743,,
1241,David Nunez,22,AM,Bayern Munich,Bundesliga,Germany,1,18,15,1539,111.1,320.0,0.271,0.34,0.356,0.34,3.879,4.405,1.719,1.327,0.876,1.593,78.351,9.475,8.177,4.455,,
1242,Nicolo Oliveira,29,CB,Augsburg,Bundesliga,Germany,1,8,7,696,36.8,119.0,0.137,0.074,0.078,0.072,1.218,1.095,3.566,2.319,2.459,4.601,91.634,7.333,2.312,0.69,,
1243,Carlos Hall,21,W,Mainz,Bundesliga,Germany,1,10,8,887,33.7,94.0,0.385,0.202,0.342,0.227,3.348,2.355,1.606,0.997,0.613,1.269,89.823,4.738,6.459,5.221,,
1244,Nicolas Kim,24,CB,Heidenheim,Bundesliga,Germany,1,26,19,2339,39.6,89.0,0.118,0.044,0.087,0.06,0.995,0.932,2.497,2.812,1.808,4.505,84.727,5.63,2.6,0.664,,
1245,Takumi van Dijk,28,W,Borussia Dortmund,Bundesliga,Germany,1,14,13,1228,20.5,56.0,0.347,0.24,0.231,0.207,2.931,3.025,1.803,0.963,0.602,1.025,69.378,5.048,7.528,4.686,,
1246,Serge de Ligt,26,CM,Werder Bremen,Bundesliga,Germany,1,31,26,2736,18.8,74.0,0.131,0.148,0.121,0.217,2.061,2.437,3.078,1.907,1.712,1.714,80.074,10.021,5.704,1.904,,
1247,Rafa Garcia,20,FB,Stuttgart,Bundesliga,Germany,1,8,6,657,30.9,103.0,0.06,0.128,0.057,0.147,1.22,1.712,3.548,2.356,1.379,2.389,94.304,7.972,4.719,2.229,,
1248,Rafa Kostic,27,CM,Freiburg,Bundesliga,Germany,1,33,27,2964,55.9,142.0,0.148,0.211,0.141,0.231,1.983,2.347,3.626,2.022,1.831,2.504,79.45,11.539,4.803,2.869,,
1249,Khvicha Kamada,31,W,Monchengladbach,Bundesliga,Germany,1,7,5,554,20.7,58.0,0.445,0.209,0.288,0.258,3.885,2.282,2.291,1.444,0.678,1.272,76.422,6.77,8.406,4.099,,
1250,Joshua Mane,29,GK,Heidenheim,Bundesliga,Germany,1,18,11,1532,10.4,33.0,0.006,0.012,0.005,0.005,0.03,0.327,0.132,0.164,0.053,0.166,83.254,2.275,0.53,0.101,71.072,30.664
1251,Renato Camara,22,CB,Union Berlin,Bundesliga,Germany,1,19,16,1647,12.2,41.0,0.056,0.045,0.048,0.036,0.831,0.674,2.577,1.988,1.621,3.14,95.194,4.115,1.784,0.426,,
1252,Miguel Fernandez,22,CM,Darmstadt,Bundesliga,Germany,1,32,24,2861,14.8,35.0,0.095,0.126,0.097,0.147,1.64,1.704,2.128,1.375,1.238,1.697,93.154,7.965,4.29,1.917,,
1253,Virgil Diallo,27,ST,Stuttgart,Bundesliga,Germany,1,36,28,3166,3.6,10.0,0.324,0.097,0.41,0.107,3.233,0.975,0.818,0.401,0.281,2.309,84.743,2.462,3.019,1.907,,
1254,Julian Walker,22,CB,Monchengladbach,Bundesliga,Germany,1,24,22,2086,13.1,37.0,0.059,0.043,0.051,0.046,0.827,0.646,2.123,2.106,1.462,3.55,99.296,6.422,2.005,0.57,,
1255,Martin Mane,22,GK,Bochum,Bundesliga,Germany,1,32,26,2820,8.3,29.0,0.004,0.011,0.005,0.005,0.025,0.349,0.159,0.115,0.053,0.162,74.896,2.121,0.52,0.084,70.369,35.414
1256,Alexis Vecino,20,GK,Monchengladbach,Bundesliga,Germany,1,18,13,1559,26.6,85.0,0.007,0.016,0.006,0.008,0.04,0.36,0.195,0.188,0.068,0.207,88.296,2.441,0.712,0.165,70.769,36.932
1257,Jan Iwobi,29,DM,Hoffenheim,Bundesliga,Germany,1,21,20,1886,12.2,23.0,0.047,0.076,0.024,0.069,0.86,1.386,3.186,2.241,1.365,2.254,98.305,8.023,2.184,1.396,,
1258,Achraf Rice,32,DM,Union Berlin,Bundesliga,Germany,1,19,15,1645,4.3,15.0,0.039,0.071,0.028,0.054,0.901,1.184,3.816,2.455,1.055,1.657,82.646,6.389,2.422,1.165,,
1259,Neymar Haaland,27,FB,Bochum,Bundesliga,Germany,1,29,24,2603,44.3,155.0,0.074,0.124,0.061,0.148,1.464,2.237,3.697,1.982,0.951,1.742,89.299,5.837,4.65,1.873,,
1260,Rafa Smith,25,FB,Bochum,Bundesliga,Germany,1,34,30,3056,22.6,72.0,0.068,0.163,0.07,0.177,1.242,2.187,3.006,2.244,0.87,2.057,80.103,7.728,5.636,2.127,,
1261,Moussa Valverde,17,FB,Eintracht Frankfurt,Bundesliga,Germany,1,14,12,1182,9.3,29.0,0.056,0.111,0.05,0.123,0.958,1.874,3.458,1.611,1.002,1.369,73.785,5.662,4.914,1.575,,
1262,Mohamed Martinez,25,CM,Bayern Munich,Bundesliga,Germany,1,9,6,752,28.0,89.0,0.136,0.203,0.153,0.2,1.666,2.013,2.507,2.211,1.348,1.928,87.637,8.797,5.715,2.895,,
1263,Casemiro Jones,24,ST,Borussia Dortmund,Bundesliga,Germany,1,10,8,830,10.6,41.0,0.468,0.127,0.404,0.125,3.623,1.466,0.894,0.552,0.299,3.636,81.214,3.086,3.317,2.164,,
1264,Youssef Vecino,26,GK,Darmstadt,Bundesliga,Germany,1,11,9,932,8.6,21.0,0.005,0.007,0.006,0.005,0.028,0.29,0.187,0.155,0.059,0.15,79.455,1.848,0.488,0.103,67.912,33.04
1265,Leon Zurkowski,22,CB,Heidenheim,Bundesliga,Germany,1,30,27,2623,56.7,95.0,0.077,0.05,0.102,0.061,1.279,0.943,3.923,2.638,2.126,5.473,80.767,8.039,2.166,0.643,,
1266,Bruno Araujo,23,CM,Bayer Leverkusen,Bundesliga,Germany,1,7,5,608,67.4,185.0,0.171,0.206,0.138,0.21,2.181,2.343,2.698,2.226,1.801,2.222,82.409,10.282,4.254,2.793,,
1267,Lorenzo Sobhi,25,CB,Cologne,Bundesliga,Germany,1,10,7,845,78.4,147.0,0.088,0.051,0.114,0.069,0.977,0.823,2.691,3.45,2.562,4.157,80.968,7.871,3.002,0.751,,
1268,Christian Ndidi,25,DM,RB Leipzig,Bundesliga,Germany,1,23,20,2008,7.3,14.0,0.035,0.05,0.028,0.063,0.89,1.188,3.122,2.18,1.396,1.967,88.37,6.346,2.366,0.976,,
1269,Charles Hall,22,GK,Borussia Dortmund,Bundesliga,Germany,1,11,9,950,51.7,199.0,0.007,0.015,0.006,0.008,0.044,0.448,0.284,0.184,0.089,0.232,87.604,3.487,0.751,0.172,72.405,45.467
1270,Gabriel Aaronson,27,W,Stuttgart,Bundesliga,Germany,1,32,31,2873,4.7,12.0,0.23,0.161,0.216,0.19,2.642,2.289,1.361,0.881,0.443,0.656,82.712,4.629,5.22,3.412,,
1271,Adama Garcia,25,FB,Union Berlin,Bundesliga,Germany,1,10,9,832,34.9,138.0,0.075,0.124,0.072,0.192,1.166,2.39,3.565,2.065,1.408,2.076,80.262,9.461,5.611,2.82,,
1272,Robert Williams,26,AM,Darmstadt,Bundesliga,Germany,1,19,15,1673,4.2,9.0,0.196,0.183,0.18,0.191,2.291,2.798,1.363,0.841,0.556,0.688,78.656,6.417,5.575,2.931,,
1273,Julian Foden,22,GK,Hoffenheim,Bundesliga,Germany,1,26,21,2284,18.2,46.0,0.006,0.011,0.006,0.006,0.025,0.28,0.165,0.191,0.05,0.169,79.992,2.343,0.706,0.11,71.606,30.809
1274,Christian Zurkowski,21,CB,Werder Bremen,Bundesliga,Germany,1,22,14,1893,51.2,102.0,0.119,0.063,0.08,0.063,1.211,0.807,2.454,3.058,2.485,4.245,78.226,8.065,2.333,0.694,,
1275,Pau Mbappé,26,AM,Union Berlin,Bundesliga,Germany,1,25,20,2198,22.0,65.0,0.276,0.223,0.253,0.262,3.15,3.003,1.492,0.926,0.74,0.909,84.284,9.01,7.019,3.8,,
1276,Ruben Saka,23,CB,Augsburg,Bundesliga,Germany,1,14,11,1174,21.6,75.0,0.074,0.053,0.07,0.063,1.12,0.667,2.892,2.716,2.012,4.38,92.466,5.687,2.051,0.685,,
1277,Max Kim,24,CB,Eintracht Frankfurt,Bundesliga,Germany,1,22,19,1941,18.4,31.0,0.069,0.05,0.052,0.056,0.666,0.783,2.358,2.268,1.559,3.332,96.377,6.016,2.096,0.42,,
1278,Omar Silva,21,ST,Darmstadt,Bundesliga,Germany,1,9,6,785,6.1,17.0,0.397,0.117,0.41,0.123,4.015,1.253,0.856,0.44,0.254,2.753,82.949,2.999,3.51,1.521,,
1279,Karim Iwobi,26,CM,Hoffenheim,Bundesliga,Germany,1,34,26,2981,38.6,143.0,0.167,0.175,0.135,0.202,2.239,2.704,2.385,2.025,2.16,2.604,92.673,9.988,4.509,2.667,,
1280,William Vecino,30,CB,Monchengladbach,Bundesliga,Germany,1,7,5,565,10.6,20.0,0.072,0.041,0.044,0.045,0.848,0.566,2.257,1.726,1.731,3.198,90.359,4.317,1.656,0.46,,
1281,Harry Son,26,DM,Bayern Munich,Bundesliga,Germany,1,24,19,2095,9.7,26.0,0.038,0.06,0.031,0.08,1.015,1.406,4.104,2.472,1.334,1.978,87.788,7.831,2.728,1.193,,
1282,Mohamed Trezeguet,17,ST,Werder Bremen,Bundesliga,Germany,1,20,16,1775,21.4,36.0,0.57,0.154,0.533,0.126,4.59,1.656,1.353,0.546,0.455,3.869,73.58,4.362,5.113,2.86,,
1283,Thiago Rodriguez,24,ST,Cologne,Bundesliga,Germany,1,36,31,3230,60.3,192.0,0.667,0.153,0.576,0.166,4.706,2.248,1.074,0.525,0.417,4.264,92.463,4.352,4.21,3.823,,
1284,Vinicius Alves,28,W,Darmstadt,Bundesliga,Germany,1,28,19,2445,51.6,101.0,0.357,0.221,0.352,0.228,4.0,2.839,1.715,1.341,0.673,0.929,92.687,6.312,8.512,4.111,,
1285,Jan Piatek,24,W,Wolfsburg,Bundesliga,Germany,1,29,24,2537,27.8,65.0,0.345,0.216,0.335,0.275,4.405,2.834,1.754,1.104,0.602,1.067,75.154,5.804,9.998,5.459,,
1286,Adama Musiala,25,CM,Union Berlin,Bundesliga,Germany,1,12,10,1028,15.7,57.0,0.128,0.138,0.133,0.14,1.782,2.048,2.525,1.603,1.249,1.78,85.73,8.057,4.695,2.026,,
1287,Khvicha Onyeka,28,CB,Monchengladbach,Bundesliga,Germany,1,7,4,591,38.1,112.0,0.066,0.051,0.077,0.058,0.949,0.685,3.256,2.112,2.062,4.756,85.773,6.392,2.822,0.59,,
1288,Luis Vecino,21,FB,Monchengladbach,Bundesliga,Germany,1,20,17,1782,34.5,73.0,0.071,0.176,0.042,0.183,1.165,1.631,3.226,1.767,1.215,1.816,93.381,8.746,5.039,2.258,,
1289,Lucas Iwobi,27,DM,Darmstadt,Bundesliga,Germany,1,19,14,1675,9.3,15.0,0.047,0.059,0.027,0.077,0.947,1.15,3.326,1.893,1.305,1.822,76.216,6.655,2.288,1.138,,
1290,Ferran Dembélé,25,DM,Heidenheim,Bundesliga,Germany,1,34,33,3046,46.0,73.0,0.047,0.07,0.04,0.104,1.077,1.721,4.058,2.735,1.786,2.539,87.634,8.903,3.234,1.68,,
1291,Sandro Sobhi,20,CM,Bochum,Bundesliga,Germany,1,30,25,2641,33.5,108.0,0.136,0.141,0.124,0.171,1.681,2.684,2.32,2.052,1.497,2.009,81.031,10.708,4.668,2.006,,
1292,Jamal Sobhi,27,FB,Augsburg,Bundesliga,Germany,1,26,23,2268,25.2,83.0,0.075,0.135,0.06,0.192,1.17,1.806,3.798,1.782,1.037,1.92,72.665,6.768,5.578,1.841,,
1293,Pau King,27,FB,Bochum,Bundesliga,Germany,1,23,17,2053,70.6,159.0,0.069,0.18,0.069,0.178,1.27,2.875,3.332,2.186,1.498,2.583,88.574,9.597,5.028,2.993,,
1294,Moussa Diallo,17,CB,Bayer Leverkusen,Bundesliga,Germany,1,17,13,1458,29.7,86.0,0.129,0.061,0.083,0.066,0.976,0.767,2.806,2.555,2.18,4.558,93.437,6.488,2.307,0.612,,
1295,Eric Meyer,27,DM,Heidenheim,Bundesliga,Germany,1,16,12,1419,23.5,49.0,0.053,0.087,0.031,0.099,1.277,1.244,4.155,2.508,1.436,2.043,97.006,7.322,3.029,1.453,,
1296,Daniel Meyer,24,CM,Union Berlin,Bundesliga,Germany,1,33,30,2936,11.9,28.0,0.121,0.127,0.097,0.157,1.63,2.077,2.229,1.583,1.306,1.388,97.268,8.816,4.356,1.766,,
1297,Alexander Wilson,22,FB,Wolfsburg,Bundesliga,Germany,1,12,8,1039,88.1,277.0,0.087,0.157,0.074,0.209,1.152,2.831,4.151,2.218,1.228,2.584,79.803,8.487,7.766,3.096,,
1298,Bernardo Vecino,20,GK,Stuttgart,Bundesliga,Germany,1,10,7,835,11.5,27.0,0.007,0.009,0.006,0.006,0.027,0.373,0.203,0.16,0.059,0.185,89.023,2.272,0.533,0.104,76.68,30.556
1299,Khvicha Weber,27,W,Heidenheim,Bundesliga,Germany,1,34,24,3040,19.5,66.0,0.286,0.185,0.316,0.224,3.352,2.402,1.804,0.964,0.574,0.851,75.621,5.282,6.967,4.663,,
1300,Ryan Marino,33,CB,Borussia Dortmund,Bundesliga,Germany,1,15,10,1314,10.3,18.0,0.067,0.05,0.056,0.054,0.84,0.77,2.319,1.893,1.897,2.863,76.099,5.857,1.611,0.509,,
1301,Jamal Musiala,26,AM,Werder Bremen,Bundesliga,Germany,1,16,12,1429,11.5,26.0,0.25,0.182,0.211,0.196,3.002,3.753,1.379,0.799,0.589,0.947,78.088,7.036,5.371,2.914,,
1302,Axel Szczesny,30,W,Darmstadt,Bundesliga,Germany,1,36,26,3231,32.0,61.0,0.464,0.267,0.291,0.239,3.297,2.655,2.109,1.431,0.856,1.095,97.122,6.535,9.134,4.897,,
1303,Cole Torres,29,CM,Stuttgart,Bundesliga,Germany,1,25,21,2221,56.9,219.0,0.23,0.207,0.16,0.256,2.843,2.346,3.069,2.322,1.971,2.302,92.129,12.712,5.32,3.061,,
1304,Carlos Szczesny,28,FB,Mainz,Bundesliga,Germany,1,31,21,2728,46.1,97.0,0.06,0.171,0.071,0.183,1.646,2.226,4.491,2.638,1.236,1.993,98.276,7.904,6.125,2.338,,
1305,Patrick Bakker,23,CB,Bayer Leverkusen,Bundesliga,Germany,1,22,21,1908,53.0,136.0,0.106,0.071,0.087,0.077,1.048,0.799,3.147,2.424,2.305,4.331,82.212,7.145,2.636,0.577,,
1306,Darwin Weber,24,W,Union Berlin,Bundesliga,Germany,1,21,15,1861,12.6,34.0,0.258,0.175,0.266,0.182,2.804,2.838,1.464,1.043,0.548,1.136,87.905,5.016,7.133,3.961,,
1307,Hugo Peters,25,DM,Wolfsburg,Bundesliga,Germany,1,6,5,537,48.4,169.0,0.062,0.092,0.039,0.097,1.062,1.319,4.384,3.457,1.85,2.554,99.57,7.619,3.0,1.896,,
1308,Lautaro Park,27,W,Bayern Munich,Bundesliga,Germany,1,27,24,2406,50.1,80.0,0.413,0.247,0.365,0.252,4.437,2.69,2.218,1.712,0.711,1.113,89.216,6.29,8.701,4.621,,
1309,Julian Mane,35,ST,Bayern Munich,Bundesliga,Germany,1,7,6,582,10.8,29.0,0.58,0.187,0.599,0.135,4.412,1.663,1.131,0.64,0.488,5.008,83.804,3.395,3.928,2.962,,
1310,Lautaro Diaz,32,CB,Wolfsburg,Bundesliga,Germany,1,21,14,1831,24.4,86.0,0.095,0.073,0.081,0.059,1.073,0.619,2.28,2.138,2.0,5.096,104.568,5.704,2.071,0.619,,
1311,Marcelo White,33,ST,Werder Bremen,Bundesliga,Germany,1,8,6,711,12.7,26.0,0.478,0.129,0.553,0.169,3.614,1.541,0.827,0.716,0.366,2.974,72.535,3.573,4.31,2.2,,
1312,Florian Suarez,23,CB,Bochum,Bundesliga,Germany,1,20,14,1776,26.7,59.0,0.091,0.05,0.075,0.06,1.115,0.836,3.477,2.192,2.426,3.954,95.852,5.897,2.268,0.621,,
1313,Max Musiala,32,CB,Stuttgart,Bundesliga,Germany,1,36,30,3201,12.3,19.0,0.065,0.061,0.073,0.055,0.681,0.688,2.28,2.115,1.98,4.356,92.046,6.528,2.037,0.553,,
1314,Sandro McKennie,29,W,Augsburg,Bundesliga,Germany,1,18,14,1537,63.1,178.0,0.329,0.305,0.304,0.225,4.363,2.842,2.75,1.359,0.824,1.151,99.995,5.871,10.2,5.051,,
1315,Kevin Jones,22,CM,Stuttgart,Bundesliga,Germany,1,30,21,2617,106.9,385.0,0.172,0.237,0.162,0.222,2.164,3.085,4.025,2.875,1.951,2.343,98.819,9.225,4.481,2.574,,
1316,Enzo Vecino,31,CM,Bochum,Bundesliga,Germany,1,24,22,2108,11.0,27.0,0.109,0.148,0.129,0.149,1.612,1.806,2.604,1.75,1.124,1.512,86.461,7.848,4.687,1.897,,
1317,Sadio Rice,26,DM,Freiburg,Bundesliga,Germany,1,34,29,3038,11.5,43.0,0.045,0.06,0.036,0.08,0.998,1.406,4.006,2.609,1.217,2.348,98.269,7.103,3.133,1.011,,
1318,Angel Xhaka,26,ST,Darmstadt,Bundesliga,Germany,1,21,18,1803,36.6,110.0,0.555,0.205,0.506,0.15,4.528,1.918,1.104,0.697,0.439,3.858,72.824,3.064,4.263,2.931,,
1319,William Milinkovic-Savic,24,DM,Borussia Dortmund,Bundesliga,Germany,1,14,12,1217,22.6,36.0,0.048,0.079,0.034,0.116,1.122,1.308,4.938,2.775,1.449,2.722,91.407,7.85,3.534,1.419,,
1320,Samuel Onyeka,24,CB,Darmstadt,Bundesliga,Germany,1,35,28,3147,10.2,19.0,0.06,0.047,0.056,0.044,0.815,0.566,2.754,2.112,1.672,3.305,74.603,5.121,1.947,0.409,,
1321,Vitinha Vlahovic,31,CM,Bochum,Bundesliga,Germany,1,10,8,864,24.5,90.0,0.107,0.191,0.14,0.191,2.076,2.464,2.488,2.122,1.784,2.06,91.507,10.859,4.992,2.298,,
1322,Cole Lewandowski,29,CB,Heidenheim,Bundesliga,Germany,1,12,7,999,29.7,66.0,0.093,0.057,0.067,0.052,0.767,0.923,3.144,2.679,2.228,3.932,77.179,6.369,1.965,0.748,,
1323,Alvaro Zurkowski,28,W,Cologne,Bundesliga,Germany,1,13,9,1152,35.8,98.0,0.417,0.264,0.375,0.256,3.678,2.891,1.854,1.203,0.556,1.107,86.988,4.921,7.835,5.112,,
1324,Nicolo Andersen,28,CB,Eintracht Frankfurt,Bundesliga,Germany,1,33,30,2917,14.8,38.0,0.062,0.054,0.064,0.038,0.683,0.659,2.537,1.889,1.563,3.682,99.303,4.62,1.907,0.46,,
1325,Amadou Ricci,27,CB,Cologne,Bundesliga,Germany,1,27,25,2384,31.5,117.0,0.07,0.063,0.062,0.059,1.073,0.684,2.618,2.312,1.85,4.179,100.428,6.953,2.302,0.477,,
1326,Robert Costa,22,GK,Wolfsburg,Bundesliga,Germany,1,10,7,829,58.9,100.0,0.007,0.013,0.006,0.006,0.047,0.315,0.222,0.19,0.082,0.237,73.386,3.408,0.661,0.151,83.883,49.621
1327,Lorenzo Gudelj,30,DM,RB Leipzig,Bundesliga,Germany,1,36,29,3168,38.8,111.0,0.068,0.081,0.04,0.102,1.055,1.851,3.843,2.645,1.574,2.281,78.497,9.465,3.469,1.829,,
1328,Carlos Elneny,23,FB,RB Leipzig,Bundesliga,Germany,1,17,12,1446,27.9,65.0,0.08,0.139,0.046,0.149,1.078,1.662,3.031,1.639,1.249,1.993,95.933,5.497,4.939,2.352,,
1329,James Alves,27,CM,Augsburg,Bundesliga,Germany,1,10,6,844,14.4,26.0,0.094,0.172,0.102,0.141,1.713,1.846,3.064,1.632,1.211,1.651,82.656,9.629,3.969,2.092,,
1330,Davide Gordon,24,CM,Darmstadt,Bundesliga,Germany,1,10,7,868,11.0,21.0,0.107,0.131,0.097,0.13,1.476,1.74,2.188,1.364,1.334,1.557,85.503,7.015,3.272,1.645,,
1331,Lorenzo Fernandez,24,ST,Bochum,Bundesliga,Germany,1,29,28,2585,4.9,14.0,0.368,0.098,0.38,0.098,3.838,1.351,0.791,0.413,0.327,3.022,77.118,3.084,3.44,1.891,,
1332,Achraf Sobhi,23,ST,Cologne,Bundesliga,Germany,1,13,12,1145,27.7,54.0,0.45,0.166,0.53,0.113,4.668,1.398,0.969,0.642,0.443,3.316,81.643,3.408,4.44,2.591,,
1333,Trent Schlotterbeck,20,CB,Bochum,Bundesliga,Germany,1,23,19,2044,9.9,24.0,0.051,0.048,0.054,0.054,0.829,0.68,2.661,2.18,1.737,4.098,83.671,5.485,1.706,0.443,,
1334,Leroy Suarez,26,ST,Darmstadt,Bundesliga,Germany,1,14,11,1253,29.1,112.0,0.467,0.134,0.522,0.159,3.691,1.265,1.008,0.558,0.363,4.325,82.843,3.601,4.389,2.372,,
1335,Serge Diaz,23,CM,Bayer Leverkusen,Bundesliga,Germany,1,25,20,2162,20.7,38.0,0.126,0.168,0.135,0.177,1.473,2.29,2.917,1.84,1.818,1.69,87.495,9.183,4.359,2.391,,
1336,Victor Bassey,28,DM,Cologne,Bundesliga,Germany,1,23,20,2050,44.4,93.0,0.069,0.111,0.055,0.11,1.387,2.198,4.158,3.044,1.747,2.48,96.622,10.089,3.726,1.466,,
1337,Alexander Suarez,27,CB,Eintracht Frankfurt,Bundesliga,Germany,1,25,22,2239,22.6,43.0,0.1,0.061,0.083,0.051,0.925,0.882,2.884,2.631,2.44,3.878,80.329,6.616,2.552,0.593,,
1338,Rayan Russo,32,W,Heidenheim,Bundesliga,Germany,1,26,22,2276,5.1,17.0,0.233,0.157,0.21,0.184,2.317,2.329,1.663,0.813,0.452,0.699,73.501,4.995,6.206,3.644,,
1339,Vinicius Kim,25,DM,Monchengladbach,Bundesliga,Germany,1,21,19,1850,30.4,99.0,0.058,0.08,0.041,0.096,1.327,1.488,5.042,3.31,1.552,2.593,79.001,9.931,2.978,1.205,,
1340,Robin Diallo,22,FB,Union Berlin,Bundesliga,Germany,1,7,4,564,13.3,51.0,0.044,0.085,0.04,0.144,1.041,1.313,2.257,1.22,0.909,1.513,71.276,6.744,5.32,1.897,,
1341,Youssef Zielinski,25,W,Augsburg,Bundesliga,Germany,1,19,15,1700,14.9,31.0,0.257,0.201,0.255,0.194,2.408,2.741,1.462,0.952,0.522,0.958,82.367,4.68,7.113,4.944,,
1342,Daichi Musiala,29,FB,Eintracht Frankfurt,Bundesliga,Germany,1,35,30,3129,12.5,48.0,0.07,0.129,0.044,0.152,1.203,1.567,2.931,1.972,0.884,1.42,86.251,6.168,5.234,1.868,,
1343,Samuel Dembélé,24,W,Union Berlin,Bundesliga,Germany,1,18,15,1566,34.0,54.0,0.403,0.245,0.341,0.268,4.869,3.494,1.7,1.259,0.849,1.054,80.107,7.339,8.856,5.423,,
1344,Dusan Diaz,30,CM,Eintracht Frankfurt,Bundesliga,Germany,1,25,23,2237,26.0,93.0,0.156,0.163,0.145,0.177,1.723,2.092,2.827,1.753,1.491,1.557,93.273,7.426,3.708,2.014,,
1345,Yves Diallo,27,GK,Bayer Leverkusen,Bundesliga,Germany,1,9,6,800,22.9,54.0,0.006,0.012,0.007,0.006,0.032,0.405,0.163,0.165,0.069,0.171,79.634,2.784,0.726,0.138,80.887,42.72
1346,Son White,32,W,Freiburg,Bundesliga,Germany,1,12,9,1068,36.1,66.0,0.44,0.275,0.323,0.219,3.659,2.971,1.966,1.077,0.682,1.069,91.186,6.769,8.797,5.584,,
1347,Ansu Suarez,27,FB,Darmstadt,Bundesliga,Germany,1,28,22,2519,19.8,39.0,0.057,0.123,0.055,0.133,1.313,1.797,3.156,1.588,1.08,1.653,74.681,5.265,5.636,2.241,,
1348,Ruben Lindstrom,26,DM,Freiburg,Bundesliga,Germany,1,21,17,1890,12.1,48.0,0.038,0.065,0.031,0.069,1.012,1.416,4.078,2.432,1.356,2.027,94.253,6.829,2.654,1.435,,
1349,Moises Fernandez,27,CB,Darmstadt,Bundesliga,Germany,1,25,23,2241,35.8,97.0,0.086,0.057,0.085,0.044,0.829,0.707,2.278,2.533,1.635,4.253,98.791,5.17,2.372,0.6,,
1350,Serge Diallo,21,CM,RB Leipzig,Bundesliga,Germany,1,18,16,1619,30.6,87.0,0.19,0.207,0.128,0.187,1.798,2.583,3.037,1.907,1.254,1.892,86.863,11.566,5.363,2.062,,
1351,Declan Pereira,28,ST,Heidenheim,Bundesliga,Germany,1,13,10,1086,8.4,17.0,0.445,0.096,0.444,0.108,3.641,1.181,0.987,0.508,0.312,2.736,82.151,3.229,2.97,2.147,,
1352,Moises Minamino,22,DM,Borussia Dortmund,Bundesliga,Germany,1,22,16,1930,71.2,191.0,0.057,0.076,0.05,0.13,1.075,1.51,4.329,2.323,1.488,2.578,82.745,10.746,3.566,1.531,,
1353,Ferran Santos,18,CM,Wolfsburg,Bundesliga,Germany,1,18,14,1584,6.0,22.0,0.101,0.117,0.101,0.171,1.561,1.876,2.303,1.647,1.193,1.294,78.668,8.509,3.825,1.685,,
1354,Ryan Bakker,20,DM,Bayer Leverkusen,Bundesliga,Germany,1,20,19,1784,25.4,43.0,0.056,0.068,0.044,0.074,1.035,1.822,3.804,2.796,1.315,1.998,103.036,8.072,3.102,1.172,,
1355,Joao van Dijk,24,AM,Augsburg,Bundesliga,Germany,1,29,20,2535,16.8,63.0,0.265,0.218,0.263,0.235,3.189,3.085,1.157,1.001,0.758,0.973,79.854,7.562,7.917,3.44,,
1356,Nicolas Smith,30,CB,Darmstadt,Bundesliga,Germany,1,34,23,3032,38.0,127.0,0.094,0.062,0.078,0.061,1.204,0.777,3.327,2.211,1.963,4.708,101.458,7.479,2.14,0.687,,
1357,Cole Peters,27,CM,Cologne,Bundesliga,Germany,1,36,32,3168,13.5,33.0,0.134,0.18,0.131,0.139,1.703,2.612,2.584,1.678,1.616,1.909,83.58,7.254,4.14,2.199,,
1358,Romelu Ndidi,29,ST,Bayern Munich,Bundesliga,Germany,1,31,24,2706,12.5,43.0,0.454,0.148,0.38,0.134,4.035,1.428,0.958,0.568,0.373,2.951,69.43,3.655,3.907,2.015,,
1359,Rafa Diallo,25,CB,Monchengladbach,Bundesliga,Germany,1,18,14,1567,32.7,82.0,0.08,0.05,0.069,0.067,0.942,0.847,2.731,2.054,2.003,4.248,78.56,6.068,2.51,0.593,,
1360,Omar Grimaldo,28,CM,RB Leipzig,Bundesliga,Germany,1,11,10,966,13.9,42.0,0.114,0.136,0.112,0.178,2.056,2.061,2.408,1.352,1.523,1.367,91.135,8.271,4.139,2.116,,
1361,Yves Pulisic,22,AM,Bochum,Bundesliga,Germany,1,20,13,1713,54.2,89.0,0.31,0.276,0.286,0.306,2.945,4.348,1.607,1.089,1.008,1.258,84.137,6.832,6.591,3.863,,
1362,Tomas Johnson,21,CM,Wolfsburg,Bundesliga,Germany,1,9,6,728,54.2,172.0,0.175,0.204,0.133,0.172,1.831,2.416,2.9,2.276,1.612,2.482,95.018,9.082,5.383,2.772,,
1363,Lautaro de Jong,25,CM,Wolfsburg,Bundesliga,Germany,1,23,19,2027,14.9,47.0,0.115,0.171,0.116,0.159,1.892,2.159,2.941,1.501,1.382,1.795,92.229,8.613,4.684,2.008,,
1364,Moussa Rodriguez,24,DM,Bayer Leverkusen,Bundesliga,Germany,1,7,5,568,21.0,50.0,0.05,0.058,0.036,0.092,0.996,1.263,4.009,2.775,1.535,1.868,80.077,6.361,2.477,1.379,,
1365,Alexis Santos,31,W,Eintracht Frankfurt,Bundesliga,Germany,1,17,12,1498,42.9,131.0,0.308,0.221,0.353,0.199,4.419,3.115,2.473,1.185,0.706,1.23,89.166,5.306,8.808,5.765,,
1366,Renato King,23,CM,Borussia Dortmund,Bundesliga,Germany,1,18,14,1580,14.5,41.0,0.144,0.159,0.1,0.145,1.838,1.864,2.224,1.76,1.449,1.538,77.829,8.404,3.559,1.999,,
1367,Marco Gonzalez,23,AM,Werder Bremen,Bundesliga,Germany,1,30,27,2679,5.6,22.0,0.177,0.189,0.215,0.23,2.558,2.486,1.244,0.875,0.59,0.752,70.825,6.748,6.18,2.967,,
1368,Ousmane Costa,28,GK,Darmstadt,Bundesliga,Germany,1,9,8,752,38.8,86.0,0.007,0.015,0.009,0.007,0.03,0.375,0.172,0.207,0.057,0.173,92.415,3.69,0.927,0.117,74.935,46.933
1369,Bukayo Milinkovic-Savic,27,CM,Werder Bremen,Bundesliga,Germany,1,30,26,2659,9.0,15.0,0.114,0.129,0.094,0.154,2.007,2.094,2.573,1.379,1.371,1.409,96.221,8.44,3.657,2.03,,
1370,Pablo Wilson,26,ST,Werder Bremen,Bundesliga,Germany,1,22,16,1953,34.4,59.0,0.431,0.156,0.498,0.139,3.81,1.68,1.191,0.717,0.332,4.071,74.901,3.193,4.13,2.706,,
1371,Diogo Tadic,31,CM,Cologne,Bundesliga,Germany,1,11,8,912,5.7,11.0,0.092,0.14,0.083,0.125,1.675,2.199,2.327,1.575,1.465,1.322,75.983,7.168,4.041,1.491,,
1372,Antoine Rice,31,CB,Heidenheim,Bundesliga,Germany,1,28,23,2436,22.7,61.0,0.087,0.048,0.072,0.06,0.934,0.69,3.021,2.923,1.804,3.221,77.121,6.96,2.093,0.591,,
1373,Kevin Torres,23,GK,Freiburg,Bundesliga,Germany,1,23,21,2046,9.3,19.0,0.004,0.01,0.005,0.005,0.026,0.276,0.202,0.184,0.057,0.158,82.923,2.792,0.693,0.1,76.141,32.33
1374,Moises Musiala,20,GK,Bayern Munich,Bundesliga,Germany,1,18,13,1603,36.8,60.0,0.008,0.019,0.008,0.008,0.043,0.417,0.216,0.22,0.078,0.224,73.33,2.971,0.885,0.132,78.779,40.764
1375,Khvicha Odegaard,25,FB,Borussia Dortmund,Bundesliga,Germany,1,9,7,778,14.4,57.0,0.054,0.163,0.047,0.158,1.126,1.57,2.868,1.753,0.974,1.636,94.3,6.087,4.533,1.872,,
1376,Andre Wirtz,19,CB,Stuttgart,Bundesliga,Germany,1,13,10,1108,35.5,128.0,0.087,0.061,0.074,0.056,1.059,0.723,2.299,2.14,2.068,3.444,104.955,5.488,2.917,0.598,,
1377,Moises Palmer,24,CM,Heidenheim,Bundesliga,Germany,1,19,16,1648,34.7,82.0,0.151,0.181,0.152,0.217,1.918,2.784,3.331,2.07,1.683,2.229,91.097,8.467,5.173,2.153,,
1378,Youssef Williams,21,CM,Eintracht Frankfurt,Bundesliga,Germany,1,25,17,2176,18.6,49.0,0.143,0.185,0.109,0.171,1.785,1.815,2.048,1.475,1.136,1.852,89.958,9.227,4.64,2.176,,
1379,Martin Valverde,24,CB,Bayern Munich,Bundesliga,Germany,1,29,25,2609,38.5,58.0,0.093,0.06,0.092,0.062,1.073,0.778,3.133,2.267,1.688,5.17,101.148,6.342,2.023,0.585,,
1380,Kalidou Kamada,23,FB,Monchengladbach,Bundesliga,Germany,1,29,21,2562,17.8,70.0,0.066,0.145,0.062,0.159,1.096,1.942,2.949,1.477,0.952,2.011,88.03,6.855,5.786,1.567,,
1381,Kylian Xhaka,22,CM,Freiburg,Bundesliga,Germany,1,21,17,1841,19.5,31.0,0.131,0.134,0.12,0.179,1.563,2.071,2.424,2.061,1.732,1.846,90.288,9.574,3.661,1.977,,
1382,Pedri Araujo,23,CM,Wolfsburg,Bundesliga,Germany,1,33,28,2956,24.9,37.0,0.11,0.191,0.14,0.184,1.987,1.856,2.337,1.624,1.532,1.888,84.977,7.724,3.574,1.875,,
1383,Jonathan Mendes,33,GK,Heidenheim,Bundesliga,Germany,1,29,27,2572,12.5,21.0,0.005,0.011,0.005,0.006,0.039,0.482,0.174,0.181,0.067,0.197,90.107,3.593,0.697,0.133,71.281,47.415
1384,Matteo Sousa,21,DM,Bochum,Bundesliga,Germany,1,26,19,2337,9.4,18.0,0.036,0.069,0.032,0.08,1.011,1.049,3.647,2.056,1.296,1.632,100.354,6.956,2.912,1.063,,
1385,Raphael Marino,23,W,Heidenheim,Bundesliga,Germany,1,18,13,1563,12.0,48.0,0.337,0.218,0.224,0.24,3.065,2.664,1.92,0.85,0.587,0.986,88.962,4.859,6.284,4.624,,
1386,Khvicha Diaz,25,GK,Mainz,Bundesliga,Germany,1,29,20,2521,9.0,26.0,0.005,0.009,0.005,0.006,0.022,0.295,0.156,0.17,0.049,0.176,84.408,2.292,0.453,0.099,77.698,32.127
1387,Youssef Pereira,26,CB,Monchengladbach,Bundesliga,Germany,1,32,24,2864,34.4,101.0,0.074,0.048,0.069,0.042,0.979,0.798,2.823,2.349,2.322,3.619,102.217,5.399,2.556,0.606,,
1388,Moises Araujo,32,CM,Augsburg,Bundesliga,Germany,1,20,16,1718,37.7,94.0,0.141,0.207,0.157,0.169,2.482,3.329,3.447,2.389,2.072,2.141,86.938,10.078,5.181,2.961,,
1389,Charles Zielinski,27,AM,Heidenheim,Bundesliga,Germany,1,16,12,1438,24.1,37.0,0.26,0.264,0.277,0.272,3.094,4.225,1.798,1.118,0.644,1.01,79.806,6.533,6.003,3.793,,
1390,Renato Kamada,26,FB,Freiburg,Bundesliga,Germany,1,34,32,3015,4.5,16.0,0.043,0.102,0.031,0.12,0.877,1.406,2.576,1.283,0.973,1.265,70.082,5.668,3.89,1.537,,
1391,Alejandro Davies,30,ST,Heidenheim,Bundesliga,Germany,1,14,11,1231,25.0,57.0,0.533,0.121,0.535,0.147,3.466,1.245,0.859,0.557,0.398,3.38,81.53,3.255,3.159,2.038,,
1392,Amadou Costa,26,ST,Stuttgart,Bundesliga,Germany,1,17,16,1507,11.6,20.0,0.438,0.1,0.405,0.114,4.343,1.655,0.907,0.493,0.286,3.527,75.468,2.743,3.591,1.943,,
1393,Davide Robinson,25,CM,Stuttgart,Bundesliga,Germany,1,20,17,1755,23.4,67.0,0.119,0.155,0.122,0.158,2.218,2.219,3.172,1.922,1.503,1.799,76.394,9.015,5.178,1.925,,
1394,Virgil White,21,CB,Bayern Munich,Bundesliga,Germany,1,25,18,2231,44.7,159.0,0.075,0.059,0.067,0.057,0.779,0.969,2.456,2.521,2.063,3.331,97.879,6.385,1.991,0.512,,
1395,Sandro Minamino,26,CM,Borussia Dortmund,Bundesliga,Germany,1,10,9,858,34.7,102.0,0.139,0.229,0.126,0.191,1.624,2.134,2.581,2.28,1.542,2.178,84.935,9.162,4.985,2.111,,
1396,Casemiro Mendes,25,DM,Bochum,Bundesliga,Germany,1,7,5,560,47.5,169.0,0.059,0.09,0.042,0.089,1.431,2.182,4.771,2.872,2.119,3.023,92.386,8.757,3.089,1.562,,
1397,Hakim Gudelj,20,FB,Eintracht Frankfurt,Bundesliga,Germany,1,15,11,1272,9.5,23.0,0.052,0.12,0.04,0.108,0.768,1.436,2.745,1.695,1.063,1.591,91.393,6.809,4.524,1.691,,
1398,Thiago Visser,24,CM,Cologne,Bundesliga,Germany,1,16,12,1411,45.5,181.0,0.186,0.219,0.111,0.218,2.378,2.67,2.696,2.229,1.628,2.498,95.776,9.283,4.187,2.243,,
1399,Davide Piatek,33,AM,Augsburg,Bundesliga,Germany,1,13,12,1157,2.0,5.0,0.17,0.184,0.178,0.246,2.108,2.469,1.048,0.636,0.484,0.708,86.577,6.71,5.309,3.537,,
1400,Alexander Odegaard,25,AM,Bayer Leverkusen,Bundesliga,Germany,1,10,9,835,12.0,45.0,0.283,0.273,0.216,0.227,2.621,2.851,1.291,1.144,0.663,0.733,73.786,8.979,6.609,3.268,,
1401,Nicolas Foden,28,CB,Hoffenheim,Bundesliga,Germany,1,25,24,2198,49.3,89.0,0.127,0.06,0.089,0.077,1.134,0.725,3.079,3.215,2.233,4.109,85.91,7.465,2.752,0.82,,
1402,Daichi Rossi,24,AM,Stuttgart,Bundesliga,Germany,1,28,26,2474,3.4,7.0,0.24,0.172,0.204,0.223,2.298,2.596,1.235,0.828,0.551,0.681,92.049,5.834,6.653,3.282,,
1403,Kai Jones,29,AM,Stuttgart,Bundesliga,Germany,1,26,19,2319,13.3,45.0,0.246,0.251,0.246,0.234,3.125,2.626,1.371,0.943,0.64,1.094,74.794,6.487,6.145,3.112,,
1404,Emil Pulisic,22,CB,RB Leipzig,Bundesliga,Germany,1,11,10,954,95.3,283.0,0.137,0.068,0.072,0.092,0.979,0.91,3.597,2.778,2.52,5.085,89.967,5.601,2.767,0.629,,
1405,Khvicha Tah,22,DM,Eintracht Frankfurt,Bundesliga,Germany,1,33,30,2882,17.1,36.0,0.051,0.064,0.036,0.095,0.927,1.375,3.383,2.642,1.314,2.63,82.267,8.028,2.651,1.459,,
1406,Sadio Aaronson,26,CM,RB Leipzig,Bundesliga,Germany,1,12,8,1009,47.4,131.0,0.174,0.197,0.156,0.266,2.217,2.205,2.7,2.367,1.842,2.017,80.809,8.831,5.187,3.211,,
1407,Pau Odegaard,26,FB,Hoffenheim,Bundesliga,Germany,1,20,18,1800,48.8,148.0,0.084,0.177,0.067,0.144,1.326,2.033,3.103,2.558,1.49,2.17,87.279,8.739,6.166,2.318,,
1408,Toby Adams,26,GK,Cologne,Bundesliga,Germany,1,19,15,1710,15.9,55.0,0.006,0.009,0.008,0.007,0.034,0.376,0.19,0.191,0.056,0.153,69.658,2.13,0.765,0.113,74.874,40.401
1409,Alvaro Vlahovic,29,ST,RB Leipzig,Bundesliga,Germany,1,17,14,1448,67.7,167.0,0.642,0.148,0.543,0.165,5.163,1.602,1.212,0.628,0.451,5.746,85.202,4.866,4.979,2.752,,
1410,Alexis Peters,20,CM,RB Leipzig,Bundesliga,Germany,1,21,18,1825,8.2,21.0,0.105,0.115,0.097,0.151,1.381,1.874,2.292,1.547,1.338,1.395,75.247,7.977,4.071,1.952,,
1411,Daichi Lopez,29,CB,Union Berlin,Bundesliga,Germany,1,11,9,955,23.2,69.0,0.075,0.054,0.062,0.051,0.775,0.644,2.811,2.114,1.642,3.239,88.786,5.78,1.75,0.597,,
1412,Moises Gudelj,25,AM,Eintracht Frankfurt,Bundesliga,Germany,1,31,28,2710,36.8,113.0,0.268,0.308,0.209,0.336,3.254,3.77,1.723,1.093,0.72,1.092,84.365,8.516,8.977,3.123,,
1413,Vinicius Valverde,24,DM,Mainz,Bundesliga,Germany,1,16,15,1393,41.5,136.0,0.069,0.084,0.047,0.079,1.114,1.51,3.882,3.594,1.263,2.418,93.926,9.546,3.79,1.254,,
1414,Frenkie Eriksen,25,AM,Union Berlin,Bundesliga,Germany,1,24,23,2150,37.8,138.0,0.317,0.207,0.273,0.236,3.939,3.633,2.16,1.28,0.701,1.261,84.374,10.013,7.157,3.844,,
1415,Mohamed Jimenez,23,CM,Union Berlin,Bundesliga,Germany,1,26,24,2332,8.2,16.0,0.09,0.131,0.094,0.14,1.37,1.556,2.297,1.469,1.332,1.451,80.16,7.569,3.271,1.726,,
1416,Marcus Visser,23,W,Augsburg,Bundesliga,Germany,1,12,7,1013,13.2,22.0,0.264,0.165,0.267,0.187,3.093,2.541,1.687,0.873,0.492,0.784,76.405,4.439,6.176,4.484,,
1417,Casemiro de Ligt,28,W,RB Leipzig,Bundesliga,Germany,1,32,31,2850,25.6,56.0,0.299,0.258,0.338,0.191,3.053,2.506,1.836,1.206,0.571,1.068,92.152,4.517,8.668,4.067,,
1418,Serge Szczesny,27,CB,Freiburg,Bundesliga,Germany,1,7,5,598,12.7,22.0,0.077,0.041,0.052,0.048,0.897,0.62,2.579,2.233,1.916,3.386,81.722,4.625,1.837,0.56,,
1419,Alvaro Reyna,25,CB,Bayern Munich,Bundesliga,Germany,1,10,7,859,34.7,137.0,0.107,0.042,0.069,0.055,0.925,0.761,2.578,2.775,1.953,3.381,83.587,5.516,2.122,0.545,,
1420,Khvicha Oliveira,25,CB,Werder Bremen,Bundesliga,Germany,1,25,18,2209,10.8,39.0,0.065,0.04,0.063,0.059,0.922,0.577,2.313,2.354,1.945,3.778,84.294,5.317,1.822,0.532,,
1421,Hakim Mbappé,28,AM,Augsburg,Bundesliga,Germany,1,33,27,2915,29.7,98.0,0.266,0.261,0.264,0.317,2.959,3.526,1.368,1.457,0.648,1.326,85.23,8.03,8.806,4.734,,
1422,Hiroki Andersen,26,DM,Union Berlin,Bundesliga,Germany,1,25,22,2249,2.9,7.0,0.035,0.056,0.028,0.056,0.727,1.207,3.735,2.167,1.096,1.855,92.883,6.217,2.282,0.864,,
1423,Ansu Wilson,30,GK,Augsburg,Bundesliga,Germany,1,17,15,1504,26.7,45.0,0.007,0.015,0.009,0.005,0.033,0.422,0.239,0.191,0.082,0.203,94.934,2.807,0.808,0.148,69.039,46.976
1424,Ibrahim Lookman,25,GK,Mainz,Bundesliga,Germany,1,27,23,2373,15.4,37.0,0.006,0.012,0.007,0.005,0.037,0.387,0.203,0.225,0.061,0.189,69.841,2.562,0.689,0.149,68.527,40.64
1425,Leo Brown,26,AM,Augsburg,Bundesliga,Germany,1,35,25,3139,17.0,64.0,0.302,0.253,0.267,0.255,3.242,3.012,1.747,0.797,0.868,1.103,93.657,8.569,8.134,2.902,,
1426,Casemiro Nunez,25,CM,Cologne,Bundesliga,Germany,1,17,13,1451,42.0,89.0,0.122,0.16,0.132,0.172,1.973,2.91,3.396,2.101,1.94,2.151,81.495,8.895,5.116,2.013,,
1427,Cole Vlahovic,30,CB,Darmstadt,Bundesliga,Germany,1,18,16,1552,43.7,148.0,0.134,0.059,0.096,0.083,1.313,0.845,3.385,2.675,2.112,4.677,91.525,8.65,2.668,0.856,,
1428,Nabil Lopez,30,ST,Union Berlin,Bundesliga,Germany,1,34,27,3023,11.4,45.0,0.472,0.142,0.481,0.12,3.935,1.324,1.028,0.544,0.316,3.34,84.908,2.956,3.517,2.381,,
1429,Sandro Adams,21,FB,Werder Bremen,Bundesliga,Germany,1,36,26,3202,33.8,94.0,0.073,0.171,0.068,0.194,1.275,2.55,3.452,2.002,1.098,1.85,87.368,6.026,6.495,2.959,,
1430,Raphael Dembélé,31,DM,RB Leipzig,Bundesliga,Germany,1,33,24,2947,15.5,25.0,0.058,0.059,0.037,0.09,1.034,1.817,4.046,2.833,1.605,2.324,82.131,7.411,2.947,1.31,,
1431,Neymar Muller,27,DM,Borussia Dortmund,Bundesliga,Germany,1,9,6,734,12.2,28.0,0.049,0.074,0.032,0.083,1.125,1.522,3.8,2.29,1.337,2.097,101.416,8.337,2.389,1.167,,
1432,Martin Costa,28,CM,Wolfsburg,Bundesliga,Germany,1,9,8,790,40.7,90.0,0.139,0.22,0.155,0.184,1.9,2.86,2.561,2.37,1.559,2.021,92.487,9.963,6.171,2.187,,
1433,Vinicius Andersen,22,GK,Eintracht Frankfurt,Bundesliga,Germany,1,26,20,2308,11.3,42.0,0.006,0.011,0.006,0.006,0.027,0.313,0.169,0.162,0.048,0.135,78.276,2.777,0.698,0.113,72.946,42.408
1434,Carlos Lookman,23,GK,Eintracht Frankfurt,Bundesliga,Germany,1,32,26,2843,27.4,66.0,0.006,0.01,0.005,0.006,0.028,0.418,0.171,0.153,0.069,0.239,74.094,2.634,0.783,0.144,75.378,42.312
1435,Ansu Aaronson,24,FB,Union Berlin,Bundesliga,Germany,1,20,13,1711,46.1,132.0,0.079,0.167,0.056,0.181,1.38,1.659,3.299,2.352,1.116,2.018,79.945,6.422,6.682,2.806,,
1436,Moussa King,30,ST,Bayern Munich,Bundesliga,Germany,1,21,14,1801,2.3,6.0,0.327,0.095,0.375,0.089,3.104,1.244,0.725,0.432,0.287,3.089,75.991,2.616,3.232,1.799,,
1437,Iker Eriksen,23,CB,Darmstadt,Bundesliga,Germany,1,13,11,1162,39.0,112.0,0.1,0.061,0.079,0.052,0.877,0.807,2.183,2.381,1.984,4.236,97.116,8.22,2.392,0.645,,
1438,Christian Wirtz,23,CM,Bayer Leverkusen,Bundesliga,Germany,1,24,17,2134,20.3,37.0,0.141,0.203,0.116,0.157,1.695,2.203,2.757,1.838,1.211,1.346,91.05,9.518,4.142,1.889,,
1439,Edouard Tah,29,DM,Freiburg,Bundesliga,Germany,1,28,19,2445,37.1,82.0,0.066,0.098,0.042,0.099,0.992,1.737,4.062,2.879,1.642,2.332,80.81,7.703,3.382,1.273,,
1440,Ismail Thompson,28,DM,Heidenheim,Bundesliga,Germany,1,9,6,788,45.6,116.0,0.085,0.101,0.045,0.113,1.194,2.001,4.551,3.661,2.248,2.346,84.501,11.109,3.349,2.1,,
1441,Dusan Hernandez,28,CB,Eintracht Frankfurt,Bundesliga,Germany,1,20,16,1748,22.2,78.0,0.064,0.053,0.059,0.055,1.073,0.752,2.587,2.513,1.787,3.72,87.115,7.758,2.398,0.582,,
1442,Neymar Hernandez,29,DM,Borussia Dortmund,Bundesliga,Germany,1,17,11,1529,12.5,27.0,0.051,0.063,0.032,0.07,1.2,1.357,3.82,2.742,1.396,2.189,82.468,6.682,2.207,1.476,,
1443,Goncalo Skov,25,CB,Bayer Leverkusen,Bundesliga,Germany,1,32,23,2808,34.6,101.0,0.079,0.063,0.057,0.06,1.105,0.773,2.638,2.169,2.053,4.934,76.534,6.489,1.903,0.642,,
1444,Mikel Gudelj,25,CM,Freiburg,Bundesliga,Germany,1,18,15,1613,20.0,47.0,0.13,0.16,0.115,0.2,1.737,2.674,2.842,1.61,1.813,1.946,82.213,10.698,4.7,2.296,,
1445,Amadou Colombo,28,DM,Augsburg,Bundesliga,Germany,1,33,24,2959,29.3,56.0,0.066,0.097,0.054,0.114,1.192,1.476,4.438,2.561,1.782,2.569,81.53,8.859,2.483,1.457,,
1446,Alejandro Moreno,32,FB,Bochum,Bundesliga,Germany,1,19,16,1698,29.1,90.0,0.077,0.144,0.065,0.16,1.104,2.023,3.769,1.691,1.316,1.798,87.6,7.71,5.204,3.116,,
1447,Simon Lopez,33,CM,Eintracht Frankfurt,Bundesliga,Germany,1,28,19,2482,7.4,22.0,0.112,0.115,0.12,0.158,1.805,2.231,1.989,1.486,1.27,1.658,99.563,7.047,3.735,1.966,,
1448,William Thompson,28,DM,Wolfsburg,Bundesliga,Germany,1,8,5,686,27.7,49.0,0.048,0.064,0.042,0.086,1.064,1.269,4.231,2.867,1.627,2.095,91.178,8.227,3.081,1.562,,
1449,Toby Szczesny,28,ST,Mainz,Bundesliga,Germany,1,25,19,2228,30.1,75.0,0.534,0.174,0.428,0.139,5.17,1.391,1.252,0.581,0.301,4.243,68.537,3.557,3.308,2.601,,
1450,Joshua Rice,25,FB,Union Berlin,Bundesliga,Germany,1,18,13,1620,40.9,91.0,0.079,0.166,0.065,0.192,1.299,2.125,3.602,1.938,1.159,2.268,82.133,9.957,5.928,2.448,,
1451,Yves Hall,26,CB,Empoli,Serie A,Italy,1,35,33,3080,35.2,74.0,0.111,0.065,0.081,0.046,1.184,0.754,2.7,2.74,1.845,3.929,103.457,6.274,2.726,0.601,,
1452,Ismail Konaté,23,CB,Juventus,Serie A,Italy,1,21,15,1804,40.7,122.0,0.069,0.057,0.063,0.056,1.192,0.683,3.209,2.838,2.138,3.342,96.673,5.834,2.135,0.758,,
1453,Angel Thompson,28,DM,Cagliari,Serie A,Italy,1,9,6,723,8.1,29.0,0.04,0.069,0.029,0.074,0.837,1.573,3.292,2.264,1.273,1.925,77.548,7.837,2.473,1.113,,
1454,Emil Bakker,24,W,Inter Milan,Serie A,Italy,1,24,19,2084,20.2,62.0,0.337,0.236,0.338,0.18,3.276,2.872,1.794,1.167,0.634,1.059,95.439,6.353,6.889,4.817,,
1455,Dusan Salah,28,CM,Salernitana,Serie A,Italy,1,33,25,2932,13.0,22.0,0.108,0.145,0.091,0.186,1.506,1.793,2.345,1.512,1.122,1.317,91.258,8.22,3.654,2.002,,
1456,Robin Aaronson,24,AM,Genoa,Serie A,Italy,1,13,9,1169,13.2,47.0,0.247,0.206,0.24,0.237,2.502,3.288,1.447,1.001,0.653,0.873,88.982,6.349,6.456,4.385,,
1457,Pedri Bellingham,32,CM,Frosinone,Serie A,Italy,1,32,27,2799,17.9,28.0,0.141,0.147,0.124,0.177,2.025,2.261,2.699,2.219,1.751,2.297,102.789,9.377,5.232,1.864,,
1458,Marcelo Jones,31,CM,Monza,Serie A,Italy,1,13,12,1150,22.2,74.0,0.145,0.168,0.123,0.209,1.53,2.451,2.827,1.529,1.515,1.962,79.914,8.249,4.762,2.249,,
1459,Max Oliveira,29,ST,Empoli,Serie A,Italy,1,34,24,3006,38.1,144.0,0.549,0.163,0.504,0.142,4.624,1.725,1.434,0.722,0.441,4.096,86.232,3.974,3.331,2.852,,
1460,Kevin Osimhen,31,CM,Fiorentina,Serie A,Italy,1,23,18,2067,12.2,22.0,0.126,0.163,0.133,0.179,1.997,1.717,2.747,1.74,1.831,1.742,79.099,7.886,3.844,2.599,,
1461,Kevin Tah,26,CM,Cagliari,Serie A,Italy,1,29,23,2549,36.2,140.0,0.153,0.166,0.131,0.205,1.947,1.975,2.362,2.046,1.72,2.055,77.849,11.559,5.25,2.525,,
1462,Nicolas Oliveira,24,DM,Napoli,Serie A,Italy,1,28,27,2484,5.9,15.0,0.043,0.044,0.024,0.067,0.916,1.17,3.218,2.297,1.067,1.769,79.132,7.789,2.29,1.156,,
1463,Victor Bentancur,26,CM,Napoli,Serie A,Italy,1,25,19,2198,41.3,120.0,0.152,0.238,0.15,0.182,2.139,2.609,2.938,2.043,1.885,1.798,87.018,10.415,5.252,2.147,,
1464,Angel Kim,25,CM,Inter Milan,Serie A,Italy,1,27,22,2398,19.8,61.0,0.142,0.155,0.155,0.19,2.198,2.404,3.307,1.945,1.343,1.508,98.827,7.727,4.653,2.333,,
1465,Kai Fischer,28,W,Cagliari,Serie A,Italy,1,34,24,3003,6.1,24.0,0.283,0.152,0.201,0.177,2.178,1.992,1.361,0.813,0.393,0.888,74.399,5.123,6.288,3.732,,
1466,Nabil Bellingham,25,CB,Cagliari,Serie A,Italy,1,25,21,2207,57.0,144.0,0.121,0.085,0.115,0.081,0.858,0.854,3.191,2.446,2.792,5.442,87.102,8.224,3.083,0.833,,
1467,Antoine Hall,27,CM,Inter Milan,Serie A,Italy,1,20,14,1800,6.3,17.0,0.105,0.132,0.083,0.14,1.662,1.772,2.391,1.878,1.232,1.732,85.154,8.833,3.384,2.014,,
1468,Virgil Brown,22,CB,Inter Milan,Serie A,Italy,1,23,22,2029,26.8,62.0,0.102,0.068,0.062,0.061,0.929,0.939,2.487,2.341,2.055,3.157,82.288,6.878,1.969,0.498,,
1469,Rayan Minamino,33,ST,Lecce,Serie A,Italy,1,15,13,1278,16.2,36.0,0.678,0.153,0.461,0.153,4.045,1.648,1.244,0.553,0.38,3.695,80.029,4.933,4.128,3.175,,
1470,Leo Xhaka,26,AM,Frosinone,Serie A,Italy,1,23,17,2036,38.3,121.0,0.303,0.275,0.322,0.28,3.649,3.884,1.816,1.273,0.935,1.409,94.69,8.324,8.053,4.399,,
1471,Kevin Aaronson,22,DM,Lecce,Serie A,Italy,1,19,16,1651,48.7,126.0,0.064,0.09,0.045,0.086,1.089,1.847,4.093,3.28,1.527,3.15,81.938,10.635,2.888,1.292,,
1472,Mohamed Adams,27,GK,Lazio,Serie A,Italy,1,18,14,1608,13.5,25.0,0.006,0.011,0.006,0.006,0.031,0.297,0.191,0.206,0.051,0.16,69.521,2.421,0.679,0.104,75.102,32.529
1473,Enzo Xhaka,24,ST,Juventus,Serie A,Italy,1,14,10,1195,15.3,60.0,0.534,0.165,0.372,0.152,3.814,1.51,0.934,0.543,0.399,3.136,81.882,3.457,4.118,2.104,,
1474,Robin Rodriguez,31,W,Lecce,Serie A,Italy,1,31,26,2787,10.6,38.0,0.308,0.202,0.261,0.204,2.276,2.834,1.759,1.145,0.541,0.741,70.967,4.122,6.855,4.439,,
1475,Amadou Muller,22,FB,Cagliari,Serie A,Italy,1,33,30,2935,32.7,57.0,0.063,0.112,0.041,0.151,1.053,1.997,3.595,1.903,1.216,1.528,80.678,6.97,5.151,2.056,,
1476,Max Smith,27,ST,Frosinone,Serie A,Italy,1,31,23,2761,15.3,43.0,0.562,0.121,0.548,0.122,3.639,1.517,0.871,0.388,0.325,3.241,69.03,3.742,3.448,2.2,,
1477,Moises Xhaka,26,FB,Lecce,Serie A,Italy,1,35,31,3111,13.3,48.0,0.058,0.163,0.043,0.134,1.059,2.084,3.381,1.874,0.865,1.637,85.351,7.123,4.68,1.929,,
1478,Paulo Peters,26,CB,Empoli,Serie A,Italy,1,18,14,1596,28.8,60.0,0.081,0.071,0.06,0.061,1.058,0.88,3.252,2.866,1.952,4.209,83.169,6.153,2.626,0.477,,
1479,Leandro Elneny,22,W,Lazio,Serie A,Italy,1,11,9,981,33.6,111.0,0.365,0.262,0.345,0.216,3.223,2.685,1.723,1.126,0.681,1.132,87.657,5.497,8.173,4.476,,
1480,Vinicius Oliveira,25,W,Napoli,Serie A,Italy,1,33,28,2943,34.8,126.0,0.452,0.235,0.33,0.279,3.255,2.922,2.132,1.067,0.644,1.109,97.593,5.442,7.788,4.255,,
1481,Mohamed Costa,30,FB,Juventus,Serie A,Italy,1,11,10,968,48.7,171.0,0.083,0.123,0.062,0.209,1.127,2.241,2.89,2.134,1.365,2.183,81.617,7.523,5.983,2.244,,
1483,Lucas Smith,24,CM,Torino,Serie A,Italy,1,24,23,2089,12.2,20.0,0.099,0.172,0.113,0.18,1.823,2.257,2.043,1.602,1.094,1.428,77.177,7.638,4.636,1.826,,
1484,Federico Jimenez,26,ST,Lazio,Serie A,Italy,1,13,8,1108,8.3,31.0,0.427,0.141,0.38,0.122,3.932,1.498,0.929,0.476,0.288,2.74,79.975,3.738,3.119,1.972,,
1485,Rodri Gudelj,29,GK,Lazio,Serie A,Italy,1,15,10,1272,36.3,103.0,0.007,0.017,0.01,0.007,0.029,0.37,0.248,0.244,0.093,0.2,73.116,3.606,0.762,0.184,81.413,40.951
1486,Davide Trezeguet,19,CB,Monza,Serie A,Italy,1,14,12,1203,11.1,38.0,0.078,0.044,0.06,0.041,0.834,0.669,2.269,1.88,1.471,4.095,95.726,6.384,2.354,0.568,,
1487,Simon Park,22,W,Atalanta,Serie A,Italy,1,7,5,561,12.9,46.0,0.291,0.182,0.235,0.185,3.192,2.064,1.327,0.956,0.424,0.806,73.305,4.086,5.855,4.944,,
1488,Timothy Williams,26,FB,Fiorentina,Serie A,Italy,1,12,9,1077,22.6,36.0,0.065,0.16,0.07,0.161,1.324,1.946,3.913,1.887,1.3,1.906,76.642,7.04,5.831,2.765,,
1489,Renato Odegaard,24,GK,Fiorentina,Serie A,Italy,1,35,28,3143,45.2,98.0,0.007,0.017,0.007,0.009,0.037,0.477,0.314,0.262,0.074,0.262,92.138,2.446,0.774,0.165,87.178,51.167
1490,Antoine Meyer,24,CM,Lazio,Serie A,Italy,1,12,9,1049,22.2,34.0,0.156,0.184,0.148,0.165,1.966,1.919,2.338,2.12,1.537,2.009,93.932,9.012,4.402,2.618,,
1491,Leandro Jimenez,27,W,Lazio,Serie A,Italy,1,16,13,1383,32.1,78.0,0.377,0.281,0.294,0.198,2.946,2.987,1.724,1.085,0.558,1.306,98.534,6.158,8.502,5.231,,
1492,Thiago Kim,27,W,Verona,Serie A,Italy,1,11,8,915,25.7,89.0,0.357,0.219,0.283,0.215,3.562,2.79,1.514,1.025,0.731,0.942,79.418,5.525,7.504,4.963,,
1493,Alejandro Milinkovic-Savic,23,GK,Bologna,Serie A,Italy,1,24,18,2128,7.9,13.0,0.006,0.011,0.005,0.006,0.024,0.289,0.15,0.154,0.057,0.145,71.162,2.401,0.454,0.096,66.059,30.822
1494,Diogo Adams,29,DM,Torino,Serie A,Italy,1,28,21,2449,14.9,26.0,0.056,0.06,0.04,0.091,1.175,1.359,3.816,2.567,1.111,1.856,75.713,8.571,2.994,1.312,,
1495,Gabriel Reyna,25,ST,Frosinone,Serie A,Italy,1,6,5,512,20.6,43.0,0.644,0.17,0.407,0.129,5.26,1.641,1.01,0.604,0.446,4.232,73.643,3.97,4.443,2.271,,
1496,Toby Aaronson,24,CM,Udinese,Serie A,Italy,1,15,14,1336,34.1,61.0,0.146,0.223,0.155,0.205,1.774,2.607,3.016,2.396,1.34,2.076,92.135,10.259,4.781,2.146,,
1497,Kai Nunez,28,AM,Lazio,Serie A,Italy,1,29,27,2597,9.7,33.0,0.244,0.208,0.265,0.251,3.185,3.681,1.45,1.125,0.773,0.833,76.045,6.762,7.174,4.177,,
1498,Thiago Mendes,25,ST,Inter Milan,Serie A,Italy,1,10,8,820,32.1,54.0,0.664,0.122,0.652,0.185,4.192,1.402,1.022,0.716,0.386,4.056,69.012,3.696,4.576,2.818,,
1499,Dani Kim,29,ST,Lazio,Serie A,Italy,1,10,7,846,10.4,32.0,0.452,0.106,0.45,0.149,4.028,1.375,1.043,0.62,0.394,3.192,73.942,3.451,3.173,2.45,,
1500,Youssef Fischer,28,CB,Udinese,Serie A,Italy,1,15,13,1336,4.0,9.0,0.052,0.036,0.042,0.036,0.581,0.642,2.534,1.814,1.537,2.647,94.5,4.958,1.66,0.408,,
1501,Ansu Lee,21,FB,Sassuolo,Serie A,Italy,1,15,13,1302,57.1,110.0,0.068,0.146,0.074,0.166,1.421,1.725,3.45,1.842,1.042,2.04,91.938,9.562,5.731,2.326,,
1502,Charles Lookman,25,DM,Monza,Serie A,Italy,1,11,9,925,17.3,59.0,0.037,0.081,0.042,0.083,1.147,1.279,4.129,2.317,1.256,2.387,80.034,7.364,3.083,1.205,,
1503,Paulo Marino,25,ST,Fiorentina,Serie A,Italy,1,10,6,831,14.7,37.0,0.38,0.104,0.502,0.118,4.411,1.352,0.964,0.613,0.389,2.935,82.164,3.497,3.26,2.16,,
1504,Ivan Schmidt,29,CB,Torino,Serie A,Italy,1,17,12,1461,42.2,105.0,0.092,0.056,0.06,0.084,1.205,0.808,3.687,3.45,2.169,4.53,101.148,6.636,2.886,0.642,,
1505,Hiroki Konaté,23,AM,Cagliari,Serie A,Italy,1,22,19,1893,14.4,50.0,0.306,0.278,0.211,0.287,2.55,3.545,1.334,0.94,0.73,1.202,86.057,6.886,6.337,3.232,,
1506,Ritsu Costa,30,W,Roma,Serie A,Italy,1,31,21,2713,24.7,49.0,0.338,0.192,0.279,0.21,3.125,2.959,1.961,1.063,0.601,1.127,89.653,5.298,6.571,5.325,,
1507,Gabriel McKennie,27,FB,Roma,Serie A,Italy,1,8,7,702,15.3,59.0,0.076,0.095,0.053,0.139,1.071,1.536,2.922,1.715,0.877,1.587,92.955,7.57,4.814,2.425,,
1508,Thomas Kostic,24,CB,Roma,Serie A,Italy,1,20,15,1778,37.3,133.0,0.092,0.086,0.073,0.05,0.931,0.761,3.47,2.873,2.557,3.812,84.284,7.324,3.196,0.617,,
1509,Romelu Konaté,28,W,Genoa,Serie A,Italy,1,29,24,2534,27.4,49.0,0.268,0.184,0.304,0.201,2.839,2.489,1.584,1.039,0.619,1.046,96.02,6.53,6.595,4.877,,
1510,Mikel Ndidi,27,FB,Empoli,Serie A,Italy,1,25,19,2182,28.6,78.0,0.075,0.153,0.056,0.174,1.182,2.216,3.929,1.842,1.162,2.359,74.728,7.071,6.008,2.563,,
1511,Leandro Nunez,28,CM,Bologna,Serie A,Italy,1,13,11,1096,26.0,77.0,0.16,0.177,0.117,0.171,1.933,2.342,2.36,1.889,1.382,1.86,87.724,9.411,3.858,2.82,,
1512,Matthijs Gudelj,25,AM,Roma,Serie A,Italy,1,22,19,1972,20.9,64.0,0.306,0.263,0.258,0.234,2.824,4.394,1.429,0.947,0.755,1.234,97.463,8.487,6.895,3.692,,
1513,Federico Gordon,25,AM,Salernitana,Serie A,Italy,1,18,16,1619,28.2,49.0,0.373,0.275,0.296,0.25,2.987,3.7,1.448,1.098,0.89,1.171,82.504,9.615,8.907,4.334,,
1514,Davide Mane,18,CM,Torino,Serie A,Italy,1,16,14,1417,13.7,37.0,0.102,0.178,0.141,0.172,1.831,2.245,2.492,1.768,1.394,1.723,78.962,10.307,3.77,1.806,,
1515,Axel Konaté,31,W,Inter Milan,Serie A,Italy,1,32,26,2815,12.0,30.0,0.325,0.181,0.271,0.214,2.346,2.397,1.531,0.776,0.539,0.931,88.274,4.848,7.184,4.82,,
1516,Marc McKennie,25,AM,Sassuolo,Serie A,Italy,1,12,8,1042,14.1,37.0,0.261,0.282,0.233,0.243,2.729,3.664,1.301,1.014,0.609,0.973,71.27,7.672,6.392,4.066,,
1517,Christian Costa,28,GK,Inter Milan,Serie A,Italy,1,27,22,2429,46.5,103.0,0.009,0.018,0.011,0.008,0.052,0.527,0.291,0.3,0.094,0.234,94.127,4.185,0.861,0.152,93.985,63.25
1518,Marcus Moreno,21,FB,Empoli,Serie A,Italy,1,34,28,2996,22.1,72.0,0.082,0.13,0.057,0.142,0.957,2.071,3.223,2.269,1.378,2.065,74.059,8.751,5.377,2.299,,
1519,Matthijs Becker,27,FB,Roma,Serie A,Italy,1,21,17,1818,27.8,93.0,0.071,0.167,0.072,0.188,1.043,2.238,3.837,2.226,1.442,1.926,91.425,6.772,6.346,2.54,,
1520,Julian Onyeka,24,ST,Monza,Serie A,Italy,1,14,13,1254,21.1,50.0,0.493,0.15,0.496,0.146,4.734,1.901,1.192,0.583,0.376,3.955,77.516,4.043,4.14,2.151,,
1521,Ferran Wilson,26,AM,Udinese,Serie A,Italy,1,22,19,1971,30.3,55.0,0.314,0.241,0.272,0.309,3.084,3.679,1.76,1.288,0.819,1.353,80.184,8.842,6.829,4.716,,
1522,Bruno Touré,22,ST,Sassuolo,Serie A,Italy,1,27,23,2416,53.1,212.0,0.741,0.124,0.558,0.144,5.314,1.238,1.247,0.553,0.514,4.177,72.504,4.616,4.095,3.041,,
1523,Bernardo Kiwior,19,W,Verona,Serie A,Italy,1,15,10,1270,6.8,21.0,0.243,0.177,0.243,0.157,2.857,2.222,1.619,0.714,0.427,0.909,72.792,4.22,6.789,4.424,,
1524,Declan Milinkovic-Savic,22,CM,Juventus,Serie A,Italy,1,17,12,1450,75.2,300.0,0.173,0.205,0.198,0.229,2.733,2.597,3.577,2.211,1.992,2.804,107.363,11.156,4.666,2.335,,
1525,Lucas Foden,24,W,Frosinone,Serie A,Italy,1,7,4,566,22.3,54.0,0.367,0.165,0.282,0.199,2.884,2.417,2.183,1.068,0.507,0.894,94.029,5.754,7.507,4.011,,
1526,Dusan Fernandez,29,CB,Empoli,Serie A,Italy,1,15,10,1321,18.7,46.0,0.07,0.039,0.052,0.059,0.983,0.643,2.439,2.301,1.76,3.927,101.253,4.811,1.904,0.596,,
1527,Paulo Skov,27,CM,Sassuolo,Serie A,Italy,1,26,20,2258,44.8,127.0,0.198,0.171,0.17,0.205,1.978,2.33,4.0,2.011,2.185,2.279,90.163,12.891,5.921,2.611,,
1528,Kylian Marino,21,CM,Juventus,Serie A,Italy,1,33,24,2961,50.7,151.0,0.144,0.184,0.163,0.218,2.188,2.592,3.005,1.756,2.029,1.635,83.617,11.065,4.401,2.294,,
1529,Matteo Walker,27,AM,AC Milan,Serie A,Italy,1,27,24,2350,13.0,26.0,0.286,0.185,0.23,0.233,2.736,4.024,1.289,1.206,0.734,1.096,89.516,8.759,6.909,3.797,,
1530,Lorenzo Lopez,22,CB,Cagliari,Serie A,Italy,1,36,28,3161,32.1,58.0,0.105,0.05,0.086,0.055,0.993,0.913,2.729,2.392,1.923,4.253,83.295,4.951,2.289,0.728,,
1531,Eduardo Jovic,23,FB,Frosinone,Serie A,Italy,1,24,21,2095,7.5,18.0,0.048,0.109,0.04,0.114,1.085,1.497,2.438,1.545,1.003,1.473,85.916,7.36,4.362,2.119,,
1532,Alexander Musiala,23,DM,Sassuolo,Serie A,Italy,1,14,9,1181,20.8,82.0,0.048,0.081,0.049,0.079,1.117,1.568,4.23,2.701,1.223,2.398,80.372,8.156,2.902,1.56,,
1533,Thomas Muller,25,FB,Verona,Serie A,Italy,1,11,7,982,10.9,32.0,0.057,0.127,0.045,0.13,0.78,1.573,2.361,1.778,0.865,1.853,72.006,6.1,5.104,2.169,,
1534,Kai Torres,28,GK,Verona,Serie A,Italy,1,10,8,812,41.2,133.0,0.008,0.014,0.008,0.007,0.048,0.392,0.209,0.284,0.073,0.214,100.917,3.817,0.688,0.141,82.238,60.228
1535,Adama Hegazi,23,DM,Udinese,Serie A,Italy,1,27,19,2387,15.1,23.0,0.045,0.063,0.034,0.062,1.155,1.311,4.002,2.373,1.16,1.972,95.827,6.533,3.289,1.425,,
1536,Khvicha Gordon,30,CM,Frosinone,Serie A,Italy,1,35,28,3105,22.8,47.0,0.139,0.186,0.124,0.181,2.181,2.508,2.908,2.045,1.737,2.2,85.912,10.518,5.112,2.079,,
1537,Ivan Mbappé,28,FB,Verona,Serie A,Italy,1,27,23,2374,45.7,154.0,0.106,0.198,0.07,0.142,1.478,2.292,3.764,1.792,1.294,1.819,94.861,7.012,4.906,3.177,,
1538,Bernardo Diallo,26,W,Verona,Serie A,Italy,1,33,24,2888,18.8,42.0,0.316,0.236,0.306,0.239,3.667,2.292,1.966,1.057,0.637,1.169,80.27,5.66,9.398,4.541,,
1539,Jan Bellingham,21,W,Monza,Serie A,Italy,1,19,18,1705,42.3,143.0,0.378,0.206,0.343,0.242,3.267,3.032,1.883,1.207,0.651,1.086,91.185,5.224,8.038,4.713,,
1540,Jude King,26,W,Verona,Serie A,Italy,1,28,22,2450,4.9,14.0,0.205,0.152,0.232,0.191,2.385,1.801,1.626,0.798,0.383,0.693,85.016,5.011,5.9,3.908,,
1541,Eric Gordon,20,ST,Monza,Serie A,Italy,1,25,17,2240,14.1,37.0,0.438,0.117,0.443,0.12,3.604,1.23,1.007,0.45,0.337,2.773,70.573,2.793,3.346,2.538,,
1542,Leroy Gonzalez,29,CB,Fiorentina,Serie A,Italy,1,20,17,1726,3.9,7.0,0.044,0.029,0.036,0.038,0.801,0.581,2.228,1.857,1.569,2.773,82.517,4.81,1.676,0.405,,
1543,Renato Vecino,19,CB,Frosinone,Serie A,Italy,1,6,4,462,18.1,33.0,0.089,0.047,0.067,0.047,0.969,0.607,2.546,2.507,1.972,4.517,100.838,6.174,1.807,0.553,,
1544,Mikel Schmidt,25,W,Empoli,Serie A,Italy,1,21,18,1805,20.2,54.0,0.276,0.211,0.305,0.215,3.222,2.608,1.87,1.003,0.634,0.962,68.588,5.99,7.519,3.973,,
1545,Andre King,20,FB,Udinese,Serie A,Italy,1,16,11,1389,27.1,61.0,0.062,0.156,0.047,0.161,0.896,2.066,3.102,2.546,1.288,2.014,83.745,7.442,4.916,2.988,,
1546,Ansu Diaz,28,GK,Genoa,Serie A,Italy,1,15,10,1318,9.6,29.0,0.007,0.011,0.005,0.005,0.033,0.286,0.189,0.155,0.061,0.154,83.757,3.097,0.633,0.12,71.879,39.61
1547,Marc Ramirez,29,FB,Empoli,Serie A,Italy,1,36,28,3172,7.1,23.0,0.05,0.12,0.044,0.118,1.059,1.347,3.024,1.455,1.005,1.603,91.039,4.99,4.974,1.839,,
1548,Sergio Marino,27,W,Napoli,Serie A,Italy,1,32,29,2833,34.5,92.0,0.327,0.22,0.373,0.295,3.123,3.041,2.482,1.283,0.6,1.273,86.923,6.189,9.96,5.222,,
1549,Miguel Ramirez,23,CB,Cagliari,Serie A,Italy,1,33,23,2910,57.0,189.0,0.127,0.057,0.091,0.074,0.98,1.011,3.402,2.482,1.797,4.073,86.528,7.97,2.925,0.665,,
1550,Dominik Tah,30,CM,Frosinone,Serie A,Italy,1,15,10,1314,56.0,207.0,0.171,0.176,0.204,0.189,2.488,2.351,2.585,2.094,1.674,1.624,90.578,10.211,6.327,2.852,,
1551,Bernardo Moreno,27,FB,AC Milan,Serie A,Italy,1,33,27,2889,22.2,50.0,0.059,0.166,0.058,0.141,1.212,1.65,3.44,2.285,1.158,1.732,79.907,6.79,5.304,2.604,,
1552,Simon Hegazi,24,CB,Atalanta,Serie A,Italy,1,7,6,604,23.2,57.0,0.092,0.058,0.069,0.069,0.851,0.813,2.683,2.348,1.7,3.509,99.224,5.265,2.593,0.593,,
1553,Ryan Costa,31,AM,Torino,Serie A,Italy,1,19,18,1667,17.5,50.0,0.317,0.225,0.289,0.261,3.061,3.815,1.562,1.122,0.709,1.101,80.95,8.32,5.828,4.033,,
1554,Leandro Xhaka,22,CM,Napoli,Serie A,Italy,1,35,27,3072,19.0,41.0,0.089,0.137,0.119,0.13,1.426,2.033,2.68,1.891,1.336,1.655,98.929,9.241,4.246,1.69,,
1555,Omar Johnson,24,W,Fiorentina,Serie A,Italy,1,33,25,2900,3.5,13.0,0.208,0.165,0.199,0.164,2.865,2.132,1.48,0.819,0.391,0.792,87.302,4.636,6.62,4.034,,
1556,Pedri Russo,29,DM,AC Milan,Serie A,Italy,1,27,21,2426,17.0,38.0,0.047,0.056,0.036,0.09,1.09,1.469,3.374,2.59,1.264,2.362,96.263,8.029,2.489,1.195,,
1557,Takumi Wagner,27,CB,AC Milan,Serie A,Italy,1,17,14,1470,44.7,178.0,0.084,0.077,0.081,0.06,1.094,0.8,3.276,2.722,2.261,3.962,79.805,7.238,1.942,0.567,,
1558,Moussa Costa,26,DM,Lecce,Serie A,Italy,1,30,27,2695,8.6,26.0,0.035,0.062,0.027,0.082,0.975,1.267,3.598,2.289,1.422,2.017,100.367,5.976,2.597,1.067,,
1559,Adama Jones,25,FB,Genoa,Serie A,Italy,1,30,21,2670,16.1,32.0,0.05,0.125,0.056,0.112,0.981,1.623,3.534,1.821,0.885,1.86,79.293,6.013,4.257,2.167,,
1560,Sofiane Piatek,23,DM,Udinese,Serie A,Italy,1,9,6,765,27.3,84.0,0.082,0.07,0.058,0.116,1.222,1.409,4.466,2.883,1.993,3.038,100.685,8.634,3.659,1.293,,
1561,Daniel Bellingham,29,CB,Empoli,Serie A,Italy,1,27,25,2349,44.9,178.0,0.078,0.05,0.071,0.08,0.811,0.756,3.312,1.993,2.376,3.994,92.949,6.968,2.399,0.575,,
1562,Jude Park,27,AM,Frosinone,Serie A,Italy,1,17,16,1529,50.3,155.0,0.338,0.305,0.262,0.321,3.766,3.65,1.72,0.975,0.804,1.108,94.912,9.011,7.807,4.505,,
1563,Adama Fischer,29,W,Torino,Serie A,Italy,1,31,26,2728,25.7,48.0,0.316,0.183,0.296,0.269,3.466,2.398,1.949,0.962,0.445,1.224,75.165,5.388,6.925,4.732,,
1564,Rodri Taylor,25,CM,Juventus,Serie A,Italy,1,22,20,1897,38.7,65.0,0.173,0.221,0.128,0.229,2.134,2.56,3.066,2.609,1.569,2.765,75.459,9.676,4.688,2.267,,
1565,Carlos Tadic,24,CM,Salernitana,Serie A,Italy,1,6,4,512,10.2,16.0,0.105,0.133,0.101,0.141,1.443,1.941,2.546,1.519,1.503,1.593,90.16,8.316,3.603,1.983,,
1566,Neymar de Ligt,24,CB,Frosinone,Serie A,Italy,1,33,27,2907,58.4,147.0,0.105,0.051,0.086,0.065,0.906,0.777,2.789,2.999,2.362,4.414,99.99,7.372,2.16,0.663,,
1567,Martin Lindstrom,31,FB,Lazio,Serie A,Italy,1,24,18,2158,12.7,26.0,0.067,0.102,0.049,0.163,1.281,1.711,3.127,2.071,0.817,1.734,81.822,6.715,5.736,2.042,,
1568,Andre Hegazi,25,AM,Bologna,Serie A,Italy,1,27,19,2396,19.2,39.0,0.316,0.248,0.25,0.287,2.462,3.52,1.683,0.859,0.722,1.318,82.587,9.44,5.609,3.971,,
1569,Diego Becker,18,FB,Atalanta,Serie A,Italy,1,14,12,1213,20.7,69.0,0.077,0.164,0.046,0.146,1.133,2.01,3.396,2.076,1.158,2.182,94.856,7.351,5.645,2.186,,
1570,Pedri Taylor,22,CB,Frosinone,Serie A,Italy,1,22,16,1908,35.1,109.0,0.086,0.043,0.064,0.049,0.8,0.641,2.771,2.442,1.789,3.921,79.976,6.185,1.88,0.426,,
1571,Youssef Bakker,26,FB,Bologna,Serie A,Italy,1,25,18,2187,16.2,45.0,0.052,0.126,0.049,0.126,1.069,1.761,2.572,1.686,0.776,1.662,87.055,7.586,4.636,2.026,,
1572,Luka Elneny,22,CB,Lecce,Serie A,Italy,1,26,25,2339,25.9,67.0,0.075,0.064,0.084,0.064,0.967,0.853,2.669,1.894,2.372,4.559,90.727,5.793,2.46,0.716,,
1573,Rafael Gudelj,26,DM,Empoli,Serie A,Italy,1,21,18,1844,67.2,246.0,0.058,0.122,0.058,0.112,1.41,1.691,4.191,3.807,1.63,3.034,95.494,11.5,3.992,1.498,,
1574,Simon Rice,28,CB,Torino,Serie A,Italy,1,8,6,712,17.2,69.0,0.07,0.039,0.069,0.039,0.968,0.602,2.853,2.417,1.757,3.802,84.023,6.692,1.778,0.528,,
1575,David Kim,31,FB,Torino,Serie A,Italy,1,26,20,2334,16.1,55.0,0.056,0.148,0.049,0.153,1.356,2.01,3.012,2.123,1.3,2.265,74.646,8.358,6.573,2.353,,
1576,Serge Lindstrom,25,DM,Torino,Serie A,Italy,1,21,17,1879,9.4,15.0,0.035,0.079,0.028,0.081,0.926,1.478,3.831,2.029,1.301,2.211,96.97,7.308,2.669,1.187,,
1577,Son Russo,22,DM,Bologna,Serie A,Italy,1,25,20,2224,88.3,263.0,0.054,0.108,0.047,0.098,1.467,1.859,4.372,2.616,1.32,2.985,93.261,9.368,3.224,1.871,,
1578,Ismail Kostic,21,DM,Salernitana,Serie A,Italy,1,22,21,1945,36.4,143.0,0.06,0.064,0.035,0.1,1.271,1.576,4.3,2.71,1.346,2.213,89.665,8.123,2.812,1.431,,
1579,Max Diallo,22,W,Cagliari,Serie A,Italy,1,20,14,1746,52.0,169.0,0.342,0.245,0.309,0.244,3.344,2.993,2.006,1.225,0.694,1.187,92.179,6.292,7.447,4.899,,
1580,Nicolas Hegazi,29,W,Udinese,Serie A,Italy,1,30,28,2696,14.4,31.0,0.304,0.186,0.264,0.222,3.763,2.284,1.753,1.203,0.446,1.03,74.217,5.809,7.151,5.056,,
1581,Karim Visser,24,DM,AC Milan,Serie A,Italy,1,27,19,2402,13.2,48.0,0.057,0.075,0.046,0.096,0.882,1.517,3.697,2.464,1.435,2.324,94.292,7.767,3.295,1.529,,
1582,Rodri Osimhen,22,AM,Frosinone,Serie A,Italy,1,25,20,2224,54.2,185.0,0.298,0.271,0.221,0.312,3.571,3.382,1.355,1.282,0.857,1.04,96.447,7.91,7.418,3.66,,
1583,Moussa Szczesny,23,DM,Salernitana,Serie A,Italy,1,15,12,1283,9.2,15.0,0.035,0.063,0.031,0.081,0.75,1.143,3.287,2.093,1.118,1.739,90.447,7.235,2.042,1.145,,
1584,Ryan Torres,24,AM,Genoa,Serie A,Italy,1,20,15,1771,9.7,30.0,0.226,0.26,0.227,0.227,2.596,2.764,1.1,0.843,0.634,0.817,79.027,6.2,6.365,3.617,,
1585,Bukayo Ndidi,27,FB,Verona,Serie A,Italy,1,14,12,1176,17.9,61.0,0.058,0.135,0.062,0.178,1.142,1.884,3.513,1.809,1.126,1.635,77.324,8.067,5.616,2.177,,
1586,Gavi Touré,22,ST,Roma,Serie A,Italy,1,33,31,2970,43.4,172.0,0.383,0.15,0.403,0.161,4.313,1.466,1.445,0.504,0.311,3.589,75.165,3.691,3.184,2.038,,
1587,Alejandro Gonzalez,27,CB,Monza,Serie A,Italy,1,7,6,620,11.5,30.0,0.062,0.041,0.055,0.041,0.908,0.67,2.419,2.118,1.757,2.964,88.665,5.347,1.529,0.545,,
1588,Christian Piatek,22,ST,Roma,Serie A,Italy,1,23,19,2007,83.8,192.0,0.706,0.168,0.71,0.179,5.785,1.847,1.258,0.736,0.446,3.379,72.675,4.867,5.292,2.96,,
1589,Leroy Brown,29,AM,Lecce,Serie A,Italy,1,26,24,2288,32.6,70.0,0.335,0.253,0.283,0.247,3.68,3.542,1.633,1.419,0.76,1.171,83.209,7.596,8.366,4.279,,
1590,Achraf Aaronson,28,FB,Cagliari,Serie A,Italy,1,23,17,2060,38.6,120.0,0.085,0.135,0.066,0.155,1.206,1.979,3.918,1.632,1.071,2.203,94.154,8.473,5.085,2.439,,
1591,Rodri Zurkowski,26,CB,Monza,Serie A,Italy,1,16,11,1440,59.7,111.0,0.079,0.059,0.102,0.066,1.38,0.729,3.821,3.014,2.464,4.245,83.958,6.369,3.285,0.629,,
1592,Vinicius Salah,21,FB,Atalanta,Serie A,Italy,1,23,22,2045,6.9,16.0,0.044,0.084,0.034,0.124,0.885,1.427,2.787,1.414,1.007,1.288,73.692,6.72,3.716,1.572,,
1593,Victor Bellingham,23,CB,Fiorentina,Serie A,Italy,1,18,12,1557,25.0,52.0,0.093,0.046,0.067,0.053,1.019,0.796,2.51,2.402,1.924,3.358,93.08,6.666,2.42,0.59,,
1594,Patrick Brown,30,AM,Monza,Serie A,Italy,1,26,25,2333,47.0,110.0,0.276,0.336,0.34,0.326,3.299,4.748,1.882,1.503,0.988,1.287,86.693,8.684,9.089,5.607,,
1595,Florian Meyer,26,ST,Inter Milan,Serie A,Italy,1,13,8,1087,36.0,116.0,0.512,0.144,0.504,0.166,4.715,1.886,1.316,0.66,0.33,3.522,74.842,4.585,4.569,3.099,,
1596,Cody Pulisic,24,CB,Lecce,Serie A,Italy,1,11,8,905,21.7,86.0,0.105,0.065,0.079,0.055,1.031,0.638,3.225,2.299,1.767,4.434,80.516,6.515,2.127,0.596,,
1597,Pau Bentancur,23,W,Genoa,Serie A,Italy,1,18,14,1603,40.0,128.0,0.412,0.284,0.396,0.23,2.929,2.911,2.502,1.417,0.472,1.04,81.338,4.938,6.566,3.925,,
1598,Emil Reyna,26,DM,Sassuolo,Serie A,Italy,1,25,21,2192,19.2,41.0,0.059,0.061,0.035,0.1,1.09,1.483,3.496,2.348,1.279,1.64,86.693,7.548,2.877,1.295,,
1599,Virgil Silva,24,CB,Fiorentina,Serie A,Italy,1,28,20,2470,6.1,18.0,0.048,0.039,0.059,0.044,0.705,0.59,2.451,1.693,1.546,3.51,94.846,5.304,2.028,0.491,,
1600,Axel Davies,26,CM,Cagliari,Serie A,Italy,1,12,9,1079,37.3,81.0,0.187,0.176,0.124,0.204,2.408,2.513,2.717,2.193,1.352,2.085,89.118,10.894,4.196,2.398,,
1601,Angel Foden,23,CB,Genoa,Serie A,Italy,1,12,9,1026,7.9,29.0,0.059,0.051,0.053,0.044,0.712,0.669,2.384,2.14,1.949,2.981,86.953,4.904,1.503,0.47,,
1602,Axel Gordon,25,W,Empoli,Serie A,Italy,1,9,7,807,34.2,58.0,0.405,0.18,0.324,0.267,4.127,2.818,1.817,1.089,0.555,1.265,83.531,5.686,8.54,5.848,,
1603,Bernardo Eriksen,29,AM,Roma,Serie A,Italy,1,27,22,2381,41.0,81.0,0.315,0.269,0.273,0.356,4.013,3.498,1.299,1.045,0.7,1.016,88.81,8.306,7.227,3.979,,
1604,Mohamed Skov,27,ST,Monza,Serie A,Italy,1,19,16,1709,13.2,22.0,0.408,0.112,0.484,0.102,4.373,1.131,0.727,0.483,0.332,3.236,66.193,3.103,3.602,2.116,,
1605,Trent Russo,28,DM,Lecce,Serie A,Italy,1,33,29,2915,62.3,224.0,0.071,0.108,0.056,0.111,1.674,1.954,4.677,2.927,2.031,3.307,98.267,8.109,3.973,1.82,,
1606,Trent Osimhen,28,AM,AC Milan,Serie A,Italy,1,26,24,2322,59.5,222.0,0.33,0.334,0.244,0.287,3.879,4.421,1.995,1.296,1.03,1.518,89.652,8.248,8.552,4.482,,
1607,Carlos Milinkovic-Savic,26,CB,Napoli,Serie A,Italy,1,19,17,1676,21.2,69.0,0.076,0.05,0.057,0.043,0.96,0.661,2.681,2.643,2.001,4.384,94.701,5.875,2.69,0.683,,
1608,Virgil Onyeka,29,FB,Verona,Serie A,Italy,1,23,21,2052,8.5,20.0,0.05,0.109,0.05,0.121,0.762,1.457,2.925,1.553,1.131,1.796,71.566,6.263,4.211,2.285,,
1609,Miguel Lookman,24,W,Napoli,Serie A,Italy,1,9,7,749,14.1,47.0,0.334,0.237,0.286,0.221,2.992,2.939,1.979,0.996,0.429,1.067,81.022,4.295,7.867,3.854,,
1610,Enzo Wirtz,26,W,Monza,Serie A,Italy,1,20,17,1729,54.9,217.0,0.448,0.246,0.257,0.22,3.665,3.084,2.38,1.532,0.721,1.049,79.638,4.98,8.42,5.915,,
1611,Jude Meyer,28,CB,Udinese,Serie A,Italy,1,33,23,2916,41.0,138.0,0.1,0.084,0.079,0.046,0.923,0.663,2.472,2.192,2.386,4.333,90.466,6.744,2.241,0.583,,
1612,Federico Wirtz,25,ST,Inter Milan,Serie A,Italy,1,34,24,3036,29.0,106.0,0.525,0.189,0.557,0.155,4.162,1.662,0.879,0.435,0.41,3.765,88.396,4.044,4.974,2.377,,
1613,Martin Ricci,32,AM,Lecce,Serie A,Italy,1,18,15,1602,14.0,44.0,0.317,0.294,0.268,0.253,2.7,3.776,1.204,1.091,0.678,1.179,92.732,8.221,8.115,3.851,,
1614,Dani Torres,26,GK,Torino,Serie A,Italy,1,36,30,3217,11.8,30.0,0.005,0.011,0.005,0.005,0.026,0.319,0.132,0.129,0.048,0.154,76.515,2.536,0.612,0.124,80.814,31.813
1615,Cody Kim,24,CB,AC Milan,Serie A,Italy,1,11,7,947,5.2,9.0,0.054,0.033,0.042,0.035,0.614,0.527,2.016,1.862,1.859,2.8,88.77,4.561,1.905,0.379,,
1616,Kylian Oliveira,25,W,Monza,Serie A,Italy,1,20,18,1767,17.1,64.0,0.294,0.238,0.312,0.255,3.612,2.64,1.87,1.302,0.618,1.201,76.353,5.853,7.94,5.131,,
1617,Ruben Palmer,32,FB,Genoa,Serie A,Italy,1,24,18,2157,7.2,12.0,0.057,0.113,0.046,0.148,0.914,1.489,3.216,1.831,0.902,1.536,72.146,5.995,5.65,1.886,,
1618,Matthijs Lookman,25,W,Bologna,Serie A,Italy,1,16,12,1383,10.1,30.0,0.249,0.226,0.229,0.222,2.881,2.322,1.577,1.021,0.523,0.963,75.385,5.768,6.824,4.586,,
1619,Ousmane Meyer,27,FB,Sassuolo,Serie A,Italy,1,22,17,1944,23.9,78.0,0.062,0.132,0.045,0.124,1.312,1.642,3.294,1.805,0.8,1.699,83.982,7.108,4.927,2.115,,
1620,Bruno Haaland,25,W,Bologna,Serie A,Italy,1,30,28,2619,7.2,18.0,0.279,0.191,0.241,0.19,2.543,2.635,1.564,0.935,0.372,0.799,78.356,4.48,6.809,4.384,,
1621,Samuel Gordon,30,ST,Fiorentina,Serie A,Italy,1,15,10,1291,31.4,104.0,0.415,0.156,0.449,0.164,4.083,1.656,1.329,0.653,0.37,3.748,81.313,3.806,4.445,2.328,,
1622,Casemiro Ndidi,23,FB,Genoa,Serie A,Italy,1,33,24,2954,38.3,78.0,0.087,0.179,0.057,0.134,1.328,1.579,3.345,2.403,1.284,2.039,94.331,7.904,6.735,3.07,,
1623,Leroy Aaronson,28,DM,Sassuolo,Serie A,Italy,1,25,18,2219,30.5,54.0,0.062,0.072,0.041,0.087,1.312,1.64,3.72,3.122,1.728,2.707,86.108,9.917,3.14,1.345,,
1624,Achraf Son,31,FB,Torino,Serie A,Italy,1,16,13,1431,27.2,47.0,0.077,0.144,0.056,0.129,1.256,1.738,3.244,1.54,1.164,1.65,94.991,6.871,6.011,1.902,,
1625,Sofiane McKennie,19,ST,Genoa,Serie A,Italy,1,18,16,1606,17.5,31.0,0.497,0.131,0.516,0.141,4.231,1.234,0.952,0.549,0.397,3.058,82.129,3.57,4.129,2.692,,
1626,Takumi Piatek,27,AM,Cagliari,Serie A,Italy,1,36,34,3190,10.8,29.0,0.223,0.213,0.223,0.23,2.791,3.275,1.112,1.086,0.571,0.876,77.634,8.557,7.465,2.91,,
1627,Tomas Weber,24,CB,AC Milan,Serie A,Italy,1,26,20,2275,17.3,40.0,0.067,0.052,0.06,0.046,0.946,0.722,2.544,1.936,1.724,3.231,81.869,5.286,2.068,0.561,,
1628,Rafael Vecino,29,W,Salernitana,Serie A,Italy,1,9,6,767,3.5,6.0,0.228,0.155,0.212,0.186,2.471,1.919,1.415,0.753,0.364,0.688,66.852,4.534,5.413,3.176,,
1629,Kai Piatek,30,W,Lazio,Serie A,Italy,1,31,25,2730,11.5,41.0,0.236,0.184,0.202,0.216,3.207,2.246,1.542,0.824,0.519,0.981,73.057,5.591,5.616,3.972,,
1630,Rafa Rice,25,FB,Inter Milan,Serie A,Italy,1,27,22,2344,8.6,25.0,0.056,0.123,0.049,0.128,0.93,1.206,2.713,1.538,0.931,1.749,90.28,6.073,4.282,1.992,,
1631,Kai Peters,23,AM,Frosinone,Serie A,Italy,1,19,18,1666,20.6,76.0,0.341,0.193,0.201,0.258,2.661,3.31,1.327,0.967,0.683,1.017,91.458,7.44,6.905,3.845,,
1632,Leroy Sobhi,24,W,Udinese,Serie A,Italy,1,34,28,3056,12.8,29.0,0.325,0.203,0.271,0.233,3.159,2.242,1.875,1.054,0.455,1.083,68.445,4.648,6.87,4.019,,
1633,Khvicha Musah,30,DM,Inter Milan,Serie A,Italy,1,33,29,2919,36.0,140.0,0.052,0.066,0.035,0.078,1.055,1.524,4.313,2.628,1.388,2.36,100.834,7.39,3.054,1.29,,
1634,Toby Kim,25,CM,Bologna,Serie A,Italy,1,23,17,2063,42.9,70.0,0.142,0.248,0.137,0.204,2.113,2.899,3.283,2.851,1.384,2.13,97.076,12.969,4.05,2.114,,
1635,William Brown,28,GK,Monza,Serie A,Italy,1,22,20,1938,24.5,68.0,0.007,0.014,0.006,0.007,0.046,0.373,0.197,0.222,0.07,0.256,77.629,3.476,0.696,0.134,85.88,36.614
1636,Julian Gordon,22,FB,Lazio,Serie A,Italy,1,22,19,1958,12.1,34.0,0.05,0.13,0.043,0.134,0.908,1.806,2.397,1.694,0.917,1.48,73.47,5.67,5.327,1.669,,
1637,Ousmane Sousa,19,GK,Torino,Serie A,Italy,1,13,9,1096,15.1,47.0,0.005,0.015,0.007,0.007,0.031,0.397,0.209,0.194,0.052,0.184,85.644,2.711,0.625,0.106,78.465,47.305
1638,Cody van Dijk,28,CB,Verona,Serie A,Italy,1,7,6,580,18.4,45.0,0.068,0.04,0.057,0.054,0.9,0.681,2.604,2.284,1.943,3.208,87.291,4.881,1.669,0.513,,
1639,Marcelo King,26,GK,Frosinone,Serie A,Italy,1,25,21,2208,38.1,93.0,0.008,0.015,0.008,0.01,0.039,0.443,0.255,0.286,0.071,0.272,75.213,4.477,0.859,0.174,88.98,60.014
1640,Christian Suarez,27,CB,Salernitana,Serie A,Italy,1,18,14,1598,29.0,57.0,0.107,0.053,0.073,0.056,1.067,0.716,2.605,2.747,2.278,4.128,91.164,6.156,2.11,0.684,,
1641,Charles Bentancur,17,AM,Cagliari,Serie A,Italy,1,12,9,1028,13.8,48.0,0.29,0.317,0.244,0.353,3.406,3.711,1.689,0.92,0.724,1.141,96.739,8.851,7.918,4.629,,
1642,Youssef Alves,22,CB,Monza,Serie A,Italy,1,35,30,3138,55.9,141.0,0.083,0.067,0.054,0.06,1.04,0.771,2.573,2.412,2.195,4.323,93.083,4.987,2.379,0.799,,
1643,Angel Johnson,31,CB,Bologna,Serie A,Italy,1,21,17,1848,6.9,26.0,0.073,0.051,0.063,0.048,0.739,0.691,2.204,1.646,1.934,3.348,98.053,4.585,1.73,0.421,,
1644,Ivan Tah,26,ST,Roma,Serie A,Italy,1,12,9,1051,34.1,109.0,0.459,0.139,0.679,0.131,4.704,1.825,1.291,0.517,0.377,3.762,89.806,4.839,4.472,3.446,,
1645,Takumi Becker,26,DM,Roma,Serie A,Italy,1,34,31,3023,11.7,45.0,0.034,0.054,0.04,0.058,0.877,1.448,3.135,2.524,1.42,2.193,88.611,8.375,2.476,1.364,,
1646,Angel Romano,25,GK,Monza,Serie A,Italy,1,18,14,1531,36.8,65.0,0.006,0.014,0.007,0.007,0.032,0.372,0.25,0.253,0.099,0.268,74.609,3.119,0.969,0.18,84.771,50.31
1647,Yves Szczesny,28,FB,Fiorentina,Serie A,Italy,1,15,11,1308,31.8,122.0,0.066,0.177,0.045,0.153,1.357,2.048,2.83,1.828,1.231,1.784,96.737,7.776,5.038,2.582,,
1648,Joshua Vecino,19,AM,Lecce,Serie A,Italy,1,10,8,858,14.7,37.0,0.219,0.219,0.231,0.265,2.718,3.601,1.442,1.13,0.707,1.045,74.698,6.408,6.53,3.752,,
1649,Timothy Jones,32,CB,AC Milan,Serie A,Italy,1,16,15,1385,5.8,23.0,0.066,0.038,0.045,0.039,0.732,0.698,2.482,1.673,1.502,3.034,86.864,4.172,1.64,0.492,,
1650,Luis Williams,28,AM,Empoli,Serie A,Italy,1,24,17,2093,7.7,21.0,0.224,0.197,0.205,0.225,2.71,3.183,1.335,0.896,0.621,0.829,87.493,6.464,6.83,3.212,,
1651,Romelu Park,26,CB,Udinese,Serie A,Italy,1,7,5,566,15.2,50.0,0.069,0.047,0.066,0.047,0.945,0.743,2.968,2.402,1.964,3.695,89.523,5.289,2.196,0.54,,
1652,Kylian Costa,25,GK,Lazio,Serie A,Italy,1,35,27,3062,11.6,41.0,0.005,0.012,0.005,0.005,0.022,0.334,0.172,0.139,0.053,0.141,78.764,2.153,0.641,0.109,63.126,29.802
1653,Ousmane Szczesny,27,FB,Genoa,Serie A,Italy,1,26,21,2323,20.9,36.0,0.068,0.16,0.049,0.142,0.876,1.725,2.953,1.567,0.967,1.801,79.356,6.651,4.703,1.697,,
1654,Alexander Johnson,25,AM,AC Milan,Serie A,Italy,1,28,24,2514,4.3,15.0,0.247,0.18,0.234,0.189,2.63,3.394,1.111,0.725,0.569,0.711,90.385,6.586,6.72,3.12,,
1655,Victor Zielinski,23,FB,Genoa,Serie A,Italy,1,14,10,1177,9.0,30.0,0.047,0.106,0.04,0.105,0.962,1.361,3.178,1.373,1.016,1.363,79.847,5.758,4.097,1.652,,
1656,Erling Martinez,28,W,AC Milan,Serie A,Italy,1,16,14,1356,4.1,13.0,0.247,0.169,0.243,0.175,2.651,1.928,1.237,0.688,0.403,0.863,85.75,3.714,6.525,3.646,,
1657,Daniel Odegaard,31,CB,AC Milan,Serie A,Italy,1,21,14,1846,9.7,18.0,0.058,0.042,0.054,0.049,0.799,0.563,2.723,1.96,1.995,2.72,74.053,4.845,1.879,0.411,,
1658,Rayan Kostic,23,ST,Frosinone,Serie A,Italy,1,33,23,2970,34.6,87.0,0.423,0.151,0.524,0.135,4.267,1.658,1.182,0.69,0.428,4.144,93.342,3.615,3.246,3.511,,
1659,Victor Lindstrom,28,ST,Juventus,Serie A,Italy,1,32,27,2871,43.4,110.0,0.512,0.199,0.437,0.22,6.015,1.651,1.031,0.716,0.377,4.427,89.335,3.586,4.122,2.946,,
1660,Virgil Visser,21,CM,Empoli,Serie A,Italy,1,32,26,2806,9.9,24.0,0.093,0.133,0.098,0.142,1.561,1.624,2.559,1.545,1.31,1.29,94.158,7.165,3.184,1.624,,
1661,Charles Davies,22,AM,Torino,Serie A,Italy,1,28,23,2461,32.4,54.0,0.347,0.208,0.258,0.245,2.792,3.016,1.871,1.031,0.811,1.29,74.428,8.185,7.307,4.741,,
1662,Omar de Ligt,30,FB,Genoa,Serie A,Italy,1,15,13,1287,19.7,78.0,0.057,0.127,0.059,0.147,1.075,1.72,3.65,1.802,1.066,1.633,91.465,7.356,5.053,1.66,,
1663,James Lewandowski,34,W,Roma,Serie A,Italy,1,29,27,2561,6.8,16.0,0.35,0.171,0.258,0.252,2.892,3.084,1.903,1.066,0.516,0.879,88.885,4.941,7.895,4.095,,
1664,Kylian Torres,20,FB,Verona,Serie A,Italy,1,32,24,2811,41.5,134.0,0.079,0.208,0.073,0.155,0.974,2.857,3.062,2.54,1.306,1.797,99.754,8.407,6.632,2.581,,
1665,Ansu Palmer,26,FB,Genoa,Serie A,Italy,1,27,19,2355,2.9,10.0,0.041,0.104,0.039,0.134,0.735,1.404,2.266,1.24,0.882,1.178,87.939,6.502,3.635,1.6,,
1666,Pedri Diaz,29,GK,Napoli,Serie A,Italy,1,26,19,2303,26.3,84.0,0.005,0.013,0.008,0.006,0.032,0.388,0.213,0.188,0.052,0.174,89.569,2.966,0.745,0.131,82.847,37.227
1667,Virgil Jones,21,FB,Cagliari,Serie A,Italy,1,33,28,2897,55.4,207.0,0.092,0.182,0.062,0.192,1.603,1.802,3.667,1.608,1.344,2.199,93.362,8.378,6.358,2.195,,
1668,Matteo Andersen,28,ST,Sassuolo,Serie A,Italy,1,30,28,2656,16.3,25.0,0.458,0.128,0.486,0.152,4.175,1.395,1.029,0.554,0.282,3.603,71.72,3.599,3.639,2.502,,
1669,Takumi Ndidi,22,CB,Atalanta,Serie A,Italy,1,16,11,1440,25.2,91.0,0.077,0.048,0.07,0.055,0.874,0.824,2.484,2.122,1.659,3.526,85.758,5.229,1.977,0.515,,
1670,Dani Musiala,24,W,Monza,Serie A,Italy,1,7,4,615,8.1,15.0,0.322,0.15,0.246,0.236,3.039,2.401,1.733,1.105,0.484,0.839,73.797,5.154,6.018,3.487,,
1671,Omar Mane,23,DM,Sassuolo,Serie A,Italy,1,13,11,1112,5.6,21.0,0.032,0.061,0.032,0.068,0.871,1.401,2.996,2.39,1.388,1.833,91.114,6.915,2.691,1.114,,
1672,Kalidou Tadic,38,AM,Empoli,Serie A,Italy,1,16,14,1366,4.4,10.0,0.317,0.305,0.214,0.265,3.226,3.581,1.235,1.399,0.798,1.209,82.035,8.308,7.582,3.503,,
1673,Andre Muller,21,ST,Atalanta,Serie A,Italy,1,19,17,1705,70.0,161.0,0.59,0.168,0.679,0.23,4.068,1.902,1.725,0.862,0.469,5.062,72.805,4.012,4.721,3.852,,
1674,Nabil Grimaldo,28,CB,Napoli,Serie A,Italy,1,18,16,1539,9.6,33.0,0.076,0.04,0.055,0.049,0.714,0.679,2.015,2.028,1.717,3.158,81.419,5.786,1.908,0.501,,
1675,Karim Kiwior,34,W,Cagliari,Serie A,Italy,1,19,18,1666,4.8,12.0,0.264,0.255,0.292,0.208,2.87,2.4,1.592,0.966,0.504,0.844,91.089,6.163,6.972,4.56,,
1676,Toby Odegaard,21,W,Udinese,Serie A,Italy,1,9,7,740,55.9,221.0,0.395,0.27,0.374,0.269,3.93,2.798,2.165,1.458,0.586,1.49,82.577,5.806,9.489,5.127,,
1677,Kevin Pulisic,21,CB,Cagliari,Serie A,Italy,1,35,32,3114,19.6,31.0,0.082,0.045,0.076,0.041,0.982,0.769,2.376,2.149,1.883,3.489,78.28,4.77,2.261,0.579,,
1678,Daichi Wagner,26,DM,Atalanta,Serie A,Italy,1,6,5,502,61.7,136.0,0.085,0.084,0.06,0.13,1.562,2.009,5.317,2.714,1.892,2.36,106.236,10.294,3.649,1.771,,
1679,Darwin Jimenez,23,CM,Bologna,Serie A,Italy,1,29,20,2548,3.7,13.0,0.094,0.105,0.098,0.149,1.552,1.691,2.04,1.295,1.203,1.422,90.925,6.543,3.849,1.676,,
1680,Frenkie Adams,28,AM,Torino,Serie A,Italy,1,7,5,561,39.5,108.0,0.312,0.278,0.249,0.31,2.709,4.312,1.579,0.926,0.997,1.373,75.431,9.08,8.516,4.056,,
1681,Davide Valverde,24,CB,Empoli,Serie A,Italy,1,28,21,2447,10.2,31.0,0.057,0.042,0.059,0.036,0.962,0.668,2.302,1.731,1.603,3.253,82.824,5.884,1.812,0.454,,
1682,Goncalo Martinez,26,FB,Bologna,Serie A,Italy,1,24,17,2116,31.9,72.0,0.059,0.143,0.06,0.143,1.028,1.538,3.635,1.954,1.185,1.963,88.31,6.59,4.3,2.691,,
1683,Bukayo Gonzalez,20,CB,Verona,Serie A,Italy,1,14,11,1187,58.6,178.0,0.077,0.075,0.098,0.065,0.991,0.845,2.509,2.134,2.278,3.961,104.953,7.364,2.484,0.746,,
1684,Amadou Sousa,27,DM,Juventus,Serie A,Italy,1,33,26,2939,35.9,111.0,0.055,0.084,0.04,0.074,0.945,1.464,4.148,2.562,2.018,2.493,99.603,9.567,3.027,1.297,,
1685,Timothy Onyeka,25,FB,Lazio,Serie A,Italy,1,20,15,1752,25.1,54.0,0.061,0.135,0.072,0.173,1.209,1.911,3.283,1.658,1.203,1.79,88.533,6.492,4.825,1.941,,
1686,Gavi Aaronson,21,ST,Cagliari,Serie A,Italy,1,23,17,2037,24.6,70.0,0.569,0.134,0.401,0.102,4.077,1.577,0.936,0.563,0.406,3.854,71.083,3.893,4.29,2.948,,
1687,Patrick King,26,FB,Torino,Serie A,Italy,1,27,21,2391,9.9,26.0,0.075,0.117,0.041,0.116,1.053,1.843,2.918,1.865,0.971,1.716,83.605,6.531,5.194,2.25,,
1688,Bernardo Marino,30,AM,Udinese,Serie A,Italy,1,28,27,2484,45.6,163.0,0.37,0.402,0.354,0.275,3.455,4.009,2.122,1.143,0.816,1.381,88.818,9.362,8.383,4.265,,
1689,Eric Sobhi,27,ST,Monza,Serie A,Italy,1,28,24,2499,54.0,199.0,0.55,0.221,0.535,0.182,4.89,2.035,1.365,0.658,0.444,4.169,81.194,4.74,4.836,3.447,,
1690,Matthijs White,25,DM,Roma,Serie A,Italy,1,18,15,1601,15.4,43.0,0.047,0.081,0.037,0.081,1.05,1.52,3.831,2.346,1.252,2.118,99.26,8.288,2.529,1.162,,
1691,Cole Silva,21,DM,Napoli,Serie A,Italy,1,19,14,1695,25.2,38.0,0.062,0.096,0.033,0.1,0.986,1.502,3.777,3.114,1.68,2.312,87.515,7.968,3.651,1.344,,
1692,Victor Iwobi,23,FB,Lazio,Serie A,Italy,1,29,28,2587,29.5,86.0,0.07,0.126,0.047,0.157,1.229,1.649,3.427,1.755,1.07,1.478,83.191,7.896,5.284,2.412,,
1693,Thiago Sousa,26,ST,AC Milan,Serie A,Italy,1,20,17,1761,5.5,15.0,0.391,0.106,0.394,0.113,3.856,1.239,0.864,0.435,0.334,2.672,66.572,2.885,3.41,2.144,,
1694,Alejandro Foden,30,CB,Fiorentina,Serie A,Italy,1,10,8,841,8.0,30.0,0.056,0.042,0.046,0.041,0.721,0.553,2.272,2.001,1.691,3.394,96.014,4.16,1.725,0.446,,
1695,Dominik Ferrari,24,CB,Udinese,Serie A,Italy,1,33,25,2928,6.2,13.0,0.061,0.041,0.042,0.045,0.752,0.517,2.44,1.754,1.586,3.304,94.524,5.113,1.395,0.416,,
1696,Trent Jones,25,DM,Verona,Serie A,Italy,1,15,11,1287,32.9,99.0,0.054,0.081,0.037,0.102,1.268,1.376,4.605,2.433,1.615,2.235,79.969,7.832,3.03,1.551,,
1697,David Kamada,24,CM,Inter Milan,Serie A,Italy,1,14,12,1254,47.9,102.0,0.182,0.166,0.201,0.288,2.875,2.783,3.068,2.1,1.77,2.503,89.515,12.468,5.625,2.816,,
1698,Robert Gudelj,25,CB,Lazio,Serie A,Italy,1,15,14,1286,54.4,165.0,0.094,0.053,0.075,0.071,1.38,1.048,3.219,2.431,2.692,4.057,84.084,8.593,3.137,0.754,,
1699,Bernardo Park,23,FB,AC Milan,Serie A,Italy,1,8,7,662,19.3,61.0,0.063,0.124,0.046,0.146,1.09,1.501,2.638,1.574,0.916,1.736,82.318,7.213,5.562,1.947,,
1700,Karim Romano,28,GK,Salernitana,Serie A,Italy,1,14,11,1199,25.3,60.0,0.007,0.013,0.009,0.007,0.034,0.33,0.224,0.264,0.063,0.235,78.425,3.017,0.777,0.173,83.927,55.552
1701,Adama Torres,22,W,Cagliari,Serie A,Italy,1,15,10,1274,42.3,130.0,0.285,0.191,0.27,0.266,2.766,2.654,2.158,1.083,0.457,0.93,76.298,5.6,7.71,5.816,,
1702,Kalidou Camara,27,CB,Inter Milan,Serie A,Italy,1,19,15,1624,23.8,64.0,0.11,0.063,0.088,0.07,1.079,0.793,3.433,2.362,1.848,4.227,99.227,8.3,2.045,0.549,,
1703,Robin Zielinski,26,AM,Lazio,Serie A,Italy,1,14,9,1178,4.2,16.0,0.198,0.168,0.177,0.217,2.225,3.006,1.212,0.707,0.51,0.787,72.452,6.244,5.335,2.992,,
1704,Thiago Konaté,28,CM,Sassuolo,Serie A,Italy,1,7,6,587,10.7,19.0,0.086,0.137,0.134,0.197,1.451,1.946,2.37,1.615,1.321,1.661,88.082,9.236,3.763,2.136,,
1705,Timothy Ndidi,19,W,Inter Milan,Serie A,Italy,1,8,6,638,33.2,95.0,0.396,0.245,0.389,0.336,4.251,3.12,1.734,1.222,0.569,1.323,79.478,7.114,8.195,6.021,,
1706,Vitinha Andersen,26,CB,Sassuolo,Serie A,Italy,1,13,11,1116,31.5,92.0,0.093,0.045,0.069,0.052,0.855,0.808,2.118,2.143,2.496,4.224,76.383,5.572,2.171,0.719,,
1707,Luka Schmidt,28,ST,Torino,Serie A,Italy,1,12,10,1049,52.8,131.0,0.724,0.213,0.613,0.204,5.555,1.711,1.119,0.693,0.492,4.688,84.055,4.116,4.929,3.033,,
1708,Tomas Costa,26,CB,Atalanta,Serie A,Italy,1,8,5,649,31.4,89.0,0.082,0.052,0.082,0.062,1.156,0.786,3.591,2.497,2.674,4.564,93.173,6.56,2.882,0.66,,
1709,Andre Palmer,22,W,Salernitana,Serie A,Italy,1,16,13,1403,28.7,108.0,0.325,0.199,0.296,0.248,2.921,2.617,1.795,0.941,0.61,0.972,74.638,5.41,8.298,5.295,,
1710,Trent Ramirez,31,CM,Monza,Serie A,Italy,1,9,7,751,40.5,94.0,0.17,0.237,0.145,0.233,1.998,3.072,2.514,1.693,1.593,1.917,103.927,9.122,5.572,2.633,,
1711,Darwin Mbappé,26,ST,Cagliari,Serie A,Italy,1,15,12,1303,28.8,56.0,0.593,0.151,0.435,0.186,5.241,1.987,1.307,0.494,0.427,5.093,71.914,3.538,4.173,3.094,,
1712,Alexis Kiwior,24,CB,Frosinone,Serie A,Italy,1,35,34,3127,15.3,59.0,0.063,0.047,0.065,0.044,0.698,0.748,2.49,2.048,1.635,3.544,91.604,5.181,1.992,0.408,,
1713,Angel Martinez,30,CM,Genoa,Serie A,Italy,1,36,31,3192,2.0,4.0,0.096,0.108,0.075,0.117,1.393,1.63,2.15,1.349,1.075,1.146,72.441,7.374,2.773,1.384,,
1714,Martin Gudelj,25,ST,Lazio,Serie A,Italy,1,23,21,2052,28.1,60.0,0.523,0.153,0.437,0.17,4.468,1.294,1.344,0.702,0.37,3.149,89.945,3.838,3.723,2.753,,
1715,Nabil King,25,GK,Juventus,Serie A,Italy,1,20,15,1724,15.2,40.0,0.006,0.013,0.008,0.007,0.037,0.376,0.23,0.183,0.065,0.169,75.752,2.751,0.755,0.147,65.563,34.061
1716,Darwin Marino,27,FB,Bologna,Serie A,Italy,1,30,29,2669,14.8,29.0,0.064,0.142,0.048,0.166,1.272,1.881,3.137,1.782,0.975,1.626,93.673,8.286,5.68,1.868,,
1717,Sergio Russo,27,GK,Roma,Serie A,Italy,1,36,28,3227,34.3,102.0,0.009,0.014,0.009,0.007,0.038,0.378,0.223,0.168,0.066,0.197,88.573,3.021,0.837,0.194,83.262,35.946
1718,Diego Araujo,31,CM,Cagliari,Serie A,Italy,1,25,19,2228,25.4,97.0,0.162,0.197,0.144,0.196,1.82,2.523,2.714,1.8,1.465,1.516,100.403,8.82,3.755,2.026,,
1719,Cody Mbappé,22,CB,Lazio,Serie A,Italy,1,27,20,2395,17.1,30.0,0.07,0.059,0.042,0.041,0.92,0.511,2.782,2.361,1.721,3.436,80.831,5.354,2.402,0.487,,
1720,Omar Musah,26,CM,AC Milan,Serie A,Italy,1,18,13,1592,55.4,112.0,0.173,0.277,0.192,0.202,2.523,2.946,4.022,2.762,2.1,2.572,88.51,12.332,4.563,2.644,,
1721,Rafa Valverde,23,CM,Fiorentina,Serie A,Italy,1,10,8,891,26.6,51.0,0.125,0.195,0.153,0.193,1.909,2.318,2.224,2.418,1.329,2.013,80.545,10.556,4.758,2.75,,
1723,Christian Gordon,25,DM,Atalanta,Serie A,Italy,1,15,13,1294,14.2,31.0,0.048,0.066,0.029,0.084,1.008,1.052,4.009,2.517,1.268,1.873,81.921,6.928,2.268,1.329,,
1724,Goncalo Piatek,28,FB,Verona,Serie A,Italy,1,8,6,718,11.0,44.0,0.066,0.13,0.043,0.148,0.997,1.916,2.926,1.758,1.013,1.627,75.149,7.819,5.445,1.678,,
1725,Luka Camara,27,ST,Roma,Serie A,Italy,1,33,27,2948,38.0,126.0,0.487,0.117,0.415,0.136,4.985,1.457,0.968,0.67,0.505,3.941,75.983,4.045,5.05,2.912,,
1726,Son Lopez,29,AM,Napoli,Serie A,Italy,1,27,19,2403,7.4,22.0,0.199,0.214,0.208,0.259,2.786,3.11,1.177,0.91,0.603,0.804,78.69,5.819,5.513,2.67,,
1727,Charles van Dijk,23,CM,Roma,Serie A,Italy,1,31,26,2730,57.4,95.0,0.155,0.219,0.14,0.21,1.93,2.956,3.487,2.144,2.184,1.858,89.881,9.502,4.763,2.666,,
1728,Jonathan Silva,26,DM,Verona,Serie A,Italy,1,36,31,3152,41.6,121.0,0.055,0.101,0.032,0.071,1.014,1.304,4.363,2.589,1.571,2.332,86.822,7.489,3.672,1.586,,
1729,Rodri Suarez,28,DM,Cagliari,Serie A,Italy,1,34,28,3001,15.9,48.0,0.059,0.078,0.04,0.08,0.862,1.274,4.146,2.469,1.538,2.133,94.989,8.233,3.328,1.323,,
1730,Gabriel Adams,24,CM,Bologna,Serie A,Italy,1,19,16,1663,35.0,60.0,0.139,0.219,0.162,0.268,2.45,2.116,2.779,2.096,1.853,2.112,83.734,10.223,5.13,2.563,,
1731,Alexander Peters,19,ST,Verona,Serie A,Italy,1,8,7,708,15.6,35.0,0.49,0.148,0.464,0.148,4.515,1.661,1.201,0.465,0.42,3.487,81.981,3.91,3.568,2.709,,
1732,Sadio Zurkowski,29,CB,Bologna,Serie A,Italy,1,10,6,834,8.9,19.0,0.054,0.037,0.064,0.04,0.84,0.719,2.135,1.669,1.863,3.221,94.534,4.621,1.838,0.437,,
1733,Lautaro Ndidi,24,GK,Atalanta,Serie A,Italy,1,11,9,957,42.7,161.0,0.009,0.015,0.01,0.006,0.039,0.495,0.192,0.265,0.07,0.199,98.371,2.916,0.688,0.174,79.897,40.746
1734,Charles Skov,31,AM,Torino,Serie A,Italy,1,28,24,2446,12.2,39.0,0.2,0.24,0.236,0.264,2.319,3.047,1.49,0.918,0.605,0.936,73.153,7.106,7.046,2.976,,
1735,Ansu Jones,20,CB,Roma,Serie A,Italy,1,35,34,3137,17.6,48.0,0.07,0.035,0.068,0.041,0.678,0.665,2.49,2.062,2.077,3.157,91.192,5.424,2.421,0.553,,
1736,Dani Bentancur,24,CB,AC Milan,Serie A,Italy,1,11,8,929,4.1,8.0,0.057,0.033,0.053,0.028,0.621,0.546,2.187,1.757,1.661,2.609,92.447,5.201,1.687,0.434,,
1737,Harry Hernandez,27,CB,Verona,Serie A,Italy,1,12,8,1025,48.5,170.0,0.094,0.061,0.079,0.054,0.943,0.847,2.721,2.621,1.981,4.026,103.423,6.493,2.17,0.59,,
1738,Antoine Hegazi,28,FB,Sassuolo,Serie A,Italy,1,7,6,619,47.1,79.0,0.079,0.167,0.063,0.17,1.227,1.965,3.418,2.325,1.607,2.12,79.881,7.92,7.506,3.322,,
1739,Victor Vlahovic,21,ST,Frosinone,Serie A,Italy,1,7,6,600,78.5,182.0,0.722,0.174,0.668,0.23,4.623,1.658,1.35,0.529,0.41,5.153,84.426,3.991,5.507,2.882,,
1740,Romelu Meyer,26,DM,Bologna,Serie A,Italy,1,19,17,1659,20.0,62.0,0.059,0.075,0.041,0.071,1.027,1.644,3.704,2.419,1.536,2.406,81.183,7.836,2.758,1.69,,
1741,Toby Davies,25,GK,Napoli,Serie A,Italy,1,15,13,1320,32.9,126.0,0.008,0.014,0.01,0.006,0.033,0.4,0.202,0.293,0.055,0.232,67.44,3.963,0.771,0.2,87.332,48.956
1742,Kai de Jong,23,CB,Cagliari,Serie A,Italy,1,10,7,865,26.7,47.0,0.101,0.057,0.068,0.051,0.797,0.672,2.654,2.364,2.046,4.059,95.05,5.929,1.936,0.692,,
1743,Pierre Bellingham,23,DM,Udinese,Serie A,Italy,1,8,5,649,39.2,149.0,0.056,0.095,0.051,0.105,1.039,1.955,4.799,2.936,1.355,2.553,83.186,7.217,4.179,1.512,,
1744,Jamal White,26,CB,AC Milan,Serie A,Italy,1,11,10,923,12.4,41.0,0.052,0.044,0.06,0.042,0.76,0.565,2.626,2.372,1.959,3.453,101.175,5.747,1.859,0.456,,
1745,Virgil Peters,24,W,Empoli,Serie A,Italy,1,31,22,2731,11.1,19.0,0.32,0.203,0.311,0.202,3.705,2.321,1.544,0.909,0.391,0.736,78.199,4.386,6.033,3.671,,
1746,Edouard Russo,25,AM,Lecce,Serie A,Italy,1,20,18,1726,12.9,44.0,0.267,0.282,0.243,0.22,2.367,3.38,1.33,0.914,0.547,0.744,85.78,6.803,6.944,3.544,,
1747,Diego Odegaard,28,CB,Empoli,Serie A,Italy,1,18,16,1606,10.6,23.0,0.055,0.04,0.05,0.034,0.751,0.601,1.929,1.591,1.748,3.64,77.595,4.347,2.024,0.485,,
1748,Achraf Salah,28,DM,Roma,Serie A,Italy,1,15,10,1283,5.8,12.0,0.038,0.06,0.036,0.065,0.77,1.11,3.602,2.435,1.311,1.624,92.766,6.592,2.596,1.047,,
1749,Alexis Wilson,25,AM,Bologna,Serie A,Italy,1,29,25,2566,5.7,14.0,0.222,0.187,0.223,0.207,2.742,2.699,1.33,0.724,0.56,0.684,89.144,7.263,6.069,3.517,,
1750,Ritsu Romano,25,AM,Inter Milan,Serie A,Italy,1,34,26,3060,42.5,166.0,0.389,0.303,0.253,0.326,3.752,4.132,1.596,1.462,0.829,1.226,77.072,7.416,8.728,4.717,,
1751,Sandro Taylor,27,W,Cagliari,Serie A,Italy,1,23,18,2031,5.6,15.0,0.27,0.153,0.24,0.166,2.522,2.003,1.381,0.93,0.442,0.776,72.158,4.684,6.099,4.119,,
1752,Hugo Wagner,21,W,Sassuolo,Serie A,Italy,1,20,16,1783,6.6,17.0,0.23,0.176,0.225,0.201,2.702,1.766,1.612,0.74,0.406,0.722,78.277,4.391,7.168,4.159,,
1753,Harry Vlahovic,29,CM,Fiorentina,Serie A,Italy,1,11,9,921,37.9,72.0,0.194,0.171,0.165,0.199,2.055,2.212,3.399,2.028,1.327,2.435,85.728,9.803,4.56,2.446,,
1754,Karim Musiala,23,AM,Monza,Serie A,Italy,1,32,23,2850,7.8,12.0,0.227,0.192,0.209,0.219,2.162,3.48,1.188,0.762,0.499,0.82,71.597,6.752,6.577,3.16,,
1755,Rayan Musiala,28,DM,Inter Milan,Serie A,Italy,1,21,14,1861,56.5,165.0,0.092,0.106,0.049,0.085,1.155,2.184,4.733,3.396,1.852,3.199,105.548,8.193,3.02,2.3,,
1756,Tomas King,25,CB,Empoli,Serie A,Italy,1,18,14,1573,15.9,51.0,0.06,0.051,0.073,0.04,0.886,0.691,2.173,1.967,1.866,3.974,85.795,4.91,1.916,0.57,,
1757,Romelu Kostic,29,CB,Inter Milan,Serie A,Italy,1,25,19,2216,24.0,85.0,0.1,0.064,0.066,0.057,1.154,0.596,3.206,2.421,2.261,4.085,92.84,5.797,2.229,0.556,,
1758,Ibrahim Vecino,29,CB,Juventus,Serie A,Italy,1,22,20,1897,28.3,94.0,0.063,0.055,0.064,0.052,0.85,0.694,2.489,2.092,2.236,4.24,78.153,5.32,1.974,0.501,,
1759,Hiroki Mendes,30,W,Juventus,Serie A,Italy,1,28,23,2506,22.9,61.0,0.341,0.209,0.268,0.242,3.474,2.708,2.239,1.439,0.556,1.051,85.917,6.337,7.354,4.219,,
1760,Sandro Meyer,24,CM,Cagliari,Serie A,Italy,1,23,22,1994,49.2,132.0,0.148,0.24,0.159,0.211,1.98,2.988,3.02,1.977,1.455,1.667,95.1,9.341,4.876,2.401,,
1761,Ferran Palmer,23,W,Roma,Serie A,Italy,1,14,12,1246,8.9,35.0,0.217,0.165,0.263,0.192,2.848,2.591,1.546,0.922,0.492,1.055,72.528,5.211,7.221,3.934,,
1762,Matteo de Ligt,28,GK,Fiorentina,Serie A,Italy,1,28,22,2476,26.5,53.0,0.006,0.014,0.006,0.007,0.042,0.375,0.22,0.212,0.068,0.195,85.888,2.834,0.571,0.115,68.923,46.372
1763,Victor Taylor,20,ST,AC Milan,Serie A,Italy,1,28,21,2495,34.7,109.0,0.573,0.194,0.458,0.166,5.59,2.061,1.015,0.679,0.506,4.466,77.386,3.925,5.104,3.058,,
1764,Renato Meyer,28,DM,Empoli,Serie A,Italy,1,26,18,2263,47.3,178.0,0.066,0.086,0.037,0.114,1.026,2.254,5.287,2.395,1.559,2.318,104.094,7.049,3.098,1.574,,
1765,Thomas Gordon,28,FB,Lecce,Serie A,Italy,1,22,18,1953,52.9,139.0,0.078,0.154,0.088,0.149,1.327,1.668,3.952,1.898,1.51,2.088,95.135,6.152,5.896,2.376,,
1766,Serge Mane,25,FB,Napoli,Serie A,Italy,1,27,18,2363,39.0,61.0,0.058,0.157,0.057,0.153,1.375,2.445,3.021,1.816,1.339,1.897,78.492,7.128,4.378,2.418,,
1767,Axel Williams,26,DM,Monza,Serie A,Italy,1,9,8,769,34.2,72.0,0.071,0.114,0.056,0.087,1.271,1.588,5.694,3.558,1.74,2.996,86.582,8.974,3.499,1.833,,
1768,Trent McKennie,23,CM,Bologna,Serie A,Italy,1,18,17,1610,15.5,37.0,0.138,0.155,0.126,0.162,1.788,2.465,2.934,1.59,1.281,1.635,86.602,9.953,4.637,2.214,,
1769,Leandro Aaronson,25,CM,Empoli,Serie A,Italy,1,8,6,656,57.0,94.0,0.186,0.245,0.12,0.223,2.527,2.287,3.502,2.293,1.574,2.002,92.272,10.606,5.97,2.499,,
1770,Raphael Ricci,26,W,AC Milan,Serie A,Italy,1,29,24,2546,22.4,34.0,0.266,0.267,0.269,0.203,3.026,3.65,1.992,1.395,0.492,1.374,72.866,5.594,7.733,4.895,,
1771,Khvicha Rodriguez,25,CM,Bologna,Serie A,Italy,1,24,20,2140,35.2,107.0,0.139,0.204,0.137,0.199,2.351,2.481,2.973,1.836,1.949,2.303,88.264,8.573,5.53,2.823,,
1772,Omar Robinson,24,FB,Bologna,Serie A,Italy,1,18,17,1569,5.4,10.0,0.041,0.098,0.041,0.114,0.889,1.198,2.189,1.42,0.923,1.6,82.747,6.294,3.742,1.565,,
1773,Miguel Smith,24,GK,Roma,Serie A,Italy,1,31,29,2715,46.7,121.0,0.008,0.018,0.008,0.011,0.053,0.575,0.24,0.242,0.087,0.249,93.075,3.145,0.977,0.208,79.231,45.643
1774,Emil Davies,24,W,AC Milan,Serie A,Italy,1,20,13,1756,56.6,193.0,0.39,0.319,0.377,0.281,3.79,3.618,2.816,1.725,0.885,1.17,79.024,7.179,9.25,5.217,,
1775,Jonathan Peters,31,GK,Atalanta,Serie A,Italy,1,26,21,2307,24.2,91.0,0.007,0.016,0.008,0.008,0.04,0.34,0.188,0.21,0.061,0.179,94.04,2.704,0.72,0.097,66.091,34.173
1776,Luka Kostic,27,ST,Empoli,Serie A,Italy,1,26,22,2313,6.4,15.0,0.371,0.13,0.341,0.118,3.514,1.393,0.764,0.4,0.278,2.821,70.392,3.26,2.942,2.017,,
1777,Federico Lewandowski,27,ST,Sassuolo,Serie A,Italy,1,12,10,1029,61.9,176.0,0.595,0.144,0.525,0.194,5.134,2.06,1.36,0.772,0.34,4.855,91.988,4.438,5.096,3.276,,
1778,Bernardo Touré,25,CM,Napoli,Serie A,Italy,1,25,23,2167,22.1,74.0,0.144,0.164,0.143,0.155,1.929,1.838,2.634,2.092,1.534,1.503,99.09,9.407,5.085,2.616,,
1779,Bukayo Visser,24,FB,Napoli,Serie A,Italy,1,25,19,2187,10.5,29.0,0.06,0.096,0.048,0.158,0.928,1.683,2.537,1.274,0.959,1.478,85.572,6.409,4.733,2.229,,
1780,Alvaro Jimenez,27,CB,Verona,Serie A,Italy,1,22,20,1922,24.2,57.0,0.094,0.054,0.089,0.057,0.947,0.75,2.896,2.215,1.952,4.415,80.924,6.823,1.932,0.517,,
1781,Dusan Araujo,28,FB,Lazio,Serie A,Italy,1,21,18,1845,7.5,13.0,0.048,0.136,0.039,0.117,0.941,1.217,2.939,1.586,0.981,1.732,71.695,6.246,4.602,1.626,,
1782,Bernardo Piatek,23,GK,Napoli,Serie A,Italy,1,24,21,2129,30.0,107.0,0.007,0.015,0.008,0.006,0.038,0.36,0.227,0.191,0.071,0.206,77.07,2.571,0.918,0.151,86.41,37.526
1783,Diogo Bellingham,23,ST,Udinese,Serie A,Italy,1,24,17,2108,39.4,154.0,0.528,0.148,0.603,0.174,3.711,1.51,0.978,0.604,0.443,4.311,83.866,3.109,4.527,2.363,,
1784,Patrick Zielinski,26,CB,Sassuolo,Serie A,Italy,1,31,27,2716,13.7,24.0,0.072,0.043,0.057,0.05,0.692,0.71,2.223,1.567,1.8,3.04,95.366,4.518,2.007,0.486,,
1785,Luis White,26,FB,Lecce,Serie A,Italy,1,30,26,2625,24.6,61.0,0.081,0.17,0.049,0.154,1.122,1.734,2.687,2.134,1.098,1.929,92.171,8.054,5.229,1.802,,
1786,Ritsu Diaz,26,CB,Monza,Serie A,Italy,1,28,24,2503,34.5,135.0,0.079,0.059,0.089,0.049,0.913,0.742,3.055,2.784,2.253,3.851,89.301,6.859,2.356,0.625,,
1787,Youssef Ndidi,22,ST,Sassuolo,Serie A,Italy,1,14,11,1201,62.9,192.0,0.571,0.191,0.597,0.18,4.729,1.926,1.357,0.622,0.451,4.456,92.904,4.44,4.209,3.298,,
1788,James Piatek,25,CM,Genoa,Serie A,Italy,1,25,20,2226,17.3,40.0,0.14,0.153,0.11,0.179,1.795,1.95,2.678,1.706,1.353,2.101,89.734,8.87,4.222,1.769,,
1789,Bruno Sobhi,27,ST,Empoli,Serie A,Italy,1,31,25,2735,37.5,75.0,0.563,0.161,0.491,0.185,5.087,1.829,0.928,0.628,0.404,3.626,88.584,3.947,5.423,3.868,,
1790,Ibrahim Ricci,21,DM,Empoli,Serie A,Italy,1,34,28,3051,13.8,34.0,0.048,0.063,0.03,0.072,0.98,1.044,3.341,2.372,1.496,2.288,88.957,6.624,2.768,1.168,,
1791,Rafael Ndidi,27,W,Cagliari,Serie A,Italy,1,17,13,1472,8.8,27.0,0.204,0.147,0.227,0.207,2.941,2.599,1.668,0.715,0.414,0.88,89.895,4.295,5.892,4.592,,
1792,Sadio Wagner,29,AM,Fiorentina,Serie A,Italy,1,25,22,2222,10.7,35.0,0.297,0.267,0.211,0.221,2.861,3.735,1.372,0.933,0.563,0.91,79.004,8.328,6.259,3.168,,
1793,Nabil Saka,25,ST,Juventus,Serie A,Italy,1,25,22,2245,11.1,19.0,0.412,0.115,0.439,0.134,3.626,1.152,0.954,0.438,0.292,3.127,67.129,4.05,3.382,2.122,,
1794,Gavi Kostic,31,FB,Monza,Serie A,Italy,1,22,15,1911,23.1,56.0,0.075,0.185,0.051,0.173,1.375,2.154,3.396,2.482,1.236,2.156,86.564,8.566,7.146,3.13,,
1795,Thiago Gordon,28,AM,Napoli,Serie A,Italy,1,36,31,3222,43.2,134.0,0.373,0.264,0.273,0.351,3.461,4.456,1.602,0.944,0.679,1.119,100.214,9.42,8.535,3.937,,
1796,Sergio Lee,26,W,Fiorentina,Serie A,Italy,1,28,24,2513,68.3,145.0,0.518,0.308,0.374,0.294,4.808,3.746,2.288,1.197,0.866,1.399,89.756,6.118,8.67,5.617,,
1797,Carlos Wagner,20,CM,Verona,Serie A,Italy,1,28,24,2443,29.1,68.0,0.143,0.218,0.115,0.211,1.849,2.9,3.261,2.242,1.534,1.988,88.099,9.046,4.978,2.939,,
1798,Ibrahim Smith,27,CM,Bologna,Serie A,Italy,1,29,22,2542,16.7,42.0,0.126,0.196,0.15,0.194,2.046,2.641,2.595,1.459,1.384,1.516,97.86,10.157,4.4,2.013,,
1799,Simon Haaland,22,DM,Sassuolo,Serie A,Italy,1,25,23,2235,25.3,52.0,0.055,0.091,0.044,0.094,1.179,1.329,3.667,2.323,1.411,2.098,85.734,7.714,3.354,1.539,,
1800,Angel Lee,19,W,Udinese,Serie A,Italy,1,6,5,512,31.9,101.0,0.347,0.254,0.329,0.28,3.65,2.217,2.073,1.373,0.593,1.233,81.291,4.719,7.574,5.298,,
1801,Matteo Lookman,28,FB,Torino,Serie A,Italy,1,12,10,1015,59.0,91.0,0.1,0.164,0.059,0.203,1.586,2.036,4.031,2.041,1.286,2.409,89.979,8.711,6.896,2.318,,
1802,Romelu Bentancur,28,GK,Salernitana,Serie A,Italy,1,21,19,1859,28.7,73.0,0.009,0.017,0.007,0.006,0.046,0.447,0.212,0.245,0.071,0.22,78.217,2.434,0.677,0.152,77.937,41.716
1803,Dominik Elneny,26,DM,Udinese,Serie A,Italy,1,10,7,814,2.9,11.0,0.038,0.048,0.024,0.054,0.678,1.2,3.564,2.061,0.957,1.5,98.637,7.158,2.015,0.865,,
1804,Diego Ricci,20,FB,Lazio,Serie A,Italy,1,17,14,1482,20.8,31.0,0.06,0.126,0.041,0.121,0.996,1.536,3.362,1.759,0.954,1.885,90.667,5.747,6.141,2.046,,
1805,Takumi Martinez,20,ST,Udinese,Serie A,Italy,1,27,19,2377,57.1,128.0,0.777,0.176,0.55,0.176,4.372,2.083,1.725,0.789,0.466,5.129,86.085,5.16,3.877,4.025,,
1806,Raphael Konaté,25,W,Bologna,Serie A,Italy,1,15,13,1317,10.7,29.0,0.291,0.183,0.28,0.2,3.073,2.009,1.398,1.031,0.49,0.927,80.439,5.406,7.853,3.994,,
1807,Son Lewandowski,27,DM,Bologna,Serie A,Italy,1,27,22,2371,34.1,61.0,0.047,0.093,0.045,0.093,1.316,1.874,4.059,2.484,1.648,2.206,83.789,6.683,3.229,1.688,,
1808,Axel Bentancur,30,DM,Lecce,Serie A,Italy,1,16,12,1391,23.9,39.0,0.059,0.069,0.041,0.112,1.223,1.641,3.859,2.812,1.927,2.305,105.146,9.383,3.42,1.266,,
1809,Nabil Lindstrom,22,CB,Empoli,Serie A,Italy,1,24,18,2103,28.2,54.0,0.084,0.052,0.07,0.052,0.717,0.573,2.6,2.659,1.792,3.998,95.892,5.795,1.797,0.479,,
1810,Ansu Visser,23,FB,Roma,Serie A,Italy,1,12,8,1055,23.5,78.0,0.069,0.111,0.048,0.127,0.985,1.783,3.201,1.508,1.021,1.818,72.201,7.607,5.674,2.059,,
1811,Diego Vlahovic,32,AM,Salernitana,Serie A,Italy,1,10,7,884,22.0,59.0,0.357,0.322,0.326,0.294,4.032,3.829,1.659,1.213,0.827,0.982,92.113,10.674,6.378,4.252,,
1812,Sadio Elneny,20,CM,AC Milan,Serie A,Italy,1,27,21,2411,12.9,46.0,0.103,0.117,0.116,0.166,1.573,1.841,2.398,1.572,1.354,1.503,92.137,10.078,3.33,1.877,,
1813,Rafael Araujo,25,CM,Atalanta,Serie A,Italy,1,30,25,2678,6.4,25.0,0.086,0.113,0.103,0.133,1.468,1.624,2.019,1.55,1.241,1.349,79.732,7.092,4.121,1.756,,
1814,Mikel Smith,21,FB,Fiorentina,Serie A,Italy,1,33,29,2954,12.5,22.0,0.062,0.146,0.043,0.138,1.06,1.471,2.401,1.294,0.923,1.631,79.252,6.29,5.019,1.688,,
1815,Diogo Konaté,27,ST,Verona,Serie A,Italy,1,21,16,1855,19.0,68.0,0.529,0.146,0.486,0.139,4.648,1.615,1.232,0.466,0.335,3.059,83.523,3.033,4.037,1.854,,
1816,Alvaro Visser,17,CB,Lazio,Serie A,Italy,1,20,17,1798,7.1,16.0,0.064,0.053,0.046,0.038,0.775,0.783,2.615,1.994,1.535,3.514,79.438,4.932,1.776,0.448,,
1817,Frenkie van Dijk,27,DM,Verona,Serie A,Italy,1,18,14,1564,15.8,41.0,0.046,0.084,0.035,0.065,0.908,1.4,3.589,2.363,1.426,2.19,92.18,7.236,3.087,1.402,,
1818,Pau Marino,26,GK,Empoli,Serie A,Italy,1,23,22,2043,56.3,105.0,0.01,0.015,0.007,0.006,0.044,0.396,0.308,0.242,0.087,0.279,99.941,3.168,1.08,0.126,88.422,57.726
1819,Victor McKennie,21,W,Fiorentina,Serie A,Italy,1,10,8,844,48.8,159.0,0.343,0.271,0.332,0.294,3.735,3.362,2.126,1.525,0.828,1.059,74.335,7.868,7.62,4.854,,
1820,Antoine Moreno,25,ST,Genoa,Serie A,Italy,1,36,34,3154,8.0,24.0,0.384,0.123,0.339,0.102,3.275,1.131,0.959,0.446,0.299,3.174,77.582,2.757,3.213,2.036,,
1821,Ismail Lee,25,DM,Empoli,Serie A,Italy,1,13,10,1157,40.1,120.0,0.051,0.123,0.055,0.099,1.123,1.385,4.109,2.312,1.924,2.132,95.806,7.253,3.921,1.444,,
1822,Leo Hall,21,FB,Napoli,Serie A,Italy,1,22,18,1902,24.4,42.0,0.047,0.163,0.043,0.146,1.085,1.886,3.71,1.529,1.084,1.922,83.059,6.134,5.122,1.722,,
1823,Virgil Fernandez,26,DM,Empoli,Serie A,Italy,1,8,6,710,40.6,123.0,0.045,0.1,0.038,0.103,1.359,1.699,4.648,3.253,1.782,2.812,99.636,10.21,3.25,2.083,,
1824,James Williams,23,FB,Monza,Serie A,Italy,1,18,16,1541,33.9,65.0,0.077,0.185,0.055,0.157,1.426,2.348,4.174,1.919,1.388,2.368,92.765,8.862,6.016,2.125,,
1825,Sergio Rossi,17,GK,Juventus,Serie A,Italy,1,8,6,683,5.0,12.0,0.005,0.009,0.006,0.006,0.03,0.332,0.127,0.16,0.047,0.144,79.231,1.748,0.48,0.082,77.082,31.351
1826,Victor Martinez,26,FB,Napoli,Serie A,Italy,1,36,26,3183,21.0,38.0,0.049,0.129,0.058,0.126,1.225,1.486,3.24,1.879,1.01,1.84,77.008,5.617,6.189,2.173,,
1827,Marc Suarez,20,CB,Torino,Serie A,Italy,1,19,13,1655,13.8,47.0,0.059,0.042,0.067,0.042,0.739,0.72,2.23,2.169,1.902,3.7,93.171,5.598,1.953,0.505,,
1828,Achraf Santos,29,CB,AC Milan,Serie A,Italy,1,8,5,720,28.8,70.0,0.087,0.05,0.063,0.06,0.842,0.843,2.176,2.36,1.981,4.137,93.93,5.336,2.324,0.584,,
1829,Iker Martinez,35,W,Verona,Serie A,Italy,1,8,6,644,8.9,29.0,0.37,0.295,0.395,0.232,3.377,3.013,2.221,1.037,0.757,1.083,79.138,6.375,7.965,4.258,,
1830,Jan Mbappé,28,DM,Udinese,Serie A,Italy,1,11,9,916,30.6,61.0,0.067,0.107,0.05,0.099,1.179,1.619,4.551,2.853,1.44,2.74,92.414,7.017,3.372,1.581,,
1831,Iker Alves,22,CB,Lecce,Serie A,Italy,1,27,23,2360,26.2,45.0,0.06,0.045,0.082,0.061,0.925,0.676,2.684,2.451,2.002,3.14,76.684,5.516,2.526,0.594,,
1832,Rodri Gordon,27,DM,Genoa,Serie A,Italy,1,18,15,1561,24.1,56.0,0.062,0.091,0.041,0.092,1.276,1.441,4.415,2.567,1.437,2.419,93.442,8.263,3.376,1.717,,
1833,Dani Lewandowski,27,CB,Atalanta,Serie A,Italy,1,36,25,3203,20.0,42.0,0.095,0.063,0.062,0.068,1.064,0.93,3.056,2.052,1.893,4.486,89.411,6.728,2.442,0.666,,
1834,Angel Russo,26,CM,AC Milan,Serie A,Italy,1,22,18,1891,10.7,29.0,0.1,0.157,0.131,0.166,1.581,1.869,2.637,1.774,1.279,1.302,78.971,7.375,3.925,1.847,,
1835,Phil Vlahovic,31,FB,Udinese,Serie A,Italy,1,32,23,2805,18.9,75.0,0.062,0.154,0.054,0.163,1.143,1.691,3.558,1.724,0.94,1.904,75.33,6.881,5.719,1.914,,
1836,Virgil van Dijk,23,W,Salernitana,Serie A,Italy,1,15,10,1315,45.1,128.0,0.314,0.226,0.284,0.287,3.222,3.424,1.683,0.96,0.608,1.012,82.42,5.272,10.264,5.959,,
1837,Leroy Dembélé,23,W,Monza,Serie A,Italy,1,11,9,985,16.4,64.0,0.285,0.172,0.335,0.186,2.819,2.053,1.736,1.252,0.492,1.186,73.596,5.706,6.582,4.837,,
1838,Axel Dembélé,26,CB,Sassuolo,Serie A,Italy,1,22,15,1894,33.5,117.0,0.073,0.065,0.083,0.051,0.946,0.828,2.397,2.91,2.093,5.156,80.904,7.248,2.667,0.59,,
1839,Omar Vecino,24,DM,Juventus,Serie A,Italy,1,32,30,2875,19.3,48.0,0.058,0.074,0.037,0.083,0.841,1.553,4.53,2.661,1.411,2.246,100.286,8.898,2.886,1.608,,
1840,Phil Sobhi,31,CB,Juventus,Serie A,Italy,1,22,19,1931,41.3,103.0,0.116,0.079,0.069,0.092,1.081,0.899,3.018,2.511,2.473,5.194,91.942,8.569,2.065,0.853,,
1841,Nicolas Wilson,23,FB,Napoli,Serie A,Italy,1,19,15,1659,21.2,74.0,0.058,0.132,0.047,0.13,0.986,1.59,3.573,2.192,0.977,1.373,91.304,5.886,5.353,2.13,,
1842,Marc Russo,24,CM,Salernitana,Serie A,Italy,1,13,12,1105,10.2,27.0,0.131,0.124,0.109,0.178,1.416,1.963,2.659,1.507,1.111,1.743,82.59,7.51,3.986,1.633,,
1843,Yves Lindstrom,24,CM,Sassuolo,Serie A,Italy,1,17,15,1487,30.8,58.0,0.145,0.148,0.146,0.189,2.068,2.919,2.729,2.146,1.928,1.97,81.799,9.006,3.792,3.179,,
1844,Marc Bellingham,24,FB,Roma,Serie A,Italy,1,28,20,2439,38.9,63.0,0.063,0.13,0.066,0.131,0.935,2.347,3.609,1.871,1.564,1.661,96.713,7.375,5.411,2.923,,
1845,Romelu Davies,27,W,Lazio,Serie A,Italy,1,31,26,2762,43.0,96.0,0.37,0.229,0.333,0.247,3.686,2.582,1.775,1.482,0.775,0.935,73.283,6.407,8.16,4.624,,
1846,Axel Suarez,22,CB,Atalanta,Serie A,Italy,1,19,14,1653,49.7,170.0,0.094,0.058,0.101,0.049,0.986,0.973,3.19,2.61,1.773,4.521,102.78,6.613,2.483,0.671,,
1847,Rayan Wagner,26,AM,Juventus,Serie A,Italy,1,22,18,1900,22.9,69.0,0.291,0.242,0.251,0.238,2.754,3.915,1.372,1.067,0.93,1.117,76.586,7.72,6.845,4.203,,
1848,Kylian Garcia,21,AM,AC Milan,Serie A,Italy,1,11,8,987,43.0,121.0,0.287,0.311,0.251,0.227,2.888,4.16,1.615,1.206,0.645,1.108,79.72,9.792,8.327,4.061,,
1849,Toby Fernandez,25,GK,Udinese,Serie A,Italy,1,12,9,1019,25.6,74.0,0.006,0.013,0.006,0.007,0.033,0.326,0.198,0.153,0.079,0.202,68.541,2.851,0.625,0.158,71.553,38.758
1850,Ferran Bentancur,30,W,Torino,Serie A,Italy,1,27,22,2412,35.6,128.0,0.423,0.294,0.307,0.215,3.457,2.49,2.384,1.371,0.549,1.172,82.206,6.078,8.379,4.369,,
1851,Nicolo Peters,24,ST,Sassuolo,Serie A,Italy,1,7,5,550,5.4,15.0,0.343,0.117,0.372,0.095,3.662,1.161,0.734,0.372,0.282,2.921,71.265,2.995,3.47,1.988,,
1852,Tomas Ferrari,24,CB,Bologna,Serie A,Italy,1,18,14,1553,69.6,234.0,0.107,0.06,0.082,0.059,1.121,1.022,3.266,2.577,2.227,3.735,91.262,8.978,2.181,0.618,,
1853,Rodri Touré,25,CB,Lazio,Serie A,Italy,1,10,8,828,2.3,7.0,0.044,0.032,0.04,0.033,0.634,0.54,1.937,1.448,1.535,2.776,93.279,5.008,1.36,0.317,,
1854,Ousmane Lindstrom,23,CB,Lazio,Serie A,Italy,1,11,8,949,12.0,35.0,0.059,0.044,0.047,0.041,0.735,0.604,2.312,2.119,1.8,3.655,95.533,6.567,1.966,0.513,,
1855,Leroy Robinson,22,DM,Genoa,Serie A,Italy,1,31,30,2763,73.8,177.0,0.061,0.104,0.063,0.126,1.602,2.077,5.165,3.429,1.628,2.929,87.655,10.393,3.122,1.421,,
1856,Simon Andersen,25,ST,Monza,Serie A,Italy,1,23,22,2004,44.3,130.0,0.667,0.173,0.557,0.148,5.025,1.842,1.301,0.735,0.446,4.324,88.787,5.24,4.97,3.206,,
1857,Moussa Tadic,30,ST,Bologna,Serie A,Italy,1,10,8,856,60.9,205.0,0.599,0.152,0.711,0.189,5.318,1.559,1.507,0.635,0.46,4.814,88.702,4.654,5.504,3.307,,
1858,Neymar Tadic,30,ST,Sassuolo,Serie A,Italy,1,8,6,657,32.3,78.0,0.602,0.191,0.55,0.147,4.654,1.594,1.493,0.61,0.351,4.215,86.214,4.005,3.746,3.583,,
1859,Darwin Alves,26,FB,Juventus,Serie A,Italy,1,11,9,922,28.8,47.0,0.065,0.143,0.057,0.156,1.329,2.167,3.429,2.143,1.141,1.439,93.574,6.891,5.714,1.868,,
1860,Emil Taylor,21,AM,Inter Milan,Serie A,Italy,1,9,6,783,15.8,43.0,0.269,0.212,0.204,0.231,3.059,2.972,1.215,0.844,0.613,1.06,90.808,8.047,7.14,4.099,,
1861,Lautaro Marino,28,W,Roma,Serie A,Italy,1,18,13,1563,18.4,28.0,0.265,0.197,0.229,0.183,3.597,2.338,2.039,0.95,0.583,0.809,72.015,5.344,6.51,4.736,,
1862,Pierre Pereira,24,GK,Monza,Serie A,Italy,1,13,10,1126,29.8,70.0,0.008,0.012,0.008,0.007,0.032,0.423,0.239,0.266,0.093,0.248,80.504,2.589,1.0,0.14,86.612,45.315
1863,Hakim Suarez,32,CM,AC Milan,Serie A,Italy,1,23,18,1996,2.1,4.0,0.072,0.105,0.094,0.111,1.551,1.761,1.999,1.375,1.111,1.193,82.437,7.314,2.873,1.519,,
1864,Nicolo Marino,27,CB,Udinese,Serie A,Italy,1,24,22,2110,20.2,70.0,0.064,0.059,0.056,0.068,0.895,0.733,3.126,2.369,1.884,4.539,98.694,6.635,2.335,0.423,,
1865,Patrick Foden,20,GK,Udinese,Serie A,Italy,1,32,30,2865,46.2,180.0,0.007,0.015,0.008,0.008,0.034,0.367,0.231,0.313,0.066,0.212,76.386,4.329,1.035,0.192,78.347,63.16
1866,Robin Eriksen,24,CM,AC Milan,Serie A,Italy,1,15,12,1292,16.5,42.0,0.1,0.15,0.113,0.144,1.969,2.053,2.63,1.465,1.295,1.913,82.166,8.576,3.754,1.793,,
1867,Omar Tadic,30,AM,Empoli,Serie A,Italy,1,22,16,1897,13.8,27.0,0.226,0.244,0.239,0.266,2.785,4.097,1.225,0.905,0.746,1.152,89.073,8.454,5.724,4.033,,
1868,Martin van Dijk,26,ST,Frosinone,Serie A,Italy,1,23,20,2008,47.2,89.0,0.574,0.148,0.7,0.192,5.717,2.17,0.982,0.723,0.407,4.113,84.227,5.011,4.023,2.873,,
1869,Harry Meyer,24,DM,Empoli,Serie A,Italy,1,35,30,3121,20.5,42.0,0.053,0.099,0.04,0.086,1.242,1.695,3.677,2.657,1.817,2.277,93.356,7.831,3.453,1.176,,
1870,David Mbappé,30,CM,Roma,Serie A,Italy,1,33,30,2905,39.6,123.0,0.144,0.248,0.152,0.177,1.599,2.338,2.852,2.023,1.946,2.527,83.408,7.968,5.239,2.399,,
1871,Vitinha van Dijk,33,W,Frosinone,Serie A,Italy,1,22,15,1937,22.1,39.0,0.337,0.24,0.373,0.229,3.869,3.376,2.655,1.37,0.738,1.478,92.831,6.986,9.225,5.353,,
1872,Timothy Kim,27,FB,Juventus,Serie A,Italy,1,24,21,2146,11.3,36.0,0.045,0.128,0.046,0.15,0.927,1.436,2.622,1.692,1.037,1.887,86.048,6.376,4.533,2.004,,
1873,Eric Sousa,23,DM,Inter Milan,Serie A,Italy,1,37,26,3248,23.8,93.0,0.052,0.084,0.045,0.115,1.279,1.503,3.912,2.858,1.339,2.538,80.664,9.332,3.179,1.782,,
1874,Pablo Diaz,26,CM,Inter Milan,Serie A,Italy,1,33,28,2911,23.7,94.0,0.123,0.138,0.1,0.144,1.787,1.807,2.572,1.564,1.725,2.003,84.512,9.074,4.042,2.247,,
1875,Sofiane Tadic,27,W,Juventus,Serie A,Italy,1,23,19,2011,43.1,161.0,0.373,0.192,0.317,0.223,4.017,2.938,1.838,1.416,0.466,1.311,90.465,6.601,9.148,4.987,,
1876,Christian Sobhi,23,CB,AC Milan,Serie A,Italy,1,19,14,1702,47.1,133.0,0.108,0.057,0.111,0.061,1.074,0.982,3.321,3.404,2.08,5.448,98.753,5.198,2.48,0.76,,
1877,Luka Lopez,21,FB,Bologna,Serie A,Italy,1,29,26,2601,59.9,133.0,0.089,0.169,0.063,0.192,1.53,1.886,3.221,2.284,1.155,1.886,91.967,8.017,5.865,1.819,,
1878,Florian Visser,26,W,Roma,Serie A,Italy,1,8,5,706,40.2,83.0,0.316,0.222,0.316,0.32,3.728,2.733,2.695,1.208,0.705,1.226,79.416,6.073,8.817,4.202,,
1879,Leroy Taylor,25,CB,Fiorentina,Serie A,Italy,1,14,13,1189,18.1,58.0,0.074,0.056,0.06,0.051,0.962,0.59,2.766,1.828,1.974,3.726,87.213,7.158,2.322,0.552,,
1880,Martin Brown,22,AM,Inter Milan,Serie A,Italy,1,33,25,2970,27.5,90.0,0.306,0.208,0.274,0.245,3.193,3.421,1.41,1.14,0.575,1.082,93.903,8.562,6.31,3.934,,
1881,Renato Robinson,22,W,Empoli,Serie A,Italy,1,18,15,1557,43.8,142.0,0.377,0.313,0.386,0.231,3.681,2.787,2.193,1.376,0.629,1.174,80.272,7.076,7.989,5.622,,
1882,Moussa Johnson,30,DM,Atalanta,Serie A,Italy,1,36,29,3229,24.3,73.0,0.054,0.09,0.046,0.098,1.244,1.686,3.502,2.674,1.7,2.276,95.929,9.407,3.278,1.551,,
1883,Florian Pereira,35,CB,Frosinone,Serie A,Italy,1,5,4,424,7.0,17.0,0.109,0.051,0.095,0.072,1.203,0.829,3.681,2.598,1.966,4.373,93.353,6.618,2.084,0.67,,
1884,Leon Wirtz,27,FB,Empoli,Serie A,Italy,1,17,13,1507,14.4,36.0,0.063,0.114,0.057,0.147,1.018,1.396,3.426,1.622,1.179,1.742,92.464,6.922,4.59,2.093,,
1885,Joshua Pulisic,23,CM,Lecce,Serie A,Italy,1,20,16,1714,14.4,35.0,0.143,0.132,0.096,0.166,2.065,1.9,2.691,1.914,1.313,1.832,80.769,10.254,4.07,2.262,,
1886,Lautaro Smith,24,FB,Atalanta,Serie A,Italy,1,19,14,1624,45.7,74.0,0.091,0.177,0.084,0.173,1.39,1.886,3.183,2.197,1.512,1.958,77.563,9.434,6.649,2.794,,
1887,Rayan de Jong,29,W,Cagliari,Serie A,Italy,1,7,5,602,9.6,32.0,0.304,0.169,0.209,0.195,2.868,2.236,1.559,0.969,0.542,0.814,76.887,5.979,6.946,4.303,,
1888,Matteo Tah,29,GK,Torino,Serie A,Italy,1,19,16,1656,53.4,149.0,0.007,0.015,0.01,0.007,0.051,0.473,0.24,0.226,0.095,0.292,76.87,4.106,1.078,0.159,73.884,54.488
1889,Kalidou Romano,24,W,Lazio,Serie A,Italy,1,23,19,2047,28.1,72.0,0.302,0.24,0.275,0.223,2.979,2.94,2.052,1.306,0.755,1.307,74.788,4.633,6.686,4.907,,
1890,Angel Alves,30,DM,Roma,Serie A,Italy,1,19,17,1650,4.6,9.0,0.029,0.061,0.023,0.059,0.851,1.271,3.853,2.067,1.105,1.805,76.948,6.376,2.501,0.923,,
1891,Matthijs Odegaard,22,GK,Lazio,Serie A,Italy,1,33,28,2936,32.4,120.0,0.008,0.012,0.007,0.005,0.036,0.415,0.177,0.183,0.069,0.207,70.787,2.637,0.774,0.133,77.524,48.201
1892,Simon Kiwior,28,FB,AC Milan,Serie A,Italy,1,35,25,3071,4.0,10.0,0.039,0.103,0.038,0.111,0.85,1.658,2.849,1.335,0.716,1.435,88.891,6.584,3.763,1.863,,
1893,Alexander Mendes,24,AM,Genoa,Serie A,Italy,1,8,7,711,49.2,111.0,0.256,0.286,0.253,0.344,3.768,3.45,1.652,1.04,0.96,1.078,82.346,8.994,6.815,4.606,,
1894,Bukayo Weber,23,CM,Atalanta,Serie A,Italy,1,22,15,1934,34.2,66.0,0.119,0.168,0.137,0.174,2.206,2.74,2.882,1.603,1.913,2.266,96.826,8.621,4.289,2.234,,
1895,Leo Wirtz,30,FB,Lazio,Serie A,Italy,1,20,17,1780,13.0,33.0,0.066,0.113,0.048,0.156,0.839,1.292,3.291,1.68,1.052,1.502,77.429,7.003,4.86,1.761,,
1896,Jamal Hall,26,AM,Napoli,Serie A,Italy,1,12,9,1046,37.0,137.0,0.359,0.285,0.327,0.309,3.404,3.883,1.359,1.155,0.68,1.19,77.628,10.324,7.522,3.95,,
1897,Robert Lindstrom,23,ST,Udinese,Serie A,Italy,1,25,20,2201,63.8,167.0,0.77,0.215,0.579,0.203,5.597,2.3,1.278,0.688,0.494,5.242,85.262,4.469,5.652,2.785,,
1898,Adama Martinez,29,GK,Juventus,Serie A,Italy,1,25,19,2161,27.8,62.0,0.008,0.018,0.008,0.007,0.043,0.324,0.21,0.166,0.084,0.184,84.785,3.354,0.732,0.142,83.726,39.933
1899,Raphael Mendes,24,CM,Genoa,Serie A,Italy,1,30,26,2643,59.0,174.0,0.226,0.288,0.134,0.221,2.285,3.01,2.877,2.343,1.664,2.578,104.286,10.955,5.393,3.037,,
1900,Simon Lindstrom,22,CM,Frosinone,Serie A,Italy,1,25,22,2166,25.8,82.0,0.139,0.147,0.159,0.161,1.713,2.558,2.215,1.739,1.277,2.208,90.988,8.152,4.298,2.269,,
1901,Edouard Sousa,25,GK,Juventus,Serie A,Italy,1,27,23,2429,13.9,22.0,0.006,0.01,0.006,0.005,0.03,0.295,0.177,0.172,0.072,0.169,74.485,2.304,0.685,0.118,68.941,34.986
1902,Luka Bakker,27,AM,Salernitana,Serie A,Italy,1,34,28,3008,24.2,75.0,0.279,0.245,0.255,0.263,3.07,4.202,1.595,1.01,0.631,1.252,71.377,7.989,6.047,3.626,,
1903,Matteo Vecino,24,DM,Atalanta,Serie A,Italy,1,6,5,540,7.1,23.0,0.035,0.061,0.033,0.072,0.907,1.212,3.536,2.442,1.344,1.994,76.645,7.536,2.196,1.043,,
1904,Enzo Diallo,17,W,Verona,Serie A,Italy,1,9,7,796,14.8,28.0,0.392,0.199,0.236,0.262,3.001,2.339,1.64,1.057,0.521,0.877,93.592,4.779,8.027,4.211,,
1905,Youssef de Jong,22,ST,Lecce,Serie A,Italy,1,31,26,2757,57.6,150.0,0.805,0.162,0.425,0.143,5.276,2.186,1.48,0.636,0.51,4.482,79.643,5.75,4.281,3.021,,
1906,Paulo Lookman,32,DM,Monza,Serie A,Italy,1,17,15,1467,40.8,114.0,0.075,0.126,0.063,0.11,1.499,2.3,5.437,2.863,2.012,2.74,99.956,9.643,4.6,2.058,,
1907,Raphael Sobhi,24,AM,AC Milan,Serie A,Italy,1,20,17,1749,3.5,6.0,0.216,0.169,0.188,0.214,2.122,2.919,1.12,0.715,0.605,0.778,69.549,5.514,6.439,3.299,,
1908,Christian White,24,CB,Empoli,Serie A,Italy,1,12,10,1062,59.5,192.0,0.113,0.072,0.112,0.074,1.192,1.028,2.673,2.714,2.449,5.324,100.37,8.188,2.521,0.699,,
1909,Ruben Andersen,30,W,Empoli,Serie A,Italy,1,17,13,1489,11.7,46.0,0.294,0.168,0.233,0.182,2.769,2.121,1.512,0.836,0.537,0.909,69.896,4.255,7.011,3.986,,
1910,Daichi Mbappé,24,CM,Atalanta,Serie A,Italy,1,34,31,3045,13.4,34.0,0.11,0.127,0.116,0.185,1.561,2.112,2.321,1.913,1.143,1.397,84.329,8.229,3.892,1.817,,
1911,Leandro Son,32,CM,Inter Milan,Serie A,Italy,1,18,14,1589,12.8,23.0,0.111,0.16,0.106,0.196,1.683,2.603,2.623,2.2,1.62,1.941,96.232,7.761,5.168,2.655,,
1912,Eric Ndidi,21,ST,Roma,Serie A,Italy,1,28,22,2477,48.7,107.0,0.708,0.147,0.493,0.115,4.729,1.825,1.041,0.763,0.388,4.313,75.78,4.417,4.222,2.086,,
1913,Daniel van Dijk,23,W,Bologna,Serie A,Italy,1,36,33,3166,11.8,39.0,0.273,0.237,0.301,0.241,2.987,2.781,1.983,0.815,0.638,0.794,87.497,4.803,6.809,4.19,,
1914,Alexis Hernandez,31,W,Genoa,Serie A,Italy,1,33,25,2915,18.2,61.0,0.36,0.238,0.338,0.228,3.988,2.984,1.833,0.913,0.431,0.908,88.204,6.004,8.402,4.477,,
1915,Angel Garcia,27,CB,Inter Milan,Serie A,Italy,1,7,5,597,20.1,66.0,0.097,0.05,0.069,0.071,1.042,0.904,2.884,2.405,1.886,3.957,96.999,6.386,2.487,0.619,,
1916,Rayan Hegazi,22,CM,Frosinone,Serie A,Italy,1,29,24,2536,26.4,78.0,0.128,0.167,0.109,0.162,1.738,2.567,2.897,1.776,1.619,1.517,82.759,9.58,4.071,1.683,,
1917,Ansu Kamada,25,W,Salernitana,Serie A,Italy,1,29,28,2533,14.0,45.0,0.353,0.229,0.29,0.232,3.406,3.121,1.908,1.011,0.604,1.108,88.363,5.723,8.631,4.155,,
1918,Angel Trezeguet,22,CM,Torino,Serie A,Italy,1,32,25,2838,14.3,44.0,0.098,0.139,0.131,0.156,1.654,1.83,2.247,1.295,1.156,1.758,82.054,8.004,4.295,1.646,,
1919,Lautaro Elneny,30,CM,Lazio,Serie A,Italy,1,12,9,1065,53.2,189.0,0.18,0.212,0.158,0.214,1.751,2.997,3.439,1.826,1.432,1.662,91.087,8.677,4.874,2.336,,
1920,Tomas Torres,25,W,AC Milan,Serie A,Italy,1,15,12,1317,62.2,148.0,0.433,0.345,0.302,0.284,3.866,3.13,2.31,1.071,0.57,1.181,85.828,7.088,9.91,6.794,,
1921,Mohamed Haaland,27,ST,Salernitana,Serie A,Italy,1,10,9,860,30.7,109.0,0.494,0.111,0.613,0.144,4.615,1.731,1.301,0.554,0.376,3.444,82.633,3.954,3.452,2.044,,
1922,Florian Bellingham,24,CB,Frosinone,Serie A,Italy,1,22,19,1939,18.8,38.0,0.076,0.055,0.051,0.056,0.793,0.76,2.933,2.276,2.269,3.361,79.398,6.654,2.104,0.61,,
1923,Alexander Iwobi,25,CM,Monza,Serie A,Italy,1,30,26,2694,5.1,18.0,0.105,0.104,0.077,0.119,1.639,1.806,1.997,1.59,1.255,1.396,98.284,6.914,3.407,1.463,,
1924,Andre Walker,25,ST,Verona,Serie A,Italy,1,36,27,3179,22.3,37.0,0.5,0.142,0.48,0.157,4.305,1.645,1.019,0.641,0.392,4.523,93.692,3.269,4.371,2.981,,
1925,Emil Park,23,CM,Empoli,Serie A,Italy,1,27,23,2410,29.8,77.0,0.147,0.243,0.151,0.238,2.421,2.212,2.884,2.271,1.621,1.804,92.991,11.382,5.365,3.011,,
1926,Christian Pereira,27,CB,Frosinone,Serie A,Italy,1,31,24,2752,20.9,35.0,0.073,0.045,0.064,0.045,0.749,0.711,2.419,2.233,1.663,4.636,78.857,4.999,1.814,0.598,,
1927,Marcus Iwobi,27,ST,Napoli,Serie A,Italy,1,7,6,608,11.0,40.0,0.398,0.102,0.398,0.096,3.79,1.219,0.78,0.479,0.36,3.006,83.88,2.792,3.688,2.208,,
1928,Marcelo Gordon,27,CB,AC Milan,Serie A,Italy,1,18,14,1544,11.9,43.0,0.067,0.049,0.058,0.045,0.94,0.785,2.8,2.296,2.275,4.132,81.426,4.624,1.958,0.495,,
1929,Diogo Lewandowski,27,GK,Frosinone,Serie A,Italy,1,24,21,2145,15.0,33.0,0.006,0.012,0.005,0.006,0.026,0.37,0.176,0.149,0.058,0.136,73.432,2.522,0.567,0.096,64.942,35.961
1930,Alvaro de Ligt,25,GK,Frosinone,Serie A,Italy,1,17,16,1510,45.2,166.0,0.009,0.014,0.009,0.009,0.038,0.554,0.213,0.2,0.085,0.268,83.773,3.618,0.705,0.131,71.823,49.484
1931,Max White,22,CM,Udinese,Serie A,Italy,1,35,26,3129,49.2,148.0,0.133,0.208,0.147,0.194,1.901,2.798,2.952,2.517,1.729,2.263,79.404,9.163,4.593,1.928,,
1932,Joao Wilson,22,CB,Fiorentina,Serie A,Italy,1,29,21,2543,19.3,59.0,0.081,0.051,0.066,0.04,0.913,0.69,2.107,1.917,1.628,3.38,100.731,5.634,2.27,0.501,,
1933,William Konaté,24,GK,Napoli,Serie A,Italy,1,11,10,968,38.1,152.0,0.007,0.012,0.006,0.007,0.047,0.368,0.182,0.211,0.092,0.217,91.363,2.505,0.813,0.169,75.933,41.131
1934,Serge Fernandez,28,DM,Empoli,Serie A,Italy,1,14,9,1172,8.8,24.0,0.046,0.061,0.034,0.077,0.894,1.047,4.042,2.504,1.544,2.486,91.65,6.612,2.308,1.172,,
1935,Yves Oliveira,28,ST,AC Milan,Serie A,Italy,1,22,17,1908,16.9,62.0,0.463,0.12,0.413,0.131,4.063,1.472,1.055,0.444,0.388,2.874,82.061,2.949,2.897,2.077,,
1936,Julian Fischer,27,GK,Napoli,Serie A,Italy,1,18,14,1549,18.2,56.0,0.007,0.01,0.007,0.006,0.032,0.354,0.151,0.216,0.067,0.149,84.027,2.831,0.773,0.103,82.278,33.225
1937,Amadou Taylor,29,DM,Salernitana,Serie A,Italy,1,24,21,2110,35.6,60.0,0.068,0.086,0.046,0.096,1.182,1.786,4.102,2.885,1.586,2.716,95.11,8.961,3.332,1.959,,
1938,Axel Bassey,25,DM,Inter Milan,Serie A,Italy,1,30,28,2637,26.5,50.0,0.065,0.067,0.049,0.103,1.197,1.578,4.635,2.707,1.478,2.503,78.948,8.038,3.186,1.28,,
1939,Nicolas Sousa,24,CB,Juventus,Serie A,Italy,1,9,6,777,27.1,99.0,0.081,0.04,0.059,0.061,0.88,0.672,2.75,2.825,2.039,4.29,89.574,6.02,2.519,0.553,,
1940,Julian Son,30,GK,Napoli,Serie A,Italy,1,22,19,1958,27.4,89.0,0.007,0.018,0.007,0.006,0.033,0.426,0.224,0.276,0.08,0.261,82.765,3.469,0.769,0.163,81.911,33.684
1941,Casemiro Pulisic,25,CM,Empoli,Serie A,Italy,1,10,8,885,3.5,9.0,0.082,0.103,0.093,0.14,1.366,1.757,1.834,1.401,1.138,1.529,84.401,6.721,3.734,1.662,,
1942,Lucas de Ligt,32,W,AC Milan,Serie A,Italy,1,19,14,1699,2.4,6.0,0.226,0.167,0.251,0.173,2.424,1.992,1.454,0.908,0.454,0.807,85.48,4.618,5.12,3.904,,
1943,Samuel Muller,23,CM,Cagliari,Serie A,Italy,1,27,22,2415,12.0,33.0,0.122,0.164,0.102,0.168,1.792,2.01,1.911,1.28,1.212,1.495,75.191,7.515,4.092,1.856,,
1944,Ryan Smith,21,ST,Lazio,Serie A,Italy,1,28,20,2483,25.6,66.0,0.461,0.142,0.54,0.171,5.045,1.476,1.169,0.66,0.359,3.234,86.876,3.741,3.716,2.272,,
1945,Marcus Bakker,27,CB,Fiorentina,Serie A,Italy,1,25,21,2185,18.6,36.0,0.102,0.054,0.061,0.044,0.944,0.902,2.822,2.545,2.312,3.21,104.248,6.298,2.073,0.547,,
1946,Robin Mbappé,24,FB,Udinese,Serie A,Italy,1,27,22,2344,45.0,162.0,0.088,0.154,0.06,0.174,1.285,1.864,3.591,1.67,1.536,2.531,100.127,8.13,5.531,2.508,,
1947,Kylian Fischer,27,CB,Bologna,Serie A,Italy,1,29,22,2595,12.4,48.0,0.08,0.053,0.072,0.041,0.746,0.69,2.725,2.271,2.059,3.034,95.575,5.97,1.834,0.479,,
1948,Emil Araujo,26,FB,Juventus,Serie A,Italy,1,20,14,1724,20.0,35.0,0.067,0.162,0.061,0.179,1.149,1.897,2.953,1.77,0.895,1.784,77.899,5.862,4.792,2.24,,
1949,Ismail Muller,23,GK,Cagliari,Serie A,Italy,1,16,14,1432,3.7,9.0,0.004,0.01,0.005,0.004,0.021,0.29,0.118,0.154,0.041,0.13,60.0,2.306,0.47,0.075,59.259,26.506
1950,Mikel Rossi,31,GK,Empoli,Serie A,Italy,1,22,19,1905,23.8,63.0,0.008,0.015,0.007,0.007,0.05,0.377,0.273,0.303,0.086,0.238,81.805,3.811,0.65,0.144,86.522,45.116
1951,Daichi Ferrari,22,W,Lorient,Ligue 1,France,1,31,24,2787,13.6,50.0,0.301,0.208,0.262,0.213,3.231,2.766,1.333,1.09,0.462,0.885,79.52,4.025,7.806,3.443,,
1952,Kevin Musiala,23,DM,Brest,Ligue 1,France,1,35,29,3121,12.9,41.0,0.044,0.075,0.039,0.087,0.844,1.639,3.643,2.365,1.447,2.254,81.69,6.664,2.908,1.18,,
1953,Kevin Rossi,20,W,Lyon,Ligue 1,France,1,9,6,791,8.8,21.0,0.324,0.173,0.232,0.176,2.812,2.352,1.453,0.826,0.401,1.016,85.593,5.501,7.518,3.765,,
1954,Leandro Bakker,19,W,Toulouse,Ligue 1,France,1,12,10,1037,29.4,93.0,0.308,0.175,0.35,0.246,3.591,3.424,2.292,1.06,0.561,1.35,78.421,6.197,7.965,5.993,,
1955,Diego Aaronson,29,AM,Lens,Ligue 1,France,1,29,21,2607,31.7,68.0,0.374,0.316,0.358,0.317,3.013,4.165,1.63,1.59,0.817,1.129,78.804,9.589,8.078,3.872,,
1956,Alejandro Hernandez,20,CB,Lorient,Ligue 1,France,1,33,26,2967,17.8,55.0,0.073,0.05,0.059,0.061,0.811,0.683,3.017,2.451,1.869,3.59,77.395,5.149,1.839,0.555,,
1957,Ruben Zurkowski,25,GK,Clermont,Ligue 1,France,1,35,24,3146,14.1,23.0,0.008,0.012,0.006,0.005,0.031,0.389,0.174,0.171,0.062,0.195,70.921,2.382,0.783,0.122,66.209,39.556
1958,Mohamed Milinkovic-Savic,26,CM,Monaco,Ligue 1,France,1,14,12,1221,24.1,73.0,0.167,0.197,0.13,0.234,2.159,2.686,2.689,1.458,1.729,1.652,92.505,8.382,3.633,1.902,,
1959,Thomas Ndidi,24,CB,Toulouse,Ligue 1,France,1,12,10,1060,6.3,25.0,0.069,0.037,0.047,0.038,0.849,0.604,2.37,1.775,1.63,3.638,83.502,4.975,1.743,0.438,,
1960,Raphael de Ligt,23,CM,Reims,Ligue 1,France,1,8,7,652,33.6,87.0,0.187,0.196,0.135,0.238,2.087,2.619,2.559,2.253,1.321,2.082,97.92,9.99,5.656,2.56,,
1961,Paulo Park,27,W,Marseille,Ligue 1,France,1,15,13,1298,43.8,121.0,0.411,0.221,0.386,0.272,4.368,2.988,2.808,1.45,0.75,1.03,87.383,6.514,9.267,6.432,,
1962,Kevin Park,30,CB,PSG,Ligue 1,France,1,18,15,1570,45.8,136.0,0.098,0.092,0.105,0.087,0.981,0.867,3.713,2.521,2.758,5.49,98.701,9.2,2.194,0.587,,
1963,Hugo Vlahovic,33,AM,Lille,Ligue 1,France,1,9,6,778,13.3,44.0,0.299,0.262,0.28,0.245,2.596,4.007,1.248,0.99,0.614,0.973,98.126,7.104,6.767,3.598,,
1964,Iker Kiwior,28,CB,Lyon,Ligue 1,France,1,29,27,2524,15.4,32.0,0.067,0.056,0.055,0.056,0.835,0.609,2.368,1.817,1.742,4.551,100.139,4.987,2.206,0.673,,
1965,James Musah,22,W,Nice,Ligue 1,France,1,25,23,2171,16.7,36.0,0.267,0.171,0.217,0.242,3.7,2.61,1.544,1.073,0.546,1.04,75.278,6.341,8.106,5.068,,
1966,Phil Ramirez,35,W,Lyon,Ligue 1,France,1,11,7,914,3.0,7.0,0.285,0.179,0.254,0.223,3.394,2.733,1.888,1.183,0.588,0.959,79.871,4.8,6.48,5.115,,
1967,Luis Davies,26,CM,Brest,Ligue 1,France,1,12,10,1028,23.1,67.0,0.115,0.163,0.105,0.201,1.712,1.861,3.107,1.773,1.598,1.614,91.278,9.416,4.086,2.076,,
1968,Paulo Ndidi,24,CM,Lyon,Ligue 1,France,1,7,6,616,6.1,13.0,0.102,0.139,0.088,0.168,1.714,1.965,2.581,1.533,1.305,1.391,74.015,8.655,3.6,1.847,,
1969,Moussa Meyer,20,CB,Nantes,Ligue 1,France,1,26,19,2340,10.7,29.0,0.08,0.044,0.057,0.037,0.825,0.731,1.846,2.078,1.803,3.122,100.047,4.844,1.96,0.496,,
1970,Leroy Silva,29,GK,Lorient,Ligue 1,France,1,36,28,3233,22.5,77.0,0.008,0.015,0.009,0.007,0.045,0.347,0.247,0.193,0.083,0.206,101.448,3.105,0.814,0.19,81.655,44.171
1971,Youssef Mbappé,17,CB,Brest,Ligue 1,France,1,10,9,857,20.6,72.0,0.103,0.074,0.085,0.084,1.057,1.047,3.197,2.834,2.006,4.865,89.437,5.55,2.264,0.742,,
1972,Lautaro Rossi,28,CM,Clermont,Ligue 1,France,1,28,24,2487,21.9,62.0,0.15,0.167,0.148,0.174,2.287,1.924,3.166,1.709,1.446,1.542,98.368,8.886,3.746,1.658,,
1973,Darwin Lopez,27,ST,Nice,Ligue 1,France,1,31,25,2718,62.0,156.0,0.649,0.23,0.53,0.23,5.643,2.3,1.465,0.801,0.459,4.88,97.75,4.739,4.593,3.637,,
1974,Bukayo Szczesny,30,W,Lyon,Ligue 1,France,1,20,17,1767,31.6,86.0,0.518,0.276,0.352,0.334,3.466,3.818,1.721,1.459,0.661,1.124,93.532,5.652,8.332,5.011,,
1975,Ivan Walker,24,CB,Lens,Ligue 1,France,1,27,25,2372,11.9,27.0,0.051,0.046,0.061,0.037,0.708,0.754,2.59,1.908,2.048,3.258,90.396,5.095,1.628,0.44,,
1976,Luka Visser,24,CB,Clermont,Ligue 1,France,1,26,21,2270,28.4,63.0,0.088,0.059,0.063,0.064,0.883,0.945,2.871,2.952,2.11,5.022,86.896,5.639,2.283,0.612,,
1977,Kalidou Elneny,33,W,Montpellier,Ligue 1,France,1,19,17,1660,15.8,27.0,0.322,0.203,0.299,0.215,3.202,2.849,1.709,1.02,0.586,1.113,78.582,5.068,8.842,4.423,,
1978,Diogo Son,28,CM,Nice,Ligue 1,France,1,25,17,2231,15.0,53.0,0.103,0.182,0.1,0.16,1.781,2.044,2.688,1.498,1.498,1.32,79.87,7.638,3.656,2.058,,
1979,Leandro Hall,29,CB,Nice,Ligue 1,France,1,32,25,2833,11.6,45.0,0.064,0.057,0.058,0.046,0.811,0.601,2.383,2.166,2.088,3.789,92.445,4.71,2.163,0.532,,
1980,Darwin Onyeka,21,W,Reims,Ligue 1,France,1,21,15,1804,18.9,55.0,0.31,0.205,0.304,0.233,2.828,2.544,1.954,1.302,0.521,1.03,75.535,4.635,7.142,4.629,,
1981,Renato Ricci,26,ST,Lille,Ligue 1,France,1,14,11,1227,40.9,118.0,0.693,0.165,0.523,0.16,4.208,1.904,1.106,0.705,0.482,4.804,87.537,3.917,3.677,2.781,,
1982,Mohamed Andersen,27,DM,Nantes,Ligue 1,France,1,12,8,1047,16.7,37.0,0.042,0.072,0.033,0.096,1.076,1.426,3.699,2.841,1.282,2.271,100.724,8.414,2.747,1.342,,
1983,Matthijs Grimaldo,25,GK,Marseille,Ligue 1,France,1,9,7,751,27.9,70.0,0.006,0.014,0.007,0.007,0.034,0.489,0.229,0.173,0.072,0.181,80.401,3.052,0.778,0.129,74.952,39.837
1984,Leo Visser,29,W,Lens,Ligue 1,France,1,12,9,999,39.0,125.0,0.459,0.214,0.38,0.277,3.363,3.224,1.796,1.132,0.697,1.037,90.832,6.173,8.336,4.745,,
1985,Kylian Gudelj,28,AM,PSG,Ligue 1,France,1,13,9,1133,13.6,33.0,0.272,0.245,0.276,0.222,3.17,3.1,1.286,0.935,0.666,1.184,86.057,9.742,6.707,3.97,,
1986,Marcus Walker,23,FB,Nantes,Ligue 1,France,1,36,32,3204,15.5,33.0,0.056,0.134,0.056,0.136,1.239,1.462,2.821,1.795,1.139,1.464,83.685,7.18,5.277,1.886,,
1987,Renato Santos,23,DM,Lille,Ligue 1,France,1,17,13,1492,22.3,67.0,0.049,0.087,0.047,0.075,1.056,1.567,3.996,2.791,1.424,2.637,88.12,7.554,2.97,1.391,,
1988,Daniel Camara,27,DM,Lens,Ligue 1,France,1,36,32,3153,30.4,76.0,0.058,0.091,0.05,0.095,1.003,1.601,3.47,2.7,1.459,2.3,100.616,6.621,3.212,1.245,,
1989,Vitinha Hall,22,CB,Strasbourg,Ligue 1,France,1,8,5,652,33.0,107.0,0.082,0.06,0.069,0.044,1.075,0.865,2.359,2.702,1.898,3.844,89.536,6.129,2.253,0.722,,
1990,Casemiro Andersen,24,CM,Metz,Ligue 1,France,1,22,15,1907,14.5,54.0,0.121,0.183,0.121,0.169,1.68,2.512,2.417,1.62,1.455,1.708,85.575,8.77,4.01,2.221,,
1991,Emil Fischer,29,CB,Lille,Ligue 1,France,1,17,11,1496,48.5,115.0,0.085,0.091,0.108,0.07,1.19,1.002,3.06,3.056,2.102,5.681,107.437,7.341,2.402,0.875,,
1992,Sandro Son,30,FB,Clermont,Ligue 1,France,1,34,29,2986,39.9,101.0,0.076,0.165,0.071,0.174,1.055,1.775,4.509,2.459,1.363,2.703,93.6,6.187,5.799,2.613,,
1993,Rafa Lindstrom,26,AM,Clermont,Ligue 1,France,1,16,12,1389,12.3,38.0,0.238,0.237,0.259,0.25,3.052,3.019,1.7,0.831,0.725,1.083,75.174,6.739,5.902,3.29,,
1994,Nabil Lewandowski,26,FB,Le Havre,Ligue 1,France,1,22,16,1959,3.7,10.0,0.046,0.108,0.041,0.113,0.759,1.126,2.707,1.532,0.849,1.387,77.81,5.321,3.667,1.831,,
1995,Vitinha Palmer,25,W,Marseille,Ligue 1,France,1,13,9,1105,3.0,12.0,0.214,0.134,0.208,0.202,2.401,2.493,1.558,0.685,0.519,0.842,67.383,4.694,5.729,3.736,,
1996,Daichi Zurkowski,26,ST,Lorient,Ligue 1,France,1,27,26,2417,24.0,46.0,0.475,0.189,0.545,0.19,5.885,1.587,1.163,0.578,0.413,4.251,66.746,4.58,4.738,3.309,,
1997,Phil Andersen,20,ST,PSG,Ligue 1,France,1,15,13,1319,28.4,77.0,0.61,0.156,0.559,0.144,4.548,1.425,1.471,0.745,0.359,4.076,93.3,3.809,3.103,2.708,,
1998,Pierre Tadic,26,AM,Le Havre,Ligue 1,France,1,36,27,3225,5.5,9.0,0.256,0.198,0.198,0.251,2.07,3.066,1.33,0.951,0.484,0.922,75.092,5.941,5.519,3.234,,
1999,Ferran Szczesny,31,CM,PSG,Ligue 1,France,1,26,25,2320,28.8,92.0,0.165,0.19,0.165,0.228,2.02,2.322,3.772,2.12,1.841,2.118,76.969,12.042,4.816,2.439,,
2000,Iker Fischer,30,FB,Montpellier,Ligue 1,France,1,33,22,2913,24.2,88.0,0.078,0.122,0.054,0.188,1.205,1.91,3.235,1.866,1.142,2.544,92.523,6.677,5.712,2.512,,
2001,Declan Schlotterbeck,28,W,Monaco,Ligue 1,France,1,12,10,1069,16.9,60.0,0.334,0.19,0.251,0.266,3.099,2.078,1.34,0.942,0.534,1.081,92.267,4.603,7.237,4.825,,
2002,Casemiro Schlotterbeck,31,GK,Reims,Ligue 1,France,1,22,20,1928,17.8,58.0,0.006,0.012,0.006,0.006,0.034,0.306,0.154,0.223,0.056,0.226,74.513,2.986,0.731,0.155,77.663,35.635
2003,Joshua Osimhen,27,AM,Montpellier,Ligue 1,France,1,19,14,1675,45.0,136.0,0.308,0.264,0.298,0.358,3.383,3.419,2.151,1.142,0.818,1.565,73.725,8.157,8.817,5.182,,
2004,Daniel Hernandez,21,W,Lorient,Ligue 1,France,1,11,9,923,8.7,31.0,0.239,0.15,0.248,0.169,2.569,2.045,1.285,0.817,0.484,1.043,88.538,4.409,5.827,4.039,,
2005,Pierre Konaté,28,W,Toulouse,Ligue 1,France,1,24,18,2125,44.1,104.0,0.389,0.266,0.295,0.235,4.743,2.945,2.357,1.036,0.724,1.435,83.785,5.998,8.245,6.623,,
2006,Takumi Lookman,28,W,PSG,Ligue 1,France,1,9,7,777,8.2,21.0,0.254,0.15,0.259,0.19,2.403,2.146,1.623,0.955,0.403,0.725,91.922,4.702,5.663,3.255,,
2007,Enzo Lee,26,ST,Lens,Ligue 1,France,1,7,5,599,8.8,25.0,0.383,0.1,0.454,0.132,3.887,1.258,0.752,0.478,0.31,3.72,86.201,2.731,2.722,2.267,,
2008,Cody Schmidt,28,CM,Reims,Ligue 1,France,1,15,12,1348,25.9,79.0,0.141,0.17,0.153,0.227,2.006,2.258,2.352,1.873,1.712,1.629,88.643,12.526,5.79,2.911,,
2009,Luis Garcia,27,CM,Toulouse,Ligue 1,France,1,14,12,1185,28.5,100.0,0.225,0.185,0.135,0.267,2.562,2.444,2.77,1.853,1.728,2.023,92.748,13.27,4.795,2.62,,
2010,Marco King,25,W,Strasbourg,Ligue 1,France,1,26,21,2286,4.9,14.0,0.268,0.149,0.2,0.169,2.325,2.169,1.636,0.834,0.467,0.774,67.236,4.619,6.844,3.402,,
2011,Vitinha Smith,28,DM,Lyon,Ligue 1,France,1,12,10,1066,11.7,25.0,0.05,0.063,0.036,0.061,1.226,1.186,3.655,2.585,1.497,2.058,87.608,7.451,2.232,1.425,,
2012,Kai Garcia,26,CB,Nice,Ligue 1,France,1,27,19,2391,26.8,91.0,0.097,0.06,0.061,0.049,1.034,0.762,2.557,2.322,2.057,4.863,77.922,6.289,2.208,0.664,,
2013,Harry Szczesny,24,AM,PSG,Ligue 1,France,1,24,22,2154,19.3,62.0,0.319,0.234,0.254,0.312,3.161,4.085,1.563,0.958,0.671,1.0,85.926,8.302,6.036,4.704,,
2014,Leandro Gudelj,25,DM,PSG,Ligue 1,France,1,23,18,2020,39.6,148.0,0.07,0.087,0.039,0.092,1.366,1.926,3.943,3.588,1.562,2.945,83.762,9.897,4.259,1.792,,
2015,Robin Pulisic,28,DM,Strasbourg,Ligue 1,France,1,29,23,2577,32.1,105.0,0.07,0.075,0.051,0.099,1.307,1.629,3.878,3.331,1.952,2.838,95.487,7.626,3.393,1.571,,
2016,Romelu Alves,21,CM,Marseille,Ligue 1,France,1,13,8,1102,17.1,32.0,0.141,0.153,0.135,0.205,2.051,1.729,2.598,1.818,1.405,1.666,83.898,8.913,4.244,2.096,,
2017,Kai Schlotterbeck,27,AM,Marseille,Ligue 1,France,1,10,8,835,18.6,67.0,0.264,0.22,0.27,0.235,3.347,3.652,1.774,1.27,0.721,1.027,76.512,9.425,6.147,3.962,,
2018,Kylian Suarez,32,ST,Le Havre,Ligue 1,France,1,26,20,2275,11.0,19.0,0.458,0.122,0.463,0.118,3.731,1.542,1.329,0.542,0.413,2.82,71.455,4.155,3.673,2.08,,
2019,David Tadic,24,AM,Monaco,Ligue 1,France,1,19,17,1696,8.6,31.0,0.238,0.219,0.198,0.218,2.402,3.012,1.292,0.911,0.606,0.748,78.405,7.295,5.403,3.272,,
2020,Alexander Weber,27,DM,Monaco,Ligue 1,France,1,19,17,1710,11.0,22.0,0.053,0.062,0.032,0.069,1.161,1.277,3.988,2.329,1.488,2.054,78.687,8.635,2.73,1.22,,
2021,Lucas Reyna,26,CB,Lens,Ligue 1,France,1,31,23,2778,12.0,41.0,0.076,0.046,0.044,0.05,0.904,0.644,2.434,2.316,1.536,3.378,82.739,4.958,1.777,0.546,,
2022,Axel Rossi,24,CM,Le Havre,Ligue 1,France,1,36,26,3164,9.4,33.0,0.108,0.161,0.121,0.166,1.592,2.242,2.059,1.635,1.258,1.287,90.978,7.804,4.025,2.242,,
2023,Virgil Becker,28,CM,Reims,Ligue 1,France,1,31,25,2769,12.6,26.0,0.122,0.131,0.086,0.161,1.75,2.285,2.104,1.856,1.205,1.919,80.261,7.855,4.196,2.099,,
2024,Robin Musah,21,GK,Lyon,Ligue 1,France,1,12,9,1020,3.3,10.0,0.004,0.009,0.005,0.005,0.021,0.248,0.158,0.144,0.038,0.126,60.366,2.425,0.556,0.087,68.355,28.883
2025,Christian Tadic,22,CB,Lens,Ligue 1,France,1,33,29,2893,12.3,42.0,0.052,0.045,0.047,0.043,0.667,0.558,2.577,1.77,1.621,3.571,75.212,5.754,2.032,0.399,,
2026,Paulo Davies,27,CM,Brest,Ligue 1,France,1,11,8,967,8.7,19.0,0.1,0.149,0.11,0.166,1.91,2.484,2.363,1.45,1.24,1.389,95.724,8.19,4.088,1.587,,
2027,Thomas White,28,AM,Lens,Ligue 1,France,1,17,14,1454,22.6,46.0,0.302,0.29,0.267,0.288,2.631,3.142,1.612,1.05,0.611,1.131,70.382,7.738,6.945,4.06,,
2028,Leo King,27,W,Clermont,Ligue 1,France,1,23,16,2043,28.7,70.0,0.317,0.199,0.289,0.223,3.859,2.829,1.902,1.148,0.51,0.929,79.916,5.513,8.662,4.874,,
2029,Youssef Bassey,25,CM,Marseille,Ligue 1,France,1,16,13,1380,6.8,18.0,0.109,0.172,0.084,0.14,1.311,1.945,1.951,1.457,1.397,1.302,90.735,7.766,3.104,1.909,,
2030,Trent Garcia,28,ST,Monaco,Ligue 1,France,1,14,9,1216,27.0,46.0,0.623,0.176,0.556,0.123,5.862,1.548,1.259,0.791,0.363,3.893,80.594,4.295,4.728,3.651,,
2031,Andre Jovic,26,AM,Nantes,Ligue 1,France,1,24,21,2157,26.7,76.0,0.275,0.321,0.289,0.322,4.176,3.535,1.821,1.096,0.916,1.193,80.83,6.51,7.88,5.079,,
2032,Edouard Johnson,29,DM,Lille,Ligue 1,France,1,12,11,1070,6.8,17.0,0.041,0.058,0.035,0.081,0.934,1.006,3.856,1.9,1.106,2.121,80.57,6.282,2.155,1.255,,
2033,Kevin Hernandez,25,AM,Reims,Ligue 1,France,1,16,12,1430,24.3,64.0,0.283,0.307,0.257,0.304,2.95,3.034,1.808,1.127,0.714,1.007,75.457,9.015,7.662,4.621,,
2034,Alvaro Colombo,25,CB,Nantes,Ligue 1,France,1,13,9,1167,10.1,28.0,0.071,0.045,0.061,0.038,0.841,0.612,1.926,2.14,1.67,4.001,98.652,5.065,1.786,0.445,,
2035,Goncalo Costa,27,CB,Nice,Ligue 1,France,1,34,32,3025,26.6,63.0,0.089,0.053,0.07,0.052,0.888,0.872,2.645,2.35,1.888,3.511,78.222,7.455,2.722,0.573,,
2036,Daichi Santos,25,W,Nantes,Ligue 1,France,1,25,22,2246,14.7,49.0,0.32,0.194,0.272,0.197,3.503,2.503,1.742,0.89,0.443,0.876,76.622,5.065,7.89,4.348,,
2037,Sofiane Brown,20,AM,Nice,Ligue 1,France,1,14,11,1223,28.4,110.0,0.306,0.324,0.28,0.315,3.514,4.031,1.641,1.3,0.684,1.38,90.016,8.581,6.808,4.358,,
2038,Max Schlotterbeck,29,CB,Lyon,Ligue 1,France,1,25,19,2204,30.9,68.0,0.089,0.066,0.061,0.058,1.079,0.646,2.846,1.894,1.558,4.713,91.799,6.785,2.037,0.555,,
2039,Bruno Lee,21,FB,Brest,Ligue 1,France,1,28,25,2440,16.4,64.0,0.064,0.115,0.046,0.138,0.884,1.45,3.046,1.944,1.198,1.672,79.17,6.713,4.945,2.119,,
2040,Leroy Mane,23,W,Reims,Ligue 1,France,1,11,10,990,23.9,56.0,0.289,0.225,0.311,0.262,4.055,2.829,1.635,1.085,0.533,1.222,92.23,5.262,8.102,4.328,,
2041,Federico Lookman,28,DM,Montpellier,Ligue 1,France,1,34,32,3056,3.4,12.0,0.032,0.055,0.031,0.068,0.813,1.233,2.895,1.966,0.979,1.821,76.786,5.918,2.354,1.115,,
2042,Diogo Pereira,20,W,PSG,Ligue 1,France,1,7,5,542,38.5,92.0,0.342,0.286,0.378,0.26,4.284,2.79,1.796,1.115,0.65,1.298,88.722,6.705,10.084,4.81,,
2043,Vitinha Jones,17,GK,Rennes,Ligue 1,France,1,11,9,930,30.8,50.0,0.008,0.016,0.008,0.01,0.056,0.562,0.3,0.223,0.085,0.23,90.528,2.942,0.784,0.184,77.32,44.388
2044,Federico Bentancur,24,W,Lyon,Ligue 1,France,1,22,15,1960,9.4,29.0,0.277,0.151,0.23,0.207,2.562,2.821,1.545,0.857,0.535,1.06,82.572,5.093,6.766,3.957,,
2045,Ibrahim Lopez,29,FB,Reims,Ligue 1,France,1,28,22,2490,3.4,9.0,0.039,0.11,0.037,0.137,0.971,1.546,3.049,1.458,0.883,1.562,83.308,5.223,4.584,1.665,,
2046,Yves Saka,35,FB,PSG,Ligue 1,France,1,19,18,1703,8.0,20.0,0.081,0.207,0.076,0.175,1.008,2.132,4.367,2.214,1.624,2.606,72.643,7.118,5.746,2.353,,
2047,Ruben Araujo,21,CB,Marseille,Ligue 1,France,1,9,6,766,27.3,96.0,0.098,0.053,0.072,0.054,0.914,0.78,3.501,2.271,2.236,4.167,84.06,6.169,2.573,0.692,,
2048,Andre Silva,24,GK,Toulouse,Ligue 1,France,1,12,9,1031,15.1,42.0,0.006,0.012,0.007,0.005,0.025,0.28,0.187,0.218,0.068,0.227,88.473,2.654,0.817,0.119,81.637,40.97
2049,Sadio Kiwior,28,FB,Lorient,Ligue 1,France,1,16,14,1388,15.7,57.0,0.052,0.13,0.052,0.141,1.094,1.792,3.126,1.47,0.956,1.825,73.995,7.966,5.054,2.148,,
2050,Rayan Valverde,22,DM,Nice,Ligue 1,France,1,29,27,2536,31.3,122.0,0.051,0.059,0.036,0.081,1.178,1.689,3.983,2.501,1.634,2.539,88.495,8.55,2.56,1.433,,
2051,Daniel Skov,25,W,Lille,Ligue 1,France,1,24,18,2115,9.1,34.0,0.209,0.185,0.263,0.223,2.577,2.268,1.598,0.86,0.536,0.883,72.956,4.403,7.885,4.07,,
2052,Angel McKennie,30,DM,Lyon,Ligue 1,France,1,7,6,611,4.3,11.0,0.03,0.052,0.027,0.07,0.925,1.306,2.864,2.126,1.24,2.055,95.59,7.528,2.653,1.257,,
2053,Phil Rodriguez,27,DM,Lyon,Ligue 1,France,1,16,11,1421,8.6,16.0,0.039,0.069,0.035,0.078,0.797,1.141,3.284,2.733,1.426,1.706,91.249,6.454,2.468,1.226,,
2054,Ousmane Marino,28,CB,Rennes,Ligue 1,France,1,14,12,1202,10.6,42.0,0.071,0.052,0.069,0.041,0.89,0.654,2.334,1.714,2.064,3.324,81.918,5.497,2.461,0.549,,
2055,Ritsu Reyna,26,FB,Montpellier,Ligue 1,France,1,9,6,750,5.2,11.0,0.054,0.11,0.035,0.119,0.741,1.487,2.426,1.192,0.769,1.304,86.72,6.03,4.263,1.655,,
2056,Antoine White,25,CM,Reims,Ligue 1,France,1,18,13,1562,7.8,25.0,0.109,0.13,0.112,0.171,1.527,2.094,2.328,1.572,1.219,1.471,86.105,7.495,3.718,1.749,,
2057,Sadio Ndidi,27,CB,Reims,Ligue 1,France,1,10,6,892,5.1,8.0,0.057,0.05,0.059,0.038,0.639,0.585,2.341,1.987,1.927,3.354,83.933,4.395,1.919,0.526,,
2058,Joao Alves,19,CM,Metz,Ligue 1,France,1,14,10,1242,6.9,14.0,0.093,0.155,0.115,0.141,1.407,2.118,2.043,1.584,1.435,1.34,84.293,7.3,3.513,1.584,,
2059,Marc Weber,25,CB,Lyon,Ligue 1,France,1,32,23,2795,17.3,60.0,0.074,0.06,0.067,0.066,1.009,0.927,2.706,2.01,1.938,3.815,82.818,7.325,1.765,0.501,,
2060,Andre Zurkowski,32,W,Montpellier,Ligue 1,France,1,20,17,1779,9.6,25.0,0.267,0.194,0.215,0.204,2.352,2.344,1.537,1.161,0.546,0.952,93.531,5.966,7.301,4.322,,
2061,Lorenzo Kim,26,FB,Lens,Ligue 1,France,1,7,5,553,23.2,44.0,0.071,0.182,0.059,0.175,0.897,1.811,3.57,1.826,1.36,1.853,73.409,6.331,4.928,2.759,,
2062,Kalidou Szczesny,24,FB,Lorient,Ligue 1,France,1,33,27,2900,27.0,107.0,0.093,0.139,0.05,0.2,1.407,2.192,3.349,1.692,1.052,2.419,71.931,8.059,6.05,2.702,,
2063,Darwin Park,29,FB,Monaco,Ligue 1,France,1,18,16,1543,58.3,208.0,0.115,0.191,0.07,0.198,1.644,2.743,4.322,2.372,1.725,2.82,98.993,7.52,6.467,2.981,,
2064,Yves Ferrari,25,FB,Clermont,Ligue 1,France,1,22,20,1932,15.0,43.0,0.068,0.14,0.052,0.149,1.148,1.621,3.359,1.813,0.78,1.562,93.088,7.041,4.936,1.842,,
2065,Angel Lewandowski,22,FB,Montpellier,Ligue 1,France,1,21,17,1831,38.5,90.0,0.064,0.157,0.071,0.161,1.331,2.321,3.096,2.316,1.062,2.234,90.65,6.376,4.87,3.067,,
2066,Jonathan Moreno,28,CM,Le Havre,Ligue 1,France,1,33,25,2901,7.3,20.0,0.119,0.125,0.115,0.136,1.798,2.171,2.082,1.601,1.56,1.673,83.185,9.056,3.596,1.618,,
2067,Dominik Lewandowski,24,ST,PSG,Ligue 1,France,1,31,26,2726,13.4,23.0,0.453,0.125,0.504,0.113,3.638,1.154,1.005,0.59,0.283,2.6,89.88,3.585,3.566,1.974,,
2068,Ibrahim Williams,26,GK,Brest,Ligue 1,France,1,25,21,2228,13.7,25.0,0.005,0.011,0.005,0.005,0.031,0.296,0.209,0.147,0.057,0.134,76.189,2.797,0.717,0.134,82.794,31.446
2069,Pau Moreno,31,W,Lille,Ligue 1,France,1,13,11,1086,23.2,39.0,0.471,0.256,0.344,0.322,3.374,2.438,2.088,1.138,0.688,1.42,74.443,5.879,8.671,4.342,,
2070,Carlos Odegaard,22,DM,Lens,Ligue 1,France,1,19,14,1663,57.8,181.0,0.085,0.112,0.044,0.128,1.391,1.36,5.621,3.133,1.318,2.126,85.143,8.883,3.011,1.877,,
2071,Ibrahim Vlahovic,21,AM,PSG,Ligue 1,France,1,28,26,2459,28.7,101.0,0.3,0.261,0.265,0.246,2.982,3.472,1.639,1.012,0.634,1.285,77.647,8.562,7.576,4.172,,
2072,Cody Lopez,32,CM,Monaco,Ligue 1,France,1,28,26,2520,3.7,11.0,0.096,0.117,0.089,0.129,1.412,2.017,2.098,1.668,1.109,1.543,91.488,7.291,3.277,1.426,,
2073,Axel Vlahovic,25,FB,Lyon,Ligue 1,France,1,29,20,2580,18.8,56.0,0.052,0.118,0.041,0.161,1.205,1.501,3.66,1.764,1.021,1.616,74.014,6.151,4.75,1.986,,
2074,Luis Tadic,23,CB,Nantes,Ligue 1,France,1,31,25,2748,53.6,150.0,0.101,0.064,0.09,0.071,1.004,0.901,3.269,2.472,2.523,3.744,80.774,5.794,3.009,0.798,,
2075,Khvicha Lee,25,ST,Monaco,Ligue 1,France,1,29,25,2557,34.7,52.0,0.628,0.146,0.423,0.18,5.561,1.737,1.413,0.486,0.375,4.238,81.423,2.98,3.493,3.07,,
2076,Gavi Eriksen,24,AM,Lyon,Ligue 1,France,1,14,11,1205,8.1,15.0,0.249,0.182,0.212,0.201,2.871,3.142,1.077,1.064,0.547,0.736,92.248,7.654,6.691,2.981,,
2077,Eric Musah,23,ST,Metz,Ligue 1,France,1,21,17,1819,24.7,86.0,0.559,0.161,0.567,0.181,5.689,1.514,1.032,0.803,0.372,3.361,75.576,3.945,3.627,2.479,,
2078,Nabil Son,23,CB,Brest,Ligue 1,France,1,9,6,775,10.8,37.0,0.069,0.053,0.06,0.041,0.978,0.628,2.405,1.931,1.795,3.946,100.417,5.407,1.641,0.576,,
2079,Bukayo Touré,26,GK,Lille,Ligue 1,France,1,37,25,3248,43.4,122.0,0.007,0.013,0.008,0.006,0.046,0.433,0.26,0.311,0.064,0.277,78.533,2.883,0.674,0.127,68.352,48.761
2080,Iker Kostic,20,GK,Reims,Ligue 1,France,1,22,19,1957,12.2,40.0,0.005,0.01,0.005,0.006,0.024,0.292,0.151,0.147,0.064,0.163,82.564,2.443,0.603,0.103,70.869,41.367
2081,Karim Salah,28,AM,Reims,Ligue 1,France,1,15,12,1311,7.4,23.0,0.207,0.218,0.229,0.242,2.499,2.534,1.372,0.991,0.608,0.929,80.686,7.762,6.391,3.113,,
2082,Lucas Valverde,26,CM,Lyon,Ligue 1,France,1,20,16,1742,14.7,39.0,0.132,0.177,0.107,0.135,1.753,2.065,2.377,1.626,1.344,1.564,102.275,8.683,5.1,2.254,,
2083,Rafael Robinson,25,DM,Reims,Ligue 1,France,1,33,31,2903,21.8,51.0,0.046,0.07,0.035,0.089,1.046,1.302,4.8,3.052,1.645,2.361,91.933,8.194,2.529,1.53,,
2084,Toby Andersen,22,DM,Montpellier,Ligue 1,France,1,35,27,3094,27.7,107.0,0.053,0.086,0.034,0.105,1.039,1.516,4.684,2.56,1.267,2.37,99.763,8.413,3.466,1.242,,
2085,Pedri Schlotterbeck,25,CM,Reims,Ligue 1,France,1,13,10,1114,40.7,77.0,0.121,0.238,0.136,0.17,2.014,2.526,2.955,2.597,2.009,1.967,96.238,8.753,5.391,2.895,,
2086,Jan Rodriguez,22,W,Marseille,Ligue 1,France,1,8,5,687,31.9,108.0,0.321,0.24,0.266,0.193,3.878,2.732,2.014,1.042,0.504,1.005,83.386,5.662,7.404,4.128,,
2087,Sandro Wilson,18,DM,Lyon,Ligue 1,France,1,10,7,811,14.4,49.0,0.06,0.069,0.035,0.096,1.224,1.528,3.538,2.184,1.837,2.053,85.207,9.325,2.905,1.768,,
2088,Joshua Kostic,18,AM,Brest,Ligue 1,France,1,7,5,599,8.1,27.0,0.261,0.219,0.229,0.282,2.798,3.55,1.547,0.829,0.85,0.845,85.144,8.986,7.137,4.041,,
2089,Davide Hernandez,22,W,Nice,Ligue 1,France,1,11,9,946,19.0,34.0,0.267,0.205,0.218,0.204,3.457,2.669,1.732,1.007,0.467,0.9,74.934,5.606,6.968,4.497,,
2090,Yves Aaronson,28,CB,Strasbourg,Ligue 1,France,1,22,16,1912,25.0,95.0,0.088,0.055,0.098,0.065,0.929,0.668,3.236,2.572,2.196,4.752,91.834,6.001,2.313,0.603,,
2091,Julian Sousa,25,FB,Strasbourg,Ligue 1,France,1,8,5,683,53.4,115.0,0.11,0.166,0.075,0.164,1.241,1.931,3.776,2.225,1.523,2.441,74.443,8.577,6.357,2.428,,
2092,Cole Walker,28,GK,Le Havre,Ligue 1,France,1,17,13,1523,25.6,96.0,0.006,0.013,0.007,0.006,0.039,0.405,0.209,0.262,0.058,0.224,80.126,2.318,0.769,0.137,71.466,38.994
2093,Sofiane Thompson,31,GK,Monaco,Ligue 1,France,1,33,30,2946,6.4,21.0,0.005,0.011,0.005,0.006,0.029,0.328,0.192,0.156,0.053,0.165,71.668,2.599,0.737,0.111,77.549,36.561
2094,Bruno Eriksen,33,CB,Lorient,Ligue 1,France,1,26,20,2264,13.9,43.0,0.082,0.05,0.075,0.074,0.984,0.614,2.616,2.182,2.14,4.282,106.721,6.44,3.161,0.717,,
2095,Amadou Adams,24,CB,Le Havre,Ligue 1,France,1,18,15,1599,32.4,74.0,0.093,0.065,0.091,0.072,0.881,0.832,3.235,2.271,2.097,3.726,94.042,8.25,2.573,0.623,,
2096,Ryan Jovic,24,W,Lyon,Ligue 1,France,1,30,25,2646,25.3,91.0,0.322,0.239,0.311,0.235,3.009,2.556,1.689,1.312,0.513,1.313,92.539,4.745,8.149,5.166,,
2097,Pedri Jimenez,20,GK,Clermont,Ligue 1,France,1,28,25,2480,20.9,46.0,0.008,0.015,0.006,0.006,0.031,0.296,0.148,0.205,0.069,0.179,89.563,3.096,0.69,0.142,65.341,34.819
2098,Daniel Silva,32,CM,Clermont,Ligue 1,France,1,25,22,2222,27.6,99.0,0.163,0.184,0.14,0.151,2.53,2.781,3.17,2.38,1.726,2.334,97.975,10.9,4.455,2.303,,
2099,Sergio van Dijk,27,CM,Metz,Ligue 1,France,1,26,21,2303,33.0,74.0,0.129,0.249,0.136,0.221,2.002,2.743,2.905,2.22,1.631,2.041,94.502,10.252,4.332,2.384,,
2100,Pau Musiala,23,AM,Nice,Ligue 1,France,1,21,16,1861,16.4,51.0,0.298,0.259,0.247,0.23,3.283,3.287,1.431,1.009,0.737,1.103,85.175,9.1,7.984,3.34,,
2101,Nicolo Rossi,32,DM,Marseille,Ligue 1,France,1,25,22,2216,3.5,13.0,0.036,0.054,0.025,0.064,0.85,1.307,4.074,2.298,1.471,1.825,97.053,7.003,2.631,1.169,,
2102,Amadou Fischer,24,DM,Lens,Ligue 1,France,1,6,5,525,5.3,13.0,0.031,0.061,0.029,0.071,0.827,1.345,3.078,1.984,1.156,2.048,99.121,7.213,2.522,1.034,,
2103,Andre Wilson,31,ST,Clermont,Ligue 1,France,1,18,14,1560,18.1,31.0,0.389,0.129,0.54,0.164,4.058,1.73,0.967,0.559,0.448,4.487,80.286,3.96,3.913,2.779,,
2104,Eric Trezeguet,26,FB,Clermont,Ligue 1,France,1,14,13,1239,11.6,25.0,0.055,0.12,0.054,0.12,0.818,1.585,3.25,1.792,0.809,1.648,81.615,6.607,5.386,2.025,,
2105,Eric Jovic,29,GK,Reims,Ligue 1,France,1,17,15,1446,3.2,6.0,0.004,0.008,0.005,0.005,0.019,0.331,0.132,0.132,0.039,0.134,78.081,2.051,0.6,0.086,77.379,36.221
2106,Nabil Reyna,27,W,Clermont,Ligue 1,France,1,9,8,779,38.0,112.0,0.43,0.186,0.356,0.277,3.064,3.099,2.143,1.332,0.594,1.407,85.12,7.191,8.859,4.498,,
2107,Eduardo Gonzalez,30,FB,Strasbourg,Ligue 1,France,1,16,11,1392,6.1,23.0,0.046,0.099,0.049,0.141,0.758,1.597,2.754,1.429,0.856,1.628,87.561,6.4,3.805,2.115,,
2108,Rayan Nunez,27,ST,PSG,Ligue 1,France,1,25,23,2250,8.4,20.0,0.413,0.119,0.399,0.136,4.095,1.213,0.745,0.555,0.317,2.925,67.14,3.443,3.076,1.997,,
2109,Virgil Camara,18,W,Rennes,Ligue 1,France,1,13,11,1089,8.3,26.0,0.267,0.172,0.285,0.201,3.259,2.532,1.872,0.874,0.599,0.946,93.234,5.794,7.282,5.335,,
2110,Virgil Ndidi,24,GK,Metz,Ligue 1,France,1,8,5,712,19.6,39.0,0.006,0.014,0.008,0.008,0.028,0.38,0.19,0.179,0.073,0.192,85.153,2.746,0.572,0.104,73.883,38.63
2111,Hakim Wirtz,29,W,Nice,Ligue 1,France,1,21,15,1867,34.9,104.0,0.357,0.187,0.351,0.277,3.703,2.663,2.245,1.007,0.516,1.335,70.664,5.713,9.602,5.488,,
2112,Moussa Gonzalez,21,AM,Lorient,Ligue 1,France,1,23,17,2033,12.1,48.0,0.311,0.252,0.282,0.264,3.095,2.542,1.259,1.126,0.624,1.071,79.319,8.003,5.684,3.696,,
2113,Kalidou Jones,27,FB,Lyon,Ligue 1,France,1,14,10,1203,21.5,85.0,0.054,0.121,0.044,0.151,1.124,1.631,2.771,2.28,1.179,2.179,79.064,8.303,6.471,1.948,,
2114,Jamal Fernandez,31,CB,PSG,Ligue 1,France,1,28,20,2508,15.6,58.0,0.073,0.061,0.07,0.048,0.947,0.858,2.416,2.372,1.684,2.995,86.027,6.056,2.32,0.591,,
2115,Joao Schmidt,28,FB,Monaco,Ligue 1,France,1,20,16,1727,42.3,113.0,0.109,0.18,0.089,0.211,1.259,2.043,3.516,1.953,1.253,2.415,80.495,6.846,6.728,2.467,,
2116,Moussa van Dijk,25,AM,Lille,Ligue 1,France,1,33,23,2936,41.5,140.0,0.383,0.277,0.341,0.284,3.528,4.329,1.674,1.297,0.749,1.233,81.026,9.639,8.836,3.822,,
2117,Vitinha Jimenez,25,W,Montpellier,Ligue 1,France,1,23,18,2011,35.4,141.0,0.436,0.307,0.403,0.267,3.594,2.891,2.109,1.426,0.688,1.394,84.832,6.338,9.179,5.586,,
2118,Lautaro Colombo,29,ST,Strasbourg,Ligue 1,France,1,21,17,1825,16.0,59.0,0.473,0.138,0.505,0.123,3.73,1.384,1.002,0.505,0.314,2.894,78.532,3.285,3.411,2.429,,
2119,Daichi Sobhi,24,CM,PSG,Ligue 1,France,1,30,24,2697,1.9,6.0,0.088,0.096,0.085,0.144,1.245,1.455,2.207,1.327,0.973,1.335,79.213,7.811,3.547,1.419,,
2120,Omar Araujo,29,FB,Lille,Ligue 1,France,1,10,7,816,6.8,24.0,0.045,0.107,0.048,0.119,1.003,1.568,2.774,1.718,0.954,1.595,84.703,5.519,3.57,2.046,,
2121,Rafael White,22,CM,Nice,Ligue 1,France,1,32,27,2854,14.1,28.0,0.115,0.13,0.108,0.171,1.638,2.264,2.443,1.438,1.375,1.607,84.507,8.963,3.884,1.808,,
2122,Moussa Pereira,24,ST,Monaco,Ligue 1,France,1,26,20,2316,10.2,19.0,0.443,0.093,0.503,0.122,4.076,1.225,0.846,0.438,0.328,3.391,79.312,2.832,3.44,2.399,,
2123,Ruben Fischer,26,AM,Montpellier,Ligue 1,France,1,22,19,1902,12.4,42.0,0.318,0.274,0.212,0.263,2.8,3.168,1.329,0.834,0.709,1.013,85.42,6.23,6.915,4.107,,
2124,Phil Jones,24,GK,Lille,Ligue 1,France,1,31,22,2733,6.1,10.0,0.005,0.01,0.005,0.006,0.029,0.315,0.158,0.181,0.047,0.147,66.218,2.594,0.685,0.103,79.312,32.324
2125,Marc Hall,26,DM,Lille,Ligue 1,France,1,14,10,1202,13.6,41.0,0.044,0.063,0.03,0.083,0.935,1.646,3.493,2.495,1.406,1.934,93.938,8.062,3.301,0.96,,
2126,Axel Becker,21,FB,Lens,Ligue 1,France,1,20,13,1719,8.5,26.0,0.05,0.091,0.035,0.116,0.826,1.274,2.792,1.492,1.012,1.602,76.657,6.752,5.027,1.419,,
2127,Darwin Salah,26,CM,Nice,Ligue 1,France,1,21,16,1844,27.6,48.0,0.17,0.187,0.125,0.225,1.781,2.165,2.371,2.079,1.446,2.119,90.334,8.116,4.525,2.149,,
2128,Sandro Xhaka,34,CB,Lorient,Ligue 1,France,1,7,4,582,4.7,12.0,0.064,0.038,0.064,0.05,0.802,0.732,2.112,2.059,1.718,3.224,74.873,4.513,2.002,0.468,,
2129,Marc Vecino,19,CM,Strasbourg,Ligue 1,France,1,8,6,671,13.3,22.0,0.115,0.149,0.094,0.156,1.565,2.293,2.6,1.787,1.362,1.498,87.492,9.351,5.003,1.983,,
2131,Kevin Schlotterbeck,21,FB,Marseille,Ligue 1,France,1,18,15,1604,19.4,41.0,0.065,0.135,0.056,0.151,1.078,1.775,3.537,2.137,1.301,1.78,93.159,7.29,5.389,2.047,,
2132,Rafa Martinez,22,CB,Marseille,Ligue 1,France,1,21,14,1811,32.1,69.0,0.101,0.047,0.09,0.07,0.927,0.879,2.605,2.179,2.217,3.843,88.215,5.096,2.669,0.521,,
2133,Patrick Hernandez,32,ST,Rennes,Ligue 1,France,1,14,9,1182,4.3,9.0,0.387,0.124,0.36,0.093,3.828,1.222,0.807,0.397,0.312,2.738,80.115,2.417,3.544,1.845,,
2134,Simon Lookman,29,CM,Lorient,Ligue 1,France,1,23,18,2067,15.2,35.0,0.124,0.144,0.098,0.18,1.647,1.784,2.61,2.03,1.498,2.227,99.703,7.895,3.7,2.212,,
2135,Kevin McKennie,26,AM,Nice,Ligue 1,France,1,21,17,1801,11.5,42.0,0.27,0.203,0.212,0.204,2.288,3.294,1.377,0.926,0.596,0.852,76.158,6.313,6.857,3.3,,
2136,Robert Musiala,24,W,PSG,Ligue 1,France,1,30,24,2659,8.4,16.0,0.277,0.182,0.26,0.176,2.789,1.985,1.278,0.839,0.494,0.996,83.129,5.101,6.432,4.498,,
2137,Florian Diaz,20,DM,Clermont,Ligue 1,France,1,23,16,2011,10.1,37.0,0.05,0.071,0.027,0.077,1.003,1.413,3.726,2.803,1.661,2.171,80.764,7.001,2.916,1.4,,
2138,Ferran Suarez,22,AM,Lille,Ligue 1,France,1,25,20,2193,39.1,78.0,0.38,0.262,0.32,0.298,3.347,4.064,1.7,1.122,0.818,1.179,82.988,9.432,6.928,3.829,,
2139,James Suarez,28,CB,Metz,Ligue 1,France,1,30,23,2672,36.2,113.0,0.085,0.073,0.073,0.073,0.967,0.782,3.11,2.411,2.197,4.757,99.185,7.203,2.994,0.623,,
2140,Omar Wirtz,29,CM,Toulouse,Ligue 1,France,1,21,19,1887,23.8,66.0,0.17,0.245,0.111,0.201,2.052,2.504,3.747,1.733,2.027,1.898,87.051,12.359,5.604,2.559,,
2141,Goncalo Bentancur,26,CB,Brest,Ligue 1,France,1,10,9,829,10.7,28.0,0.053,0.052,0.055,0.038,0.763,0.624,2.592,1.874,1.77,2.891,87.427,5.944,1.537,0.574,,
2142,Karim Gonzalez,22,GK,Rennes,Ligue 1,France,1,10,8,844,44.5,91.0,0.008,0.017,0.006,0.009,0.03,0.425,0.213,0.225,0.079,0.245,88.784,3.322,0.732,0.131,77.826,46.121
2143,Simon Kim,30,AM,Monaco,Ligue 1,France,1,9,6,750,14.4,55.0,0.237,0.252,0.281,0.309,2.948,3.998,1.476,1.031,0.807,1.028,79.542,6.955,5.865,4.267,,
2144,Charles Schmidt,26,AM,Lorient,Ligue 1,France,1,30,24,2678,15.1,33.0,0.251,0.234,0.216,0.26,2.381,2.719,1.536,1.006,0.684,1.022,69.755,8.431,6.68,3.504,,
2145,Jonathan Oliveira,27,CB,Rennes,Ligue 1,France,1,26,19,2309,33.9,130.0,0.106,0.052,0.102,0.058,0.935,0.739,2.599,3.287,2.239,4.27,88.604,6.42,2.693,0.69,,
2146,Samuel Weber,22,FB,Metz,Ligue 1,France,1,16,14,1362,19.4,58.0,0.064,0.145,0.065,0.125,1.127,2.096,3.81,1.696,0.985,1.986,90.662,7.343,5.588,2.05,,
2147,Davide Vecino,26,W,Lille,Ligue 1,France,1,15,10,1335,29.3,81.0,0.322,0.277,0.356,0.226,4.22,3.058,2.417,1.167,0.52,1.214,90.758,6.001,7.41,6.456,,
2148,Bukayo Johnson,25,CB,Toulouse,Ligue 1,France,1,14,10,1183,32.5,129.0,0.079,0.066,0.084,0.09,1.08,0.828,3.963,2.896,2.272,5.31,87.274,7.821,2.822,0.617,,
2149,Jude Ricci,31,CM,Metz,Ligue 1,France,1,23,21,2014,20.9,41.0,0.112,0.16,0.11,0.195,1.754,1.89,2.945,1.856,1.395,1.593,94.391,8.458,4.501,2.185,,
2150,Ismail Haaland,25,FB,Strasbourg,Ligue 1,France,1,19,13,1631,22.7,84.0,0.079,0.137,0.049,0.176,1.16,1.547,3.268,2.047,1.172,1.887,71.338,6.642,6.705,2.077,,
2151,Federico Mbappé,32,DM,Le Havre,Ligue 1,France,1,17,12,1481,11.7,45.0,0.045,0.073,0.045,0.098,1.0,1.565,4.413,2.541,1.285,2.167,97.13,9.875,3.712,1.403,,
2152,Lautaro Grimaldo,27,FB,PSG,Ligue 1,France,1,9,6,733,16.0,50.0,0.059,0.118,0.045,0.142,1.044,1.674,3.249,2.065,1.169,1.737,81.583,6.217,4.65,1.822,,
2153,Leandro Kiwior,27,CB,Toulouse,Ligue 1,France,1,12,11,1042,5.9,12.0,0.057,0.042,0.041,0.03,0.632,0.623,2.593,1.92,1.551,3.389,75.496,5.124,1.843,0.335,,
2154,Toby Zielinski,22,CB,Rennes,Ligue 1,France,1,18,16,1531,25.4,68.0,0.068,0.071,0.064,0.058,0.748,0.722,3.274,1.962,1.625,4.074,89.59,5.27,2.187,0.68,,
2155,Ruben Jones,22,CB,Reims,Ligue 1,France,1,9,6,804,58.4,124.0,0.102,0.066,0.084,0.083,1.133,0.754,2.858,2.996,2.081,4.851,101.27,6.557,2.398,0.877,,
2156,Cody Colombo,29,CB,Brest,Ligue 1,France,1,13,10,1089,9.0,27.0,0.053,0.042,0.065,0.041,0.706,0.59,2.076,1.925,1.874,3.739,86.337,5.624,1.771,0.509,,
2157,Max Iwobi,24,ST,Strasbourg,Ligue 1,France,1,24,16,2071,12.9,23.0,0.431,0.136,0.45,0.132,3.449,1.215,1.039,0.498,0.366,3.574,76.499,3.35,4.028,2.397,,
2158,Son Garcia,34,GK,Lyon,Ligue 1,France,1,9,7,746,7.8,24.0,0.008,0.017,0.008,0.007,0.037,0.372,0.178,0.211,0.074,0.229,88.914,3.237,0.712,0.151,72.68,45.261
2159,Youssef Trezeguet,32,ST,Le Havre,Ligue 1,France,1,17,12,1527,9.7,33.0,0.427,0.126,0.476,0.113,4.415,1.164,0.985,0.52,0.319,4.041,83.968,3.684,3.388,2.497,,
2160,Raphael Weber,28,CM,Monaco,Ligue 1,France,1,16,15,1414,5.8,19.0,0.104,0.144,0.116,0.157,1.26,2.113,2.429,1.806,1.401,1.42,85.311,9.415,3.831,1.871,,
2161,Miguel Brown,28,CM,Lille,Ligue 1,France,1,7,5,625,17.8,54.0,0.129,0.181,0.108,0.2,2.336,2.174,2.332,1.905,1.748,2.142,83.499,10.434,5.435,2.053,,
2162,Carlos Rossi,25,CM,Nantes,Ligue 1,France,1,21,20,1863,15.7,45.0,0.125,0.155,0.133,0.147,2.226,2.46,2.627,1.62,1.346,2.114,77.564,9.096,4.18,2.139,,
2163,Lorenzo Zielinski,25,FB,Montpellier,Ligue 1,France,1,8,5,676,33.1,58.0,0.078,0.12,0.058,0.187,1.2,2.289,2.933,1.895,1.308,2.051,79.258,8.02,4.682,3.103,,
2164,Pau Zielinski,26,AM,Reims,Ligue 1,France,1,35,33,3109,26.7,46.0,0.3,0.323,0.301,0.32,2.613,3.87,1.876,1.475,0.703,1.268,85.233,9.914,6.834,4.053,,
2165,Neymar Ramirez,26,CM,Clermont,Ligue 1,France,1,11,10,965,10.7,39.0,0.13,0.165,0.097,0.144,1.382,2.042,2.699,1.622,1.333,1.681,90.932,7.825,3.614,1.689,,
2166,Bukayo Wilson,27,CM,Clermont,Ligue 1,France,1,10,9,888,20.9,51.0,0.119,0.169,0.099,0.179,2.237,2.233,3.012,1.807,1.394,1.737,100.125,7.499,3.754,1.988,,
2167,Rafa Colombo,29,CB,Nantes,Ligue 1,France,1,27,22,2393,4.4,10.0,0.058,0.037,0.045,0.035,0.815,0.494,2.204,1.721,1.45,2.912,83.025,5.317,1.654,0.43,,
2168,Casemiro Rice,23,CM,Lyon,Ligue 1,France,1,25,18,2185,21.2,69.0,0.135,0.179,0.123,0.197,1.461,1.874,2.537,2.054,1.425,1.78,99.23,8.189,4.493,2.634,,
2169,Lautaro Ricci,26,CB,Strasbourg,Ligue 1,France,1,7,5,562,21.2,51.0,0.088,0.069,0.087,0.049,1.055,0.648,2.487,2.159,1.668,3.59,77.1,6.267,1.814,0.513,,
2170,Enzo Pulisic,25,W,Nice,Ligue 1,France,1,16,14,1403,39.1,120.0,0.351,0.273,0.357,0.334,3.977,3.014,2.119,1.438,0.853,1.611,70.761,7.114,8.881,5.042,,
2171,Robin Hernandez,24,ST,Clermont,Ligue 1,France,1,29,26,2554,17.0,29.0,0.512,0.134,0.583,0.129,3.934,1.457,0.912,0.7,0.397,4.534,78.183,3.589,3.398,2.714,,
2172,Dani Robinson,25,CM,Nantes,Ligue 1,France,1,13,9,1152,1.9,7.0,0.071,0.107,0.083,0.134,1.535,1.588,2.251,1.399,1.222,1.371,86.517,7.672,3.737,1.674,,
2173,Vinicius Walker,36,CM,Lens,Ligue 1,France,1,12,8,1077,4.4,13.0,0.182,0.238,0.16,0.235,2.175,2.005,2.193,2.119,1.336,1.658,103.71,9.723,4.606,2.319,,
2174,Simon Adams,29,AM,Nantes,Ligue 1,France,1,12,7,1001,20.8,40.0,0.294,0.241,0.265,0.255,2.323,2.695,1.76,0.975,0.871,0.961,82.147,7.561,6.627,3.73,,
2175,Adama Becker,23,CM,Montpellier,Ligue 1,France,1,21,20,1837,12.1,47.0,0.127,0.162,0.125,0.17,1.862,1.943,2.111,1.702,1.347,1.407,98.87,8.3,3.767,1.722,,
2176,Luis Bentancur,28,DM,Nantes,Ligue 1,France,1,6,5,531,8.1,16.0,0.047,0.068,0.036,0.065,0.863,1.297,3.733,2.722,1.265,2.046,89.863,8.279,2.799,1.329,,
2177,Takumi Araujo,27,FB,Nice,Ligue 1,France,1,26,24,2255,16.2,32.0,0.054,0.125,0.062,0.187,1.294,2.357,3.324,1.79,0.954,2.115,83.985,6.424,5.003,1.976,,
2178,Raphael Bentancur,28,AM,Monaco,Ligue 1,France,1,19,18,1647,17.8,46.0,0.207,0.25,0.266,0.227,2.842,3.176,1.493,1.012,0.671,0.902,84.625,7.038,5.568,4.033,,
2179,Marcelo Marino,24,AM,Marseille,Ligue 1,France,1,29,23,2540,40.8,64.0,0.328,0.245,0.318,0.306,3.364,4.303,1.941,1.128,0.866,1.596,81.063,9.116,6.675,3.911,,
2180,Achraf Jones,20,FB,Rennes,Ligue 1,France,1,15,11,1304,18.6,49.0,0.075,0.159,0.052,0.131,1.039,2.188,2.822,1.981,1.015,2.036,73.596,6.995,4.783,2.202,,
2181,Paulo Tadic,25,FB,Lille,Ligue 1,France,1,28,27,2508,18.7,31.0,0.056,0.113,0.055,0.111,0.905,1.69,3.209,1.523,1.097,2.268,85.192,6.704,4.793,2.064,,
2182,Pablo Bellingham,32,AM,Rennes,Ligue 1,France,1,20,17,1772,26.0,59.0,0.373,0.296,0.317,0.337,3.429,3.523,1.766,1.478,0.963,1.475,95.867,10.046,7.402,4.398,,
2183,Sofiane Aaronson,28,GK,Brest,Ligue 1,France,1,15,10,1266,43.2,145.0,0.007,0.015,0.01,0.006,0.054,0.45,0.298,0.262,0.087,0.25,77.544,3.652,0.907,0.17,74.54,46.896
2184,Serge Mendes,24,AM,Rennes,Ligue 1,France,1,36,28,3226,20.4,57.0,0.245,0.288,0.226,0.272,3.33,2.997,1.465,1.146,0.695,1.04,88.867,8.234,6.564,3.894,,
2185,Rodri Musah,28,ST,Montpellier,Ligue 1,France,1,23,17,2020,18.5,61.0,0.471,0.148,0.407,0.154,3.788,1.439,1.037,0.545,0.429,3.99,86.481,4.139,3.787,2.656,,
2186,Youssef Lindstrom,27,ST,Toulouse,Ligue 1,France,1,28,27,2480,32.2,67.0,0.637,0.153,0.524,0.174,4.558,1.545,1.349,0.667,0.501,4.633,73.303,3.999,3.723,2.396,,
2187,Angel King,27,FB,Reims,Ligue 1,France,1,8,5,652,4.4,7.0,0.049,0.098,0.034,0.111,0.931,1.197,2.657,1.4,0.942,1.613,81.2,5.909,4.806,1.725,,
2188,Rodri Costa,23,DM,Marseille,Ligue 1,France,1,25,18,2187,18.8,61.0,0.053,0.067,0.033,0.095,1.215,1.44,3.482,2.217,1.506,2.074,92.574,6.919,2.418,1.226,,
2189,Phil Robinson,23,CB,Clermont,Ligue 1,France,1,32,24,2852,12.2,33.0,0.068,0.059,0.065,0.055,0.918,0.703,2.289,2.509,1.633,4.05,85.68,6.058,1.905,0.557,,
2190,Marco Xhaka,24,CB,Marseille,Ligue 1,France,1,27,20,2409,4.7,9.0,0.049,0.034,0.045,0.038,0.804,0.527,2.195,1.677,1.645,3.243,85.334,4.237,1.855,0.393,,
2191,Toby Minamino,27,CB,PSG,Ligue 1,France,1,32,28,2845,5.2,15.0,0.06,0.041,0.059,0.037,0.82,0.559,1.958,2.077,1.457,3.182,88.711,4.399,1.888,0.466,,
2192,Iker Ricci,28,CM,Strasbourg,Ligue 1,France,1,30,23,2611,12.2,30.0,0.128,0.151,0.1,0.162,1.494,1.832,2.109,1.812,1.294,1.59,93.654,9.539,3.929,1.997,,
2193,Martin Kim,18,CM,Lorient,Ligue 1,France,1,15,13,1338,12.7,28.0,0.131,0.161,0.102,0.165,1.688,2.057,2.67,1.381,1.43,1.846,78.359,8.117,3.949,1.746,,
2194,Davide de Ligt,25,CM,Brest,Ligue 1,France,1,19,13,1677,36.8,127.0,0.121,0.177,0.126,0.22,1.808,3.178,2.782,2.151,1.55,1.791,92.14,8.687,5.596,2.707,,
2195,Nabil Wirtz,23,AM,Metz,Ligue 1,France,1,36,28,3203,42.1,151.0,0.34,0.296,0.297,0.348,3.202,3.234,1.381,1.588,0.883,1.255,94.273,9.105,7.69,5.063,,
2196,Renato Lewandowski,31,AM,Lorient,Ligue 1,France,1,34,26,3024,1.7,4.0,0.185,0.147,0.229,0.236,2.228,2.354,1.114,0.744,0.558,0.857,74.157,6.108,4.945,2.528,,
2197,Martin Odegaard,33,AM,Clermont,Ligue 1,France,1,12,10,1048,3.3,9.0,0.256,0.21,0.227,0.223,2.288,2.97,1.325,0.861,0.632,0.917,76.37,7.215,5.965,3.198,,
2198,Florian Andersen,23,ST,Montpellier,Ligue 1,France,1,17,12,1461,10.7,29.0,0.42,0.124,0.429,0.104,3.882,1.527,0.792,0.479,0.285,2.958,73.785,3.403,3.734,2.578,,
2199,Jan Garcia,22,FB,Metz,Ligue 1,France,1,15,11,1264,17.1,38.0,0.064,0.125,0.041,0.154,1.006,1.574,2.49,1.782,1.144,1.858,89.324,6.816,5.333,1.564,,
2200,Marco Szczesny,24,CB,Metz,Ligue 1,France,1,18,16,1543,33.3,108.0,0.09,0.059,0.088,0.067,1.268,0.924,3.051,2.571,2.048,5.094,91.526,7.903,2.858,0.645,,
2201,Marcelo Lewandowski,24,GK,Nice,Ligue 1,France,1,29,21,2606,10.8,17.0,0.004,0.01,0.005,0.006,0.035,0.347,0.187,0.171,0.053,0.178,77.455,2.525,0.733,0.118,66.913,28.737
2202,Matthijs Musah,22,GK,Strasbourg,Ligue 1,France,1,28,21,2477,85.0,169.0,0.009,0.019,0.008,0.008,0.051,0.443,0.235,0.224,0.111,0.269,88.192,3.394,0.82,0.2,79.367,56.868
2203,Ismail Ramirez,17,FB,Toulouse,Ligue 1,France,1,15,12,1340,9.0,14.0,0.076,0.145,0.057,0.185,1.069,1.754,3.79,1.966,0.955,1.425,93.015,8.028,5.649,2.489,,
2204,Nicolo Trezeguet,29,FB,Reims,Ligue 1,France,1,27,21,2373,7.4,22.0,0.061,0.102,0.043,0.125,0.969,1.53,2.437,1.612,0.792,1.857,85.689,5.955,5.536,1.734,,
2205,Kevin Andersen,21,ST,Monaco,Ligue 1,France,1,14,12,1185,46.6,136.0,0.476,0.198,0.601,0.19,5.048,1.651,0.919,0.54,0.407,4.494,77.845,4.596,4.079,3.342,,
2206,Sofiane White,32,FB,Le Havre,Ligue 1,France,1,33,23,2912,24.0,83.0,0.085,0.159,0.051,0.153,1.411,1.956,3.855,1.925,1.25,2.292,75.301,7.916,4.748,1.99,,
2207,Paulo Suarez,30,CB,Metz,Ligue 1,France,1,28,19,2498,20.7,77.0,0.062,0.06,0.069,0.061,0.843,0.839,2.829,2.398,2.125,3.315,97.629,5.974,2.47,0.578,,
2208,Marcus Pulisic,22,DM,Reims,Ligue 1,France,1,26,19,2299,14.3,37.0,0.053,0.063,0.038,0.069,1.006,1.408,3.855,2.482,1.172,2.305,99.938,7.625,2.914,1.497,,
2209,Renato Palmer,23,W,Nantes,Ligue 1,France,1,11,9,937,13.7,23.0,0.248,0.183,0.256,0.179,3.445,2.634,1.868,1.028,0.428,1.064,75.269,5.635,6.079,4.401,,
2210,Luka Davies,24,ST,Nantes,Ligue 1,France,1,15,10,1286,26.3,103.0,0.473,0.136,0.476,0.139,4.509,1.424,0.852,0.62,0.338,3.698,69.779,4.61,3.31,2.19,,
2211,Mikel Zielinski,25,AM,Strasbourg,Ligue 1,France,1,30,21,2637,15.9,31.0,0.264,0.18,0.225,0.229,2.71,3.652,1.6,0.834,0.793,1.252,83.26,8.303,6.406,3.653,,
2212,Joao Pulisic,24,FB,Nice,Ligue 1,France,1,24,16,2072,7.3,14.0,0.058,0.12,0.045,0.122,0.925,1.635,2.864,1.439,0.807,1.432,72.179,5.731,4.728,1.881,,
2213,Pablo Eriksen,25,W,Clermont,Ligue 1,France,1,32,27,2823,12.2,32.0,0.259,0.195,0.263,0.186,2.683,2.03,1.584,0.983,0.473,0.931,73.903,5.301,5.852,4.011,,
2214,Ismail Vecino,27,FB,Clermont,Ligue 1,France,1,15,11,1309,31.4,87.0,0.075,0.149,0.063,0.191,1.151,2.166,4.32,2.163,1.25,1.999,98.208,7.598,6.82,3.03,,
2215,Iker Thompson,27,ST,Strasbourg,Ligue 1,France,1,7,6,611,20.4,36.0,0.516,0.112,0.513,0.122,4.095,1.735,0.855,0.545,0.384,3.388,78.438,3.894,3.751,2.345,,
2216,Alejandro Zurkowski,22,GK,Strasbourg,Ligue 1,France,1,11,9,970,7.3,19.0,0.004,0.01,0.004,0.004,0.02,0.331,0.139,0.138,0.047,0.114,62.284,2.333,0.536,0.107,65.571,30.241
2217,Trent Szczesny,21,GK,Lens,Ligue 1,France,1,22,15,1923,28.9,94.0,0.007,0.016,0.007,0.008,0.038,0.443,0.245,0.162,0.078,0.21,80.493,2.609,0.888,0.143,74.018,50.76
2218,Frenkie Vlahovic,27,CM,Lyon,Ligue 1,France,1,33,28,2934,49.3,82.0,0.19,0.253,0.161,0.214,2.539,2.394,3.667,1.995,1.329,2.138,107.758,9.037,4.358,2.711,,
2219,Martin Haaland,29,ST,Nice,Ligue 1,France,1,36,32,3152,29.5,63.0,0.505,0.177,0.645,0.13,4.266,1.889,1.205,0.726,0.473,5.006,85.428,4.231,3.681,2.195,,
2220,Carlos Reyna,27,GK,Nantes,Ligue 1,France,1,23,19,2035,33.0,88.0,0.006,0.017,0.009,0.006,0.045,0.459,0.257,0.242,0.083,0.291,91.449,2.891,0.772,0.129,77.827,55.785
2221,Hakim Trezeguet,25,ST,Metz,Ligue 1,France,1,28,22,2445,42.7,152.0,0.528,0.159,0.581,0.121,5.415,1.724,1.34,0.754,0.401,4.837,88.962,4.278,4.782,3.197,,
2222,Leroy Lee,25,AM,Montpellier,Ligue 1,France,1,15,11,1263,30.1,85.0,0.273,0.289,0.312,0.281,3.556,3.412,1.902,0.888,0.83,0.921,76.384,9.44,6.58,3.579,,
2223,Kalidou Fernandez,29,CM,Monaco,Ligue 1,France,1,15,11,1331,30.6,75.0,0.149,0.181,0.144,0.193,2.083,2.681,3.063,1.574,1.582,2.196,88.085,11.489,4.425,1.967,,
2224,Samuel Hall,21,CB,Lens,Ligue 1,France,1,6,5,518,18.5,46.0,0.087,0.047,0.065,0.066,0.871,0.777,3.064,2.37,2.242,4.277,90.758,5.317,2.337,0.693,,
2225,Lorenzo Iwobi,26,W,Montpellier,Ligue 1,France,1,26,21,2282,16.8,38.0,0.293,0.238,0.297,0.22,3.386,2.933,1.829,1.139,0.685,1.118,85.365,6.012,7.973,4.638,,
2226,Marc Robinson,26,FB,PSG,Ligue 1,France,1,34,29,2993,1.9,7.0,0.048,0.08,0.032,0.117,0.863,1.474,2.693,1.172,0.808,1.199,77.616,6.118,3.859,1.684,,
2227,Eric Grimaldo,23,CM,Metz,Ligue 1,France,1,8,6,661,8.3,22.0,0.086,0.144,0.134,0.157,1.637,2.122,2.685,1.58,1.27,1.7,76.533,6.936,4.584,2.185,,
2228,Andre Salah,22,W,PSG,Ligue 1,France,1,28,24,2438,27.6,110.0,0.308,0.23,0.284,0.215,3.703,3.008,1.992,1.226,0.584,1.071,71.752,6.395,6.937,4.919,,
2229,Andre Diaz,27,DM,Nice,Ligue 1,France,1,15,13,1324,30.1,101.0,0.065,0.085,0.039,0.078,1.113,1.877,4.926,2.616,1.665,2.08,83.227,9.436,3.855,1.688,,
2230,Nicolas Russo,26,GK,Nantes,Ligue 1,France,1,30,24,2626,18.7,53.0,0.005,0.015,0.008,0.007,0.031,0.367,0.178,0.179,0.089,0.193,89.126,2.511,0.716,0.122,82.47,36.549
2231,Takumi Aaronson,22,CM,Lyon,Ligue 1,France,1,15,11,1345,46.2,135.0,0.17,0.174,0.155,0.182,2.077,2.215,2.703,2.052,2.018,1.662,104.083,13.308,4.969,2.475,,
2232,Dominik Haaland,23,CM,Rennes,Ligue 1,France,1,35,29,3133,27.1,85.0,0.176,0.231,0.159,0.239,2.705,3.102,3.025,2.196,1.426,2.281,79.57,11.429,4.284,2.713,,
2233,Omar Rodriguez,23,CM,Lille,Ligue 1,France,1,30,21,2618,36.1,73.0,0.157,0.189,0.129,0.259,2.485,1.963,2.73,2.309,1.328,1.586,86.099,9.154,3.983,2.608,,
2234,Christian Peters,24,CB,Clermont,Ligue 1,France,1,33,28,2951,10.6,24.0,0.066,0.052,0.051,0.055,0.754,0.699,2.659,1.65,1.745,4.203,87.84,6.36,2.15,0.497,,
2235,Martin Kiwior,26,CB,Montpellier,Ligue 1,France,1,19,14,1637,18.0,45.0,0.081,0.068,0.085,0.073,0.972,0.774,2.723,2.735,1.92,4.886,97.582,6.306,2.494,0.546,,
2236,Leo Costa,19,CB,Lens,Ligue 1,France,1,7,5,614,4.2,6.0,0.049,0.042,0.048,0.043,0.782,0.522,2.292,1.668,1.621,3.163,87.112,3.96,1.38,0.35,,
2237,Alexander Tadic,23,CM,Lens,Ligue 1,France,1,19,16,1650,6.4,19.0,0.097,0.139,0.094,0.18,1.433,2.079,2.531,1.759,1.26,1.46,92.744,7.303,4.734,1.644,,
2238,Omar Russo,31,W,Le Havre,Ligue 1,France,1,33,27,2961,46.7,169.0,0.373,0.216,0.381,0.345,4.764,3.642,2.472,1.236,0.659,1.272,101.131,5.568,11.285,4.906,,
2239,Sofiane Mbappé,25,AM,PSG,Ligue 1,France,1,28,22,2456,28.1,81.0,0.283,0.334,0.362,0.263,3.199,3.855,1.679,1.263,0.717,1.148,80.877,8.768,6.562,4.428,,
2240,Luis Colombo,27,AM,Clermont,Ligue 1,France,1,8,6,677,24.3,58.0,0.293,0.297,0.3,0.263,3.771,3.371,1.259,1.063,0.714,1.177,74.12,10.392,6.93,3.331,,
2241,Achraf Mendes,21,CM,Strasbourg,Ligue 1,France,1,17,13,1488,34.3,66.0,0.134,0.175,0.147,0.185,1.665,2.131,3.182,1.827,1.437,1.969,87.152,9.349,4.057,2.495,,
2242,Ryan Adams,22,FB,Strasbourg,Ligue 1,France,1,32,28,2868,39.8,151.0,0.061,0.155,0.054,0.188,1.273,2.058,3.534,1.854,1.096,2.395,81.212,9.132,6.014,3.141,,
2243,Lautaro Silva,25,GK,Strasbourg,Ligue 1,France,1,31,25,2726,10.3,22.0,0.006,0.01,0.006,0.005,0.03,0.307,0.167,0.17,0.059,0.197,70.699,2.283,0.531,0.114,80.011,32.507
2244,Sergio Tah,29,CM,Lens,Ligue 1,France,1,15,12,1296,22.7,45.0,0.125,0.129,0.104,0.205,2.085,2.215,2.566,1.727,1.49,2.192,86.802,9.358,4.733,1.751,,
2245,Adama Jimenez,29,CM,Metz,Ligue 1,France,1,22,20,1958,17.8,60.0,0.103,0.176,0.123,0.174,1.641,2.353,2.594,1.491,1.486,1.792,76.994,8.311,4.417,2.186,,
2246,Pablo Sobhi,29,GK,Marseille,Ligue 1,France,1,12,11,1043,26.8,101.0,0.006,0.018,0.007,0.007,0.032,0.384,0.274,0.165,0.058,0.207,65.549,3.426,0.671,0.154,89.233,47.352
2247,Pierre Szczesny,27,CB,Strasbourg,Ligue 1,France,1,27,23,2383,26.1,103.0,0.077,0.06,0.084,0.073,0.878,0.86,2.925,2.47,2.269,3.476,89.069,8.086,2.556,0.588,,
2248,Alejandro Bellingham,26,GK,Montpellier,Ligue 1,France,1,24,17,2132,3.0,11.0,0.005,0.009,0.004,0.004,0.022,0.267,0.108,0.119,0.041,0.112,69.07,1.929,0.454,0.09,63.273,29.172
2249,Son Szczesny,25,CB,Monaco,Ligue 1,France,1,18,13,1612,6.2,11.0,0.052,0.034,0.048,0.045,0.785,0.602,2.347,1.619,1.501,3.581,91.353,5.362,2.072,0.482,,
2250,Sadio Taylor,23,AM,Nice,Ligue 1,France,1,13,11,1121,14.2,47.0,0.297,0.221,0.198,0.27,2.872,3.434,1.464,1.03,0.572,0.976,84.709,8.473,7.038,3.763,,
2251,Alexis Johnson,26,AM,Monaco,Ligue 1,France,1,9,5,748,4.5,14.0,0.203,0.211,0.176,0.228,2.552,2.467,1.041,0.8,0.523,0.888,85.531,6.59,5.108,3.008,,
2252,Ritsu Peters,25,FB,Clermont,Ligue 1,France,1,18,16,1586,7.8,13.0,0.058,0.1,0.04,0.117,1.045,1.853,2.438,1.511,0.871,1.483,78.312,6.622,4.503,1.612,,
2253,Karim Mbappé,22,FB,Reims,Ligue 1,France,1,19,14,1633,48.4,76.0,0.069,0.156,0.067,0.149,1.175,1.95,3.136,2.145,1.111,2.176,76.458,7.245,7.011,2.374,,
2254,Ryan Ndidi,27,AM,Lorient,Ligue 1,France,1,32,30,2808,11.4,18.0,0.245,0.219,0.245,0.23,2.763,3.367,1.153,0.853,0.651,0.9,92.959,7.918,7.801,3.103,,
2255,Phil Park,27,CM,Nantes,Ligue 1,France,1,24,18,2147,29.1,86.0,0.142,0.177,0.154,0.17,2.173,2.379,2.501,1.645,1.416,1.622,85.17,8.831,4.169,2.147,,
2256,Leandro Davies,27,ST,Strasbourg,Ligue 1,France,1,15,12,1347,33.1,79.0,0.693,0.178,0.488,0.19,4.524,1.722,0.914,0.525,0.455,3.573,84.186,3.391,3.344,2.851,,
2257,Lautaro Skov,30,W,Reims,Ligue 1,France,1,26,22,2275,27.1,88.0,0.387,0.245,0.315,0.235,3.353,2.646,1.987,1.125,0.574,1.198,73.296,5.788,8.021,4.823,,
2258,Florian Mane,17,FB,Le Havre,Ligue 1,France,1,18,13,1602,6.4,17.0,0.05,0.111,0.05,0.119,0.869,1.795,3.111,1.58,0.938,1.525,71.514,5.07,4.821,1.726,,
2259,Son Palmer,24,CB,Metz,Ligue 1,France,1,10,7,835,33.9,119.0,0.078,0.067,0.093,0.064,0.808,0.889,3.523,2.369,1.992,3.768,94.147,6.423,2.116,0.868,,
2260,Joshua de Ligt,30,GK,Le Havre,Ligue 1,France,1,28,26,2502,17.7,52.0,0.007,0.014,0.008,0.005,0.027,0.324,0.213,0.234,0.088,0.201,77.636,2.832,0.533,0.123,85.402,35.535
2261,Bruno Vecino,28,FB,Lens,Ligue 1,France,1,24,22,2084,7.6,12.0,0.045,0.113,0.04,0.12,1.073,1.472,2.929,1.355,0.834,1.587,82.745,6.746,4.474,2.04,,
2262,Ansu Piatek,18,DM,PSG,Ligue 1,France,1,5,4,425,8.4,13.0,0.058,0.073,0.038,0.082,0.938,1.21,3.225,2.716,1.544,1.768,101.541,7.119,2.189,1.266,,
2263,Renato Nunez,31,CB,Montpellier,Ligue 1,France,1,36,33,3154,2.3,4.0,0.045,0.03,0.037,0.029,0.758,0.574,2.183,1.682,1.808,3.4,91.723,4.331,1.636,0.413,,
2264,Daniel Araujo,26,W,Montpellier,Ligue 1,France,1,13,10,1132,12.6,49.0,0.368,0.212,0.262,0.247,3.864,3.209,1.528,0.872,0.595,0.909,78.358,5.107,6.829,5.328,,
2265,Kai Davies,27,W,Brest,Ligue 1,France,1,31,22,2764,11.9,26.0,0.297,0.196,0.229,0.187,2.973,2.515,2.015,0.974,0.486,0.87,86.009,4.615,6.008,4.149,,
2266,Romelu Weber,26,AM,Rennes,Ligue 1,France,1,35,28,3078,1.4,4.0,0.196,0.19,0.183,0.176,2.038,2.708,0.953,0.753,0.526,0.763,82.394,6.771,4.991,2.798,,
2267,Emil Vlahovic,25,CB,Montpellier,Ligue 1,France,1,26,19,2263,6.2,24.0,0.054,0.039,0.053,0.036,0.881,0.576,2.642,2.077,1.726,3.246,82.748,5.327,1.984,0.368,,
2268,Sofiane Colombo,21,CM,Metz,Ligue 1,France,1,36,29,3187,25.5,100.0,0.134,0.219,0.157,0.229,2.078,2.912,3.326,1.738,1.52,2.292,92.001,7.695,4.062,2.711,,
2269,Amadou Smith,33,CM,Le Havre,Ligue 1,France,1,32,27,2805,15.9,42.0,0.178,0.199,0.146,0.187,2.444,2.531,3.248,1.843,1.357,2.035,100.494,9.102,5.517,2.801,,
2270,Lorenzo Wilson,25,FB,Toulouse,Ligue 1,France,1,17,13,1507,19.8,60.0,0.066,0.167,0.053,0.168,1.08,1.701,2.725,1.519,1.014,1.75,92.388,7.157,5.75,2.748,,
2271,Achraf Tah,19,FB,Monaco,Ligue 1,France,1,9,7,785,19.8,46.0,0.078,0.124,0.047,0.148,1.201,1.719,3.131,1.77,1.025,1.67,88.759,7.327,6.174,1.741,,
2272,James Odegaard,27,CB,PSG,Ligue 1,France,1,31,23,2703,6.8,10.0,0.064,0.042,0.056,0.04,0.853,0.671,2.602,2.175,1.517,3.962,84.811,4.832,1.871,0.444,,
2273,Robert Mendes,26,W,Nantes,Ligue 1,France,1,13,11,1084,1.8,3.0,0.196,0.151,0.239,0.187,1.992,2.11,1.295,0.758,0.43,0.796,76.931,4.006,5.306,3.724,,
2274,Lorenzo Trezeguet,31,W,Lyon,Ligue 1,France,1,22,20,1916,20.5,32.0,0.319,0.218,0.216,0.256,3.012,2.619,1.654,0.975,0.586,1.058,76.552,5.652,8.406,4.364,,
2275,Kevin Haaland,25,CB,Monaco,Ligue 1,France,1,37,27,3246,20.2,80.0,0.087,0.057,0.076,0.059,1.106,0.645,2.844,2.029,2.473,4.068,94.344,7.859,2.116,0.526,,
2276,Adama Alves,23,CM,PSG,Ligue 1,France,1,13,9,1142,17.1,58.0,0.134,0.138,0.136,0.165,1.584,2.305,2.575,2.053,1.49,1.698,76.989,10.024,4.479,2.206,,
2277,William Fischer,30,DM,PSG,Ligue 1,France,1,31,24,2768,7.4,22.0,0.053,0.062,0.03,0.075,0.929,1.313,3.472,2.165,1.498,1.814,80.056,6.557,2.32,1.251,,
2278,Max Brown,27,ST,Toulouse,Ligue 1,France,1,35,32,3137,28.3,95.0,0.555,0.135,0.655,0.129,4.964,1.731,0.986,0.62,0.348,4.966,82.465,5.151,5.146,3.049,,
2279,Victor Sousa,28,AM,Montpellier,Ligue 1,France,1,14,12,1195,30.1,65.0,0.303,0.292,0.291,0.248,3.458,3.215,1.698,1.516,1.02,1.321,89.74,8.784,6.288,3.532,,
2280,Davide Adams,25,W,Nice,Ligue 1,France,1,15,12,1309,5.4,13.0,0.204,0.163,0.206,0.164,2.682,2.083,1.855,0.794,0.472,0.91,78.643,5.459,6.91,3.99,,
2281,James Ramirez,29,AM,Le Havre,Ligue 1,France,1,9,6,775,17.9,31.0,0.265,0.222,0.283,0.265,3.058,3.509,1.402,1.081,0.632,1.036,95.954,6.829,7.701,4.536,,
2282,Dominik Adams,29,FB,Toulouse,Ligue 1,France,1,28,21,2518,30.9,62.0,0.066,0.208,0.078,0.171,1.378,1.809,2.932,2.756,1.276,2.301,81.419,7.26,6.448,2.715,,
2283,Bruno Hegazi,24,FB,Metz,Ligue 1,France,1,20,13,1777,32.2,65.0,0.073,0.181,0.066,0.187,1.671,2.712,3.461,2.069,1.201,2.356,80.679,7.434,6.711,2.282,,
2284,Eduardo Saka,26,FB,Toulouse,Ligue 1,France,1,22,15,1891,17.0,42.0,0.066,0.124,0.042,0.132,0.97,1.955,2.806,1.348,0.85,1.964,74.936,6.477,5.294,2.15,,
2285,Amadou Konaté,28,FB,Nantes,Ligue 1,France,1,32,24,2800,11.1,40.0,0.046,0.13,0.044,0.136,0.838,1.553,2.311,1.902,0.811,1.706,76.982,5.872,4.742,1.789,,
2286,Simon Kostic,23,CM,Lyon,Ligue 1,France,1,15,11,1268,15.6,27.0,0.148,0.15,0.132,0.204,1.422,2.434,2.943,1.997,1.651,1.942,81.397,9.789,4.046,2.278,,
2287,Patrick Peters,26,CB,Lens,Ligue 1,France,1,32,26,2851,4.6,10.0,0.064,0.036,0.049,0.036,0.751,0.64,1.961,1.835,1.415,3.065,85.961,5.013,1.455,0.478,,
2288,Frenkie Santos,26,W,Strasbourg,Ligue 1,France,1,18,16,1585,31.8,74.0,0.377,0.289,0.39,0.202,4.569,3.06,2.054,1.555,0.689,1.204,85.815,7.187,10.812,4.612,,
2289,Cole Muller,24,CM,Montpellier,Ligue 1,France,1,6,4,525,8.8,25.0,0.102,0.134,0.108,0.137,1.518,1.763,2.333,2.051,1.27,1.708,78.389,9.551,4.214,1.957,,
2290,Karim Zurkowski,30,ST,Clermont,Ligue 1,France,1,9,5,751,14.8,58.0,0.405,0.139,0.51,0.14,3.98,1.41,0.914,0.649,0.304,3.337,83.397,3.228,4.133,2.013,,
2291,Casemiro Tadic,28,ST,PSG,Ligue 1,France,1,20,17,1755,10.6,41.0,0.526,0.107,0.436,0.111,3.522,1.366,0.897,0.405,0.281,2.838,74.093,3.038,3.661,1.687,,
2292,Joshua Trezeguet,26,GK,Nice,Ligue 1,France,1,23,18,2035,44.4,134.0,0.01,0.014,0.009,0.007,0.045,0.408,0.318,0.221,0.07,0.181,86.692,4.015,0.789,0.151,84.899,41.294
2293,Robert Vecino,25,FB,Monaco,Ligue 1,France,1,32,29,2860,49.7,92.0,0.097,0.19,0.092,0.158,1.543,2.174,3.678,2.581,1.358,2.003,91.197,10.335,6.291,3.256,,
2294,David Martinez,35,FB,Toulouse,Ligue 1,France,1,24,21,2099,6.2,18.0,0.071,0.167,0.047,0.183,1.208,1.807,3.253,1.756,1.058,1.829,75.008,8.976,5.844,2.059,,
2295,Pau Salah,29,W,Lens,Ligue 1,France,1,33,26,2931,28.4,100.0,0.341,0.278,0.394,0.244,4.231,2.269,1.955,1.243,0.54,1.138,94.461,6.391,8.072,5.617,,
2296,Vinicius Williams,20,W,Lyon,Ligue 1,France,1,33,23,2957,21.0,72.0,0.292,0.194,0.235,0.233,2.781,2.482,1.613,1.28,0.514,1.014,77.243,6.409,7.611,4.956,,
2297,Yves McKennie,25,AM,Lorient,Ligue 1,France,1,31,26,2769,14.1,56.0,0.294,0.246,0.255,0.243,2.231,3.081,1.329,0.933,0.645,0.97,80.697,8.282,7.614,3.435,,
2298,Pablo Musah,23,ST,Nantes,Ligue 1,France,1,7,4,591,50.9,149.0,0.569,0.172,0.571,0.224,5.484,1.815,1.364,0.824,0.461,3.757,89.667,5.186,5.157,3.117,,
2299,Matthijs Jones,21,GK,Toulouse,Ligue 1,France,1,27,20,2385,66.1,235.0,0.008,0.019,0.009,0.008,0.05,0.363,0.196,0.24,0.1,0.344,82.608,4.031,1.014,0.175,92.681,61.637
2300,Nabil Adams,18,CM,Le Havre,Ligue 1,France,1,9,7,786,44.9,120.0,0.18,0.197,0.174,0.234,2.069,3.385,2.401,2.395,1.839,2.111,100.413,10.919,5.756,3.041,,
2301,Ryan Rodriguez,17,W,Clermont,Ligue 1,France,1,7,5,610,37.7,142.0,0.37,0.243,0.346,0.302,4.096,3.289,2.314,1.596,0.804,1.344,80.363,7.254,10.678,5.909,,
2302,Ruben Gordon,24,GK,PSG,Ligue 1,France,1,36,28,3152,14.9,47.0,0.006,0.013,0.006,0.005,0.033,0.308,0.203,0.141,0.06,0.168,70.411,2.769,0.525,0.113,74.649,33.779
2303,Gavi Osimhen,26,DM,Lille,Ligue 1,France,1,32,26,2871,11.1,34.0,0.055,0.06,0.045,0.075,1.244,1.434,3.548,2.354,1.394,1.989,86.042,6.998,2.801,1.295,,
2304,Axel Odegaard,25,CM,Metz,Ligue 1,France,1,11,7,988,3.0,6.0,0.111,0.105,0.106,0.126,1.59,1.569,2.427,1.251,1.183,1.141,88.461,8.592,3.775,1.821,,
2305,Jamal Milinkovic-Savic,24,CB,Montpellier,Ligue 1,France,1,19,15,1627,29.1,63.0,0.088,0.054,0.052,0.067,1.126,0.657,3.134,2.379,2.079,3.324,96.687,7.377,2.239,0.593,,
2306,Pau McKennie,17,ST,Lens,Ligue 1,France,1,12,9,1026,20.2,77.0,0.613,0.175,0.472,0.162,5.026,1.791,1.52,0.514,0.404,4.315,78.94,4.582,3.725,3.458,,
2307,Jamal Lindstrom,18,DM,Reims,Ligue 1,France,1,18,13,1596,19.5,58.0,0.049,0.084,0.044,0.088,1.118,1.703,4.2,2.903,1.491,2.423,81.005,9.792,3.012,1.129,,
2308,Virgil Rodriguez,21,FB,Clermont,Ligue 1,France,1,25,21,2163,49.1,116.0,0.111,0.162,0.055,0.177,1.379,2.231,3.037,2.02,1.413,1.713,76.533,8.565,6.316,2.976,,
2309,Harry Sobhi,27,CM,Lorient,Ligue 1,France,1,24,22,2072,14.5,57.0,0.116,0.162,0.131,0.212,2.193,2.007,2.12,1.444,1.264,2.018,90.824,9.443,4.232,2.18,,
2310,Marcus Grimaldo,27,AM,Monaco,Ligue 1,France,1,19,14,1638,7.5,14.0,0.188,0.196,0.209,0.232,2.861,3.21,1.128,0.956,0.579,1.037,71.011,7.882,5.766,3.158,,
2311,Marcus Silva,19,FB,Brest,Ligue 1,France,1,14,10,1221,29.4,45.0,0.073,0.172,0.056,0.161,1.364,2.569,3.576,1.931,1.203,2.045,87.798,8.235,5.826,2.933,,
2312,Nicolo Robinson,29,AM,PSG,Ligue 1,France,1,22,19,1939,20.2,79.0,0.316,0.238,0.323,0.294,2.913,3.717,1.568,1.271,0.891,0.939,86.84,8.822,7.822,3.181,,
2313,Ansu Diallo,24,FB,Lille,Ligue 1,France,1,8,6,645,41.1,77.0,0.063,0.148,0.056,0.162,1.72,1.993,3.386,2.251,1.037,2.168,78.993,8.127,5.592,3.033,,
2314,Vitinha Park,21,FB,Clermont,Ligue 1,France,1,33,28,2927,29.9,99.0,0.075,0.173,0.055,0.164,1.361,1.756,3.02,1.537,1.048,1.62,83.948,6.394,5.478,2.421,,
2315,Pablo Aaronson,27,ST,Lorient,Ligue 1,France,1,37,35,3241,16.9,41.0,0.48,0.125,0.406,0.136,4.617,1.369,1.006,0.574,0.288,2.851,74.134,3.255,3.327,2.42,,
2316,Jonathan Camara,27,CB,Le Havre,Ligue 1,France,1,17,16,1525,19.6,36.0,0.097,0.04,0.06,0.044,0.93,0.788,2.495,2.255,2.264,4.51,95.865,7.556,2.244,0.526,,
2317,Leo Eriksen,29,ST,Marseille,Ligue 1,France,1,12,7,995,9.1,18.0,0.427,0.095,0.439,0.095,3.481,1.38,0.856,0.445,0.279,2.946,77.964,2.91,3.171,1.968,,
2318,Robin Kostic,25,CB,Lorient,Ligue 1,France,1,15,13,1317,14.3,32.0,0.057,0.043,0.051,0.063,0.922,0.689,2.95,2.38,1.59,3.662,94.806,5.741,1.678,0.516,,
2319,Jamal Costa,21,DM,Clermont,Ligue 1,France,1,13,9,1133,31.3,87.0,0.056,0.083,0.047,0.093,1.262,1.785,4.079,2.693,1.904,2.348,107.045,9.036,4.181,1.638,,
2320,Sadio Grimaldo,26,CB,Lyon,Ligue 1,France,1,25,19,2211,4.6,8.0,0.071,0.028,0.047,0.035,0.636,0.47,2.157,1.764,1.531,2.994,96.363,4.997,1.664,0.431,,
2321,Lucas Meyer,27,AM,Lyon,Ligue 1,France,1,13,9,1126,5.9,22.0,0.219,0.215,0.266,0.229,2.439,3.351,1.394,0.841,0.705,0.873,78.487,6.842,6.909,2.767,,
2322,William Araujo,28,CB,Le Havre,Ligue 1,France,1,26,23,2268,12.4,47.0,0.067,0.043,0.068,0.055,0.749,0.757,2.431,2.385,1.621,3.506,82.357,4.873,2.029,0.565,,
2323,Edouard Foden,26,ST,Rennes,Ligue 1,France,1,28,24,2469,19.3,71.0,0.476,0.159,0.521,0.178,5.112,1.592,1.039,0.506,0.311,3.369,69.499,3.892,3.644,3.057,,
2324,Erling Valverde,26,DM,Le Havre,Ligue 1,France,1,13,9,1118,39.8,95.0,0.077,0.13,0.055,0.1,1.725,1.485,4.982,3.844,1.833,2.351,107.492,8.227,4.56,2.267,,
2325,Diogo Nunez,24,CB,Lille,Ligue 1,France,1,12,9,1080,30.9,115.0,0.094,0.054,0.09,0.047,1.237,0.851,2.905,2.846,1.745,4.941,92.536,7.363,2.834,0.644,,
2326,Cody Rice,24,CM,Montpellier,Ligue 1,France,1,8,7,699,10.4,18.0,0.088,0.124,0.117,0.173,1.873,1.595,2.509,1.71,1.211,1.598,84.005,8.402,4.081,2.085,,
2327,Rafa Romano,29,CB,Lille,Ligue 1,France,1,21,20,1872,8.4,26.0,0.064,0.047,0.064,0.047,0.747,0.737,2.805,2.202,1.751,3.914,96.319,5.312,1.928,0.501,,
2328,Pierre Bakker,32,CB,Marseille,Ligue 1,France,1,29,25,2589,41.2,75.0,0.138,0.055,0.072,0.087,1.004,0.779,2.97,2.358,1.895,5.709,92.747,6.717,2.486,0.761,,
2329,Jude Trezeguet,29,AM,Nantes,Ligue 1,France,1,36,29,3193,33.0,87.0,0.347,0.261,0.371,0.288,3.111,4.874,1.901,0.984,0.857,1.056,80.983,7.384,9.461,3.982,,
2330,Daichi Romano,26,AM,Toulouse,Ligue 1,France,1,8,7,672,5.6,16.0,0.201,0.183,0.236,0.249,2.446,3.071,1.171,0.865,0.478,0.842,72.104,6.08,7.044,3.527,,
2331,Khvicha Wilson,28,DM,Lorient,Ligue 1,France,1,29,27,2602,4.7,8.0,0.036,0.058,0.026,0.082,0.889,1.061,3.188,1.859,1.352,1.957,89.526,7.083,2.23,1.175,,
2332,Moussa Ricci,28,ST,Reims,Ligue 1,France,1,25,18,2194,7.5,13.0,0.382,0.095,0.433,0.095,3.269,1.356,0.975,0.396,0.317,3.444,75.418,3.443,3.159,1.898,,
2333,Ruben Eriksen,28,CM,Le Havre,Ligue 1,France,1,19,15,1662,12.1,40.0,0.128,0.138,0.134,0.16,1.883,2.134,2.548,1.698,1.218,1.909,94.457,8.049,3.934,1.966,,
2334,Leon Salah,20,AM,Monaco,Ligue 1,France,1,36,29,3204,11.6,19.0,0.247,0.222,0.225,0.27,2.695,2.794,1.544,0.894,0.589,0.957,84.499,8.399,7.112,3.756,,
2335,Julian Grimaldo,25,CM,Marseille,Ligue 1,France,1,26,24,2296,17.5,35.0,0.147,0.154,0.14,0.206,1.67,2.665,2.323,1.931,1.432,1.86,80.969,8.169,5.216,2.054,,
2336,Joshua Schmidt,28,GK,Lorient,Ligue 1,France,1,20,17,1761,49.5,108.0,0.008,0.023,0.007,0.011,0.055,0.348,0.325,0.302,0.083,0.25,88.142,2.835,0.716,0.191,87.147,39.39
2337,Youssef Silva,28,DM,Reims,Ligue 1,France,1,7,5,553,13.4,31.0,0.037,0.083,0.04,0.107,1.051,1.323,4.575,3.017,1.734,2.22,88.51,8.457,3.435,1.344,,
2338,Moises de Ligt,23,CB,Rennes,Ligue 1,France,1,29,25,2563,49.3,118.0,0.108,0.07,0.078,0.085,1.276,0.709,3.396,3.45,2.391,4.408,82.584,8.613,2.427,0.815,,
2339,Sandro Santos,29,DM,Le Havre,Ligue 1,France,1,8,5,719,26.5,98.0,0.062,0.1,0.044,0.095,1.516,1.542,3.715,3.146,1.613,2.436,93.301,8.085,2.57,1.698,,
2340,Ferran Romano,31,CB,Strasbourg,Ligue 1,France,1,15,12,1309,3.4,7.0,0.058,0.043,0.05,0.044,0.641,0.552,1.951,1.671,1.769,3.455,87.533,5.046,1.486,0.439,,
2341,Declan Bakker,25,CB,Monaco,Ligue 1,France,1,13,9,1106,6.9,11.0,0.054,0.047,0.051,0.035,0.745,0.692,2.146,1.791,1.84,3.181,98.104,5.135,1.995,0.529,,
2342,Mikel Jimenez,25,DM,Montpellier,Ligue 1,France,1,33,30,2942,16.3,63.0,0.042,0.104,0.04,0.111,1.289,1.49,4.602,2.641,1.609,2.355,80.008,7.332,3.913,1.452,,
2343,Charles Ferrari,27,W,Rennes,Ligue 1,France,1,14,11,1236,55.6,138.0,0.395,0.263,0.368,0.287,4.095,2.984,2.476,1.367,0.686,1.691,78.821,5.513,8.511,5.552,,
2344,Alexander Musah,27,AM,Lorient,Ligue 1,France,1,23,19,2068,32.3,122.0,0.331,0.237,0.275,0.305,3.686,4.298,1.529,1.362,0.762,1.204,85.227,7.344,6.725,4.785,,
2345,Omar Bellingham,31,GK,Reims,Ligue 1,France,1,21,16,1822,24.3,37.0,0.009,0.012,0.008,0.008,0.034,0.457,0.211,0.266,0.065,0.178,68.502,3.066,0.944,0.129,88.705,35.953
2346,Nicolas Lewandowski,31,FB,Toulouse,Ligue 1,France,1,31,23,2739,17.2,49.0,0.074,0.16,0.048,0.158,0.903,1.779,2.836,2.08,1.188,1.475,86.561,7.824,5.774,2.211,,
2347,Frenkie Muller,25,CB,Metz,Ligue 1,France,1,10,7,827,25.5,71.0,0.087,0.049,0.093,0.071,0.914,0.702,2.275,2.434,2.385,3.884,99.954,7.582,2.305,0.665,,
2348,Angel Costa,24,AM,Nantes,Ligue 1,France,1,31,29,2779,17.0,32.0,0.294,0.271,0.257,0.264,3.194,3.485,1.54,1.001,0.853,1.102,91.713,7.49,7.314,3.735,,
2349,Alexander Schlotterbeck,29,CM,Toulouse,Ligue 1,France,1,24,22,2147,31.0,122.0,0.148,0.208,0.169,0.19,1.532,2.496,3.02,1.507,1.911,2.243,95.124,11.078,4.456,2.783,,
2350,Omar Bentancur,19,FB,Nantes,Ligue 1,France,1,16,12,1355,10.4,31.0,0.048,0.099,0.049,0.165,0.877,1.592,2.813,1.529,1.138,1.74,81.158,6.69,4.53,1.985,,
2351,Matteo Musiala,18,CB,Rennes,Ligue 1,France,1,11,7,924,5.9,15.0,0.051,0.035,0.049,0.036,0.904,0.555,2.511,2.007,1.597,2.74,91.569,5.087,1.959,0.596,,
2352,James Aaronson,22,ST,PSG,Ligue 1,France,1,6,5,530,52.9,177.0,0.57,0.158,0.492,0.21,3.956,2.073,1.206,0.851,0.486,3.973,79.828,5.08,4.394,2.887,,
2353,Sandro Walker,25,W,Rennes,Ligue 1,France,1,23,19,2018,6.9,23.0,0.23,0.173,0.2,0.17,2.384,2.324,1.256,0.86,0.481,0.951,78.719,4.077,6.095,3.303,,
2354,Hakim Hernandez,22,W,Nantes,Ligue 1,France,1,11,10,979,18.8,35.0,0.31,0.227,0.261,0.194,2.469,2.083,1.559,0.794,0.432,0.933,69.218,5.251,7.226,5.026,,
2355,Gabriel Skov,25,CB,Strasbourg,Ligue 1,France,1,19,18,1686,13.6,21.0,0.078,0.037,0.062,0.041,0.802,0.668,1.908,1.942,1.63,3.887,92.557,5.33,2.328,0.428,,
2356,Thomas Lewandowski,25,CB,Reims,Ligue 1,France,1,27,25,2378,17.4,55.0,0.084,0.056,0.068,0.054,0.814,0.642,2.866,2.135,2.166,4.106,91.253,5.349,2.386,0.484,,
2357,Declan Reyna,24,FB,Rennes,Ligue 1,France,1,19,15,1663,21.1,74.0,0.051,0.14,0.05,0.156,1.21,1.705,2.932,1.391,1.06,1.646,89.921,8.023,5.124,2.294,,
2358,Neymar Robinson,31,CM,Lille,Ligue 1,France,1,19,15,1690,25.6,44.0,0.181,0.245,0.18,0.187,2.807,2.733,2.993,1.988,1.824,1.716,103.913,11.455,5.013,2.408,,
2359,Kylian Lookman,20,FB,Clermont,Ligue 1,France,1,17,15,1449,9.3,25.0,0.046,0.134,0.041,0.129,0.933,1.924,3.109,1.408,1.008,1.321,87.559,7.455,4.381,1.748,,
2360,Renato Iwobi,29,FB,Clermont,Ligue 1,France,1,7,4,579,32.9,62.0,0.064,0.23,0.062,0.179,1.337,1.828,3.471,2.211,1.212,1.859,86.7,8.139,5.959,2.773,,
2361,Vinicius Osimhen,20,CM,Montpellier,Ligue 1,France,1,8,7,705,8.9,34.0,0.124,0.157,0.126,0.158,1.479,2.332,2.6,1.604,1.506,1.358,90.845,7.229,3.862,2.004,,
2362,Daniel Muller,28,AM,Monaco,Ligue 1,France,1,19,15,1635,4.1,10.0,0.262,0.234,0.206,0.207,2.321,2.949,1.258,0.719,0.557,0.737,87.364,6.351,5.289,3.322,,
2363,Goncalo McKennie,31,CB,Lens,Ligue 1,France,1,10,8,880,20.6,43.0,0.091,0.065,0.075,0.06,1.012,0.738,2.334,2.789,2.315,4.249,79.941,5.677,2.455,0.54,,
2364,Bernardo Palmer,21,W,Lens,Ligue 1,France,1,19,16,1644,15.3,40.0,0.322,0.242,0.299,0.213,3.456,2.627,1.956,0.848,0.613,1.077,89.565,6.366,8.047,4.648,,
2365,Moussa Xhaka,24,ST,Brest,Ligue 1,France,1,19,13,1625,13.9,30.0,0.427,0.15,0.487,0.129,4.356,1.389,1.016,0.509,0.27,3.781,89.007,4.179,3.439,1.902,,
2366,Marco Taylor,22,W,Lyon,Ligue 1,France,1,25,21,2163,45.2,168.0,0.365,0.294,0.342,0.284,3.486,3.146,1.772,1.331,0.729,1.413,81.338,6.341,9.108,5.317,,
2367,Rafa Pereira,21,CB,Clermont,Ligue 1,France,1,32,25,2866,30.4,52.0,0.078,0.049,0.073,0.047,1.191,0.759,2.682,2.215,2.394,5.08,86.201,7.445,1.908,0.686,,
2368,Neymar Taylor,29,W,Nice,Ligue 1,France,1,34,29,3000,30.9,69.0,0.354,0.211,0.367,0.264,3.298,2.959,2.449,1.344,0.686,1.196,80.607,6.374,9.961,4.724,,
2369,Enzo Aaronson,24,DM,Metz,Ligue 1,France,1,15,12,1263,16.9,65.0,0.053,0.083,0.032,0.087,0.887,1.389,3.639,2.442,1.618,2.211,77.375,7.751,3.09,1.396,,
2370,Daniel Tadic,33,FB,Lorient,Ligue 1,France,1,12,10,1073,3.2,11.0,0.055,0.102,0.047,0.112,0.916,1.383,2.665,1.533,0.999,1.334,85.576,5.682,4.656,1.549,,
2371,Edouard Fischer,20,CM,Le Havre,Ligue 1,France,1,10,6,819,17.2,46.0,0.103,0.184,0.105,0.182,1.478,2.306,2.948,1.619,1.57,1.852,84.389,8.398,4.122,2.275,,
2372,Adama Palmer,26,AM,PSG,Ligue 1,France,1,13,12,1107,18.4,66.0,0.315,0.296,0.281,0.28,3.487,3.152,1.77,0.972,0.815,1.251,87.982,7.053,6.415,3.979,,
2373,Edouard Vlahovic,23,GK,Clermont,Ligue 1,France,1,11,8,913,7.9,12.0,0.006,0.009,0.006,0.006,0.025,0.339,0.133,0.152,0.062,0.131,66.319,2.62,0.464,0.083,68.896,30.86
2374,Robin Park,23,ST,Monaco,Ligue 1,France,1,12,8,1046,33.4,105.0,0.77,0.192,0.705,0.186,4.847,2.224,1.104,0.881,0.499,4.619,88.652,4.053,4.815,2.613,,
2375,Christian Rossi,27,CB,Lens,Ligue 1,France,1,10,8,812,10.9,36.0,0.069,0.042,0.057,0.046,0.825,0.717,2.659,1.759,1.625,3.429,99.611,5.99,1.747,0.583,,
2376,Gabriel Colombo,23,FB,Clermont,Ligue 1,France,1,8,5,717,25.8,70.0,0.076,0.174,0.058,0.163,1.246,2.049,3.483,2.264,0.954,2.233,85.334,7.087,4.98,1.85,,
2377,Romelu Silva,29,ST,Brest,Ligue 1,France,1,24,18,2082,13.3,32.0,0.428,0.122,0.46,0.143,3.911,1.133,0.92,0.487,0.29,3.324,73.353,3.485,3.404,2.255,,
2378,Daniel Kiwior,26,CB,Nice,Ligue 1,France,1,9,6,754,6.2,21.0,0.063,0.033,0.049,0.045,0.733,0.627,2.522,1.966,1.775,3.359,82.369,5.187,1.59,0.466,,
2379,Marco Grimaldo,24,CM,Montpellier,Ligue 1,France,1,25,17,2219,12.1,38.0,0.107,0.152,0.095,0.174,1.838,1.992,2.381,1.655,1.598,1.765,84.035,8.738,3.482,1.981,,
2380,Kevin King,26,W,Strasbourg,Ligue 1,France,1,28,20,2483,25.3,61.0,0.316,0.216,0.387,0.248,3.603,2.285,1.773,1.267,0.649,0.919,77.691,6.005,7.264,5.457,,
2381,Jude Schmidt,24,ST,Lens,Ligue 1,France,1,13,10,1117,11.4,30.0,0.328,0.124,0.489,0.104,3.388,1.232,1.012,0.505,0.273,3.502,67.93,2.965,3.644,2.328,,
2382,Marcus Diaz,17,CM,Reims,Ligue 1,France,1,19,14,1709,36.2,112.0,0.197,0.284,0.166,0.223,2.099,2.85,3.159,2.096,1.852,2.454,81.626,12.447,5.575,2.32,,
2383,Toby Hall,24,W,Lille,Ligue 1,France,1,29,24,2595,18.5,46.0,0.387,0.198,0.302,0.255,3.212,2.483,1.64,0.947,0.549,0.887,83.363,5.499,8.978,4.281,,
2384,Yves Garcia,21,CB,Nice,Ligue 1,France,1,27,21,2426,24.8,72.0,0.075,0.047,0.066,0.058,0.922,0.918,2.87,2.405,2.137,4.102,86.855,4.772,2.044,0.571,,
2385,Emil Becker,21,AM,Strasbourg,Ligue 1,France,1,20,17,1751,19.0,64.0,0.286,0.219,0.235,0.258,2.441,3.278,1.33,0.969,0.678,0.959,76.379,6.842,5.92,3.271,,
2386,Cody Hegazi,29,FB,Reims,Ligue 1,France,1,33,25,2889,25.9,64.0,0.063,0.139,0.062,0.121,0.922,1.598,2.817,2.069,1.274,1.921,93.392,5.878,6.616,2.236,,
2387,Davide Meyer,18,CM,Marseille,Ligue 1,France,1,7,5,587,10.7,39.0,0.095,0.157,0.113,0.171,1.724,2.506,2.394,1.549,1.197,1.301,80.613,9.76,4.123,1.506,,
2388,Jamal Nunez,31,ST,PSG,Ligue 1,France,1,32,25,2833,26.8,87.0,0.496,0.118,0.591,0.161,3.887,1.619,1.22,0.723,0.387,4.712,80.649,4.501,4.796,2.685,,
2389,Virgil Costa,26,DM,Strasbourg,Ligue 1,France,1,36,33,3206,14.9,40.0,0.055,0.064,0.039,0.076,0.998,1.224,3.562,2.889,1.537,1.956,101.143,9.378,2.747,1.367,,
2390,Iker Touré,22,CB,Lorient,Ligue 1,France,1,9,7,784,46.7,100.0,0.105,0.052,0.071,0.059,0.943,0.703,3.038,2.281,1.907,4.397,99.447,7.817,2.839,0.648,,
2391,Jonathan Thompson,29,W,Montpellier,Ligue 1,France,1,13,9,1132,16.5,28.0,0.369,0.177,0.273,0.218,3.72,2.575,1.662,0.97,0.543,1.05,91.962,5.683,7.373,4.579,,
2392,Phil Adams,27,AM,Clermont,Ligue 1,France,1,15,14,1325,8.8,33.0,0.269,0.182,0.251,0.209,2.479,3.527,1.075,1.075,0.517,0.846,70.272,8.11,6.897,3.496,,
2393,Yves Bentancur,21,ST,Lille,Ligue 1,France,1,13,9,1084,12.2,46.0,0.371,0.124,0.398,0.105,3.773,1.392,0.822,0.431,0.274,2.94,78.191,3.326,3.519,2.188,,
2394,Declan Dembélé,29,AM,Metz,Ligue 1,France,1,11,9,940,37.0,64.0,0.344,0.265,0.236,0.26,2.931,4.286,1.547,1.51,0.763,0.963,95.946,9.108,7.633,4.226,,
2395,Jan Bassey,31,FB,Le Havre,Ligue 1,France,1,12,10,1000,10.3,23.0,0.059,0.102,0.061,0.16,1.043,1.851,3.245,1.545,0.983,1.75,72.127,7.808,5.626,1.954,,
2396,Moussa Lookman,28,DM,Toulouse,Ligue 1,France,1,27,25,2372,64.0,181.0,0.092,0.13,0.055,0.101,1.027,1.748,5.047,2.564,1.437,2.889,91.055,8.977,4.551,2.022,,
2397,Timothy Becker,29,AM,Nice,Ligue 1,France,1,24,17,2089,16.4,61.0,0.292,0.209,0.272,0.221,2.679,3.618,1.24,0.847,0.739,0.976,83.71,7.324,6.585,4.026,,
2398,Federico Marino,29,ST,Lorient,Ligue 1,France,1,27,24,2378,26.0,75.0,0.504,0.138,0.605,0.131,5.141,1.578,1.023,0.64,0.374,4.713,70.602,4.069,3.373,2.595,,
2399,Luis Sobhi,26,CB,Reims,Ligue 1,France,1,11,10,953,17.7,68.0,0.067,0.067,0.069,0.052,0.849,0.719,2.769,2.434,1.869,4.595,80.063,6.305,2.714,0.518,,
2400,Cody Santos,32,FB,Reims,Ligue 1,France,1,31,23,2787,33.5,95.0,0.101,0.147,0.078,0.151,0.99,2.381,3.776,1.808,1.472,2.302,78.811,7.628,6.198,2.388,,
2401,Leandro Andersen,33,CM,Go Ahead Eagles,Eredivisie,Netherlands,2,28,22,2454,3.0,5.0,0.126,0.138,0.11,0.137,1.449,1.922,2.763,1.829,1.128,1.32,87.369,8.464,4.363,1.849,,
2402,Adama Robinson,24,DM,Go Ahead Eagles,Eredivisie,Netherlands,2,25,17,2216,19.5,32.0,0.05,0.094,0.047,0.093,1.121,1.664,4.463,2.829,2.224,2.629,98.213,8.591,3.309,1.719,,
2403,Omar Ricci,28,CB,Go Ahead Eagles,Eredivisie,Netherlands,2,11,10,974,10.5,24.0,0.088,0.059,0.089,0.058,1.14,0.961,2.594,1.994,2.206,4.34,98.626,7.108,2.028,0.705,,
2404,Gavi Pereira,28,AM,AZ Alkmaar,Eredivisie,Netherlands,2,32,30,2796,3.1,6.0,0.228,0.194,0.226,0.236,2.736,2.728,1.279,0.757,0.512,0.736,90.69,6.269,6.439,2.906,,
2405,Max Araujo,24,CM,AZ Alkmaar,Eredivisie,Netherlands,2,20,17,1758,10.4,41.0,0.119,0.168,0.144,0.197,1.743,2.251,2.237,1.624,1.664,1.609,75.254,8.513,4.137,2.049,,
2406,Pau Wirtz,27,CM,Ajax,Eredivisie,Netherlands,2,7,6,625,6.1,24.0,0.101,0.135,0.097,0.134,1.406,1.778,2.275,1.599,1.515,1.548,74.788,7.267,4.146,1.758,,
2407,Paulo Rice,21,W,Heerenveen,Eredivisie,Netherlands,2,8,6,708,32.3,56.0,0.45,0.219,0.381,0.267,4.229,2.893,2.374,1.589,0.656,1.213,89.899,5.675,9.24,5.677,,
2408,Victor Romano,26,W,Utrecht,Eredivisie,Netherlands,2,30,22,2620,9.2,22.0,0.313,0.257,0.235,0.206,3.92,2.164,1.746,1.015,0.519,0.83,92.137,5.876,6.669,4.402,,
2409,Axel Alves,30,CM,AZ Alkmaar,Eredivisie,Netherlands,2,21,14,1801,15.3,59.0,0.14,0.183,0.131,0.203,2.557,2.883,3.113,2.34,1.57,2.34,86.867,11.206,6.142,2.244,,
2410,Cody Dembélé,29,CM,PSV,Eredivisie,Netherlands,2,27,23,2354,1.6,5.0,0.074,0.124,0.071,0.132,1.594,1.935,2.051,1.507,1.032,1.283,77.047,8.374,3.292,1.575,,
2411,Rafael Moreno,27,FB,Ajax,Eredivisie,Netherlands,2,34,30,2989,5.5,19.0,0.049,0.131,0.039,0.121,0.985,1.717,2.266,1.622,1.112,1.9,73.456,6.834,4.983,1.778,,
2412,Diogo Russo,26,AM,Heerenveen,Eredivisie,Netherlands,2,10,7,823,3.2,5.0,0.264,0.165,0.194,0.247,2.077,3.033,1.446,0.93,0.624,0.956,78.707,6.273,6.429,3.023,,
2413,Simon Skov,21,ST,PSV,Eredivisie,Netherlands,2,27,23,2366,10.6,21.0,0.415,0.169,0.455,0.123,4.405,1.542,0.847,0.523,0.301,3.925,73.975,3.661,3.246,2.071,,
2414,Youssef Son,25,FB,Feyenoord,Eredivisie,Netherlands,2,23,16,2063,4.2,10.0,0.052,0.103,0.033,0.127,0.814,1.559,2.768,1.425,0.903,1.264,77.66,6.644,5.448,1.751,,
2415,Lucas Camara,19,FB,Heerenveen,Eredivisie,Netherlands,2,12,10,1046,3.9,6.0,0.066,0.14,0.044,0.145,0.842,1.665,2.889,1.409,1.125,1.498,69.423,5.341,4.713,1.769,,
2416,Mikel Lookman,31,DM,Heerenveen,Eredivisie,Netherlands,2,34,24,3004,1.0,3.0,0.036,0.047,0.025,0.065,0.792,1.122,3.337,1.665,1.126,1.813,87.946,6.446,2.082,0.879,,
2418,Karim Mane,27,CM,Heerenveen,Eredivisie,Netherlands,2,30,26,2654,3.0,6.0,0.099,0.102,0.083,0.129,1.588,1.728,2.486,1.518,1.25,1.541,86.416,9.184,3.137,1.465,,
2419,Luis Fischer,27,AM,Utrecht,Eredivisie,Netherlands,2,15,10,1345,1.6,5.0,0.172,0.19,0.17,0.208,2.169,2.691,1.092,0.718,0.505,0.758,75.097,6.145,6.477,2.996,,
2420,Edouard Garcia,28,ST,Twente,Eredivisie,Netherlands,2,23,16,2023,1.2,5.0,0.389,0.099,0.363,0.106,3.08,1.21,0.767,0.362,0.293,2.897,65.245,2.728,3.414,1.784,,
2421,Youssef Salah,25,FB,Ajax,Eredivisie,Netherlands,2,13,12,1157,4.3,7.0,0.054,0.11,0.043,0.121,1.138,1.87,2.413,1.806,0.906,1.621,75.156,6.495,4.408,2.148,,
2422,Amadou Saka,26,W,Utrecht,Eredivisie,Netherlands,2,8,5,675,11.7,31.0,0.33,0.214,0.313,0.257,2.906,2.674,1.918,1.1,0.666,1.028,88.563,5.61,7.53,4.642,,
2423,Bruno Fischer,20,CB,Go Ahead Eagles,Eredivisie,Netherlands,2,8,6,640,13.6,22.0,0.08,0.071,0.087,0.061,0.886,0.783,3.022,2.246,2.274,4.243,79.735,7.152,1.738,0.575,,
2424,Jamal Diaz,23,W,Twente,Eredivisie,Netherlands,2,24,23,2149,19.8,65.0,0.446,0.236,0.292,0.295,3.468,2.903,2.076,1.466,0.622,1.561,77.095,6.743,8.5,5.569,,
2425,Rodri Andersen,25,CM,Feyenoord,Eredivisie,Netherlands,2,28,25,2432,6.4,19.0,0.15,0.171,0.129,0.156,1.657,2.212,2.605,1.64,1.583,1.58,75.384,8.697,4.746,2.133,,
2426,Luka Palmer,30,FB,Utrecht,Eredivisie,Netherlands,2,31,26,2763,7.5,21.0,0.065,0.112,0.044,0.146,1.071,2.084,2.67,2.064,0.9,1.843,83.183,8.046,6.071,2.734,,
2427,Gavi Araujo,27,W,AZ Alkmaar,Eredivisie,Netherlands,2,34,32,3011,20.9,54.0,0.345,0.245,0.342,0.276,3.636,2.639,2.164,1.15,0.604,1.152,70.753,5.31,7.618,4.788,,
2428,Phil Fernandez,26,CM,Feyenoord,Eredivisie,Netherlands,2,31,29,2781,2.2,5.0,0.072,0.14,0.076,0.15,1.363,1.737,1.972,1.485,1.256,1.281,93.104,7.924,3.653,1.669,,
2429,Leandro Moreno,28,W,Heerenveen,Eredivisie,Netherlands,2,16,14,1399,18.6,57.0,0.308,0.298,0.361,0.277,2.758,2.513,1.793,1.187,0.585,1.028,93.962,6.071,8.396,6.351,,
2430,Alexander Szczesny,32,W,Go Ahead Eagles,Eredivisie,Netherlands,2,34,23,3028,4.9,16.0,0.34,0.181,0.287,0.215,2.787,2.864,1.724,1.283,0.503,1.277,92.02,5.154,8.596,4.232,,
2431,Christian Bakker,32,FB,PSV,Eredivisie,Netherlands,2,30,25,2669,4.6,12.0,0.058,0.114,0.051,0.143,1.002,1.314,2.678,1.781,1.039,1.494,94.982,5.401,5.018,1.812,,
2432,Kevin Schmidt,22,CM,Ajax,Eredivisie,Netherlands,2,20,19,1757,1.3,3.0,0.067,0.105,0.082,0.115,1.375,1.689,2.074,1.265,1.001,1.153,95.921,6.17,3.394,1.337,,
2433,Yves Bakker,28,AM,AZ Alkmaar,Eredivisie,Netherlands,2,21,14,1804,4.1,14.0,0.184,0.208,0.184,0.251,2.71,3.204,1.306,0.754,0.594,0.926,69.847,7.826,5.907,2.871,,
2434,Achraf Weber,28,CB,Feyenoord,Eredivisie,Netherlands,2,17,16,1518,7.5,29.0,0.067,0.043,0.049,0.044,0.919,0.618,2.289,1.833,1.808,3.345,77.072,5.296,2.124,0.586,,
2435,Robert Jimenez,24,GK,Go Ahead Eagles,Eredivisie,Netherlands,2,34,26,2998,5.9,20.0,0.006,0.012,0.005,0.006,0.027,0.262,0.158,0.197,0.05,0.167,78.124,2.332,0.57,0.115,81.818,34.579
2436,Alvaro Hall,26,CB,Heerenveen,Eredivisie,Netherlands,2,16,13,1390,6.0,22.0,0.084,0.053,0.053,0.035,0.675,0.615,2.693,2.25,1.696,3.859,102.455,4.88,1.766,0.468,,
2437,Ferran Muller,25,GK,PSV,Eredivisie,Netherlands,2,23,18,2070,11.0,43.0,0.006,0.013,0.007,0.007,0.027,0.339,0.176,0.161,0.082,0.171,75.722,2.491,0.669,0.129,83.454,37.778
2438,Edouard Park,24,ST,Ajax,Eredivisie,Netherlands,2,28,20,2499,19.6,64.0,0.45,0.161,0.507,0.135,3.918,1.37,1.109,0.535,0.355,3.835,67.32,4.876,3.84,2.939,,
2439,Eduardo Sobhi,22,CB,Feyenoord,Eredivisie,Netherlands,2,25,20,2170,2.1,5.0,0.044,0.037,0.035,0.032,0.761,0.555,2.105,1.592,1.364,2.562,73.666,4.856,1.425,0.402,,
2440,Victor Smith,28,AM,Ajax,Eredivisie,Netherlands,2,15,11,1328,9.0,28.0,0.226,0.217,0.226,0.293,2.743,3.637,1.276,0.758,0.603,1.142,86.897,6.123,7.443,3.446,,
2441,Max Son,27,FB,Go Ahead Eagles,Eredivisie,Netherlands,2,9,5,726,2.8,7.0,0.043,0.096,0.035,0.124,0.788,1.481,2.757,1.632,0.884,1.524,73.688,5.446,4.231,1.554,,
2442,Victor Silva,25,CB,Feyenoord,Eredivisie,Netherlands,2,26,23,2310,9.7,15.0,0.07,0.057,0.08,0.052,0.819,0.624,3.009,2.721,1.902,3.889,89.596,6.373,2.276,0.625,,
2443,Ismail Visser,30,DM,Twente,Eredivisie,Netherlands,2,27,24,2346,10.8,31.0,0.051,0.086,0.047,0.094,1.276,1.707,5.16,2.733,1.824,2.278,89.892,8.064,2.684,1.753,,
2444,Leon Valverde,23,FB,Heerenveen,Eredivisie,Netherlands,2,17,12,1461,20.5,31.0,0.086,0.16,0.055,0.16,1.221,2.015,4.15,2.081,1.317,2.099,87.342,9.113,5.647,2.226,,
2446,Iker Zurkowski,28,ST,Utrecht,Eredivisie,Netherlands,2,21,19,1812,10.4,31.0,0.533,0.125,0.406,0.144,3.967,1.592,0.809,0.476,0.435,3.541,77.654,3.627,3.747,2.629,,
2447,Luka Gordon,22,W,PSV,Eredivisie,Netherlands,2,26,18,2274,11.9,46.0,0.299,0.198,0.274,0.185,3.623,2.176,1.516,1.116,0.621,1.091,90.957,4.679,8.112,4.427,,
2448,Declan Mendes,23,W,Feyenoord,Eredivisie,Netherlands,2,9,7,752,14.4,54.0,0.259,0.206,0.327,0.22,3.309,3.211,2.187,1.129,0.598,1.149,81.636,6.276,9.639,4.93,,
2449,Hiroki Bakker,26,CM,Ajax,Eredivisie,Netherlands,2,7,5,619,3.4,9.0,0.115,0.113,0.093,0.175,1.502,2.118,2.167,1.568,1.367,1.433,94.599,7.309,3.504,1.511,,
2450,Dani Park,22,GK,PSV,Eredivisie,Netherlands,2,23,16,2014,7.5,23.0,0.005,0.011,0.006,0.005,0.028,0.35,0.151,0.136,0.053,0.198,70.036,2.621,0.543,0.1,61.273,27.794
2451,Virgil Santos,27,W,Ajax,Eredivisie,Netherlands,2,22,19,1925,6.6,12.0,0.345,0.176,0.237,0.196,3.641,2.368,1.651,0.977,0.507,0.966,81.467,4.611,6.566,4.535,,
2452,Marc Johnson,26,CM,Heerenveen,Eredivisie,Netherlands,2,31,22,2764,1.5,4.0,0.088,0.094,0.084,0.122,1.47,1.777,1.837,1.367,1.334,1.475,77.042,8.006,3.689,1.642,,
2453,Nicolas Brown,26,CB,Twente,Eredivisie,Netherlands,2,16,13,1437,9.3,23.0,0.067,0.055,0.075,0.06,0.857,0.867,2.468,2.038,1.933,3.047,98.212,5.872,2.25,0.535,,
2454,Ryan Andersen,28,CM,Utrecht,Eredivisie,Netherlands,2,16,12,1379,5.5,16.0,0.121,0.152,0.124,0.187,1.417,1.965,2.626,1.27,1.623,1.703,75.802,7.959,3.685,1.767,,
2455,Dani Jimenez,22,CB,Ajax,Eredivisie,Netherlands,2,31,27,2718,2.5,9.0,0.053,0.034,0.042,0.042,0.672,0.622,2.29,1.846,1.542,2.759,75.131,5.002,1.662,0.368,,
2456,Hiroki van Dijk,24,CM,Feyenoord,Eredivisie,Netherlands,2,31,21,2780,11.0,44.0,0.108,0.194,0.124,0.173,1.449,1.839,2.949,1.834,1.221,1.84,84.576,9.74,4.484,1.796,,
2457,Miguel Hall,29,DM,Utrecht,Eredivisie,Netherlands,2,7,4,564,5.7,11.0,0.05,0.073,0.039,0.088,0.932,1.184,3.498,2.064,1.219,2.247,79.728,6.565,2.317,1.306,,
2458,Frenkie Visser,22,CM,Feyenoord,Eredivisie,Netherlands,2,20,19,1794,9.9,19.0,0.112,0.178,0.12,0.158,1.696,2.141,2.056,1.681,1.403,1.632,100.085,9.317,3.442,1.99,,
2459,James Valverde,31,CB,Ajax,Eredivisie,Netherlands,2,19,14,1648,4.0,15.0,0.071,0.048,0.054,0.034,0.77,0.625,2.561,2.228,1.412,3.31,82.853,5.134,2.067,0.413,,
2460,Omar Bassey,31,ST,Heerenveen,Eredivisie,Netherlands,2,30,27,2676,16.3,46.0,0.602,0.155,0.582,0.169,4.506,2.039,1.142,0.525,0.413,3.877,84.058,4.093,3.566,2.489,,
2461,Antoine Camara,19,CM,Heerenveen,Eredivisie,Netherlands,2,8,7,690,1.5,5.0,0.094,0.099,0.089,0.133,1.516,1.892,2.374,1.423,1.195,1.27,82.427,7.288,3.346,1.666,,
2462,James Thompson,18,ST,Ajax,Eredivisie,Netherlands,2,18,15,1604,14.2,39.0,0.45,0.135,0.429,0.133,4.572,1.411,1.258,0.514,0.477,3.907,81.476,3.263,3.511,2.169,,
2463,Alvaro Hegazi,29,W,Feyenoord,Eredivisie,Netherlands,2,9,6,775,11.3,44.0,0.348,0.182,0.354,0.281,3.04,3.194,1.992,1.213,0.436,1.409,87.759,6.145,6.807,4.293,,
2464,Frenkie Hegazi,20,FB,Twente,Eredivisie,Netherlands,2,33,28,2968,18.8,29.0,0.095,0.207,0.072,0.162,1.049,1.951,3.643,2.737,1.427,1.993,84.618,7.801,5.67,2.386,,
2465,Joao Wirtz,26,W,AZ Alkmaar,Eredivisie,Netherlands,2,19,16,1663,12.1,19.0,0.242,0.215,0.329,0.218,3.694,2.829,1.863,1.055,0.553,1.201,75.854,4.818,7.078,4.843,,
2466,Pau Visser,32,CB,Heerenveen,Eredivisie,Netherlands,2,9,7,771,1.7,4.0,0.056,0.034,0.044,0.039,0.771,0.674,2.103,1.563,1.51,3.073,74.851,4.896,1.715,0.473,,
2467,Martin Trezeguet,28,CB,Heerenveen,Eredivisie,Netherlands,2,33,30,2957,4.4,14.0,0.055,0.04,0.056,0.045,0.656,0.53,2.204,1.663,1.99,3.726,85.926,6.013,1.817,0.476,,
2468,Mikel Hegazi,28,GK,Go Ahead Eagles,Eredivisie,Netherlands,2,9,8,778,1.2,2.0,0.004,0.009,0.004,0.005,0.022,0.26,0.122,0.138,0.05,0.137,62.602,2.247,0.552,0.081,71.364,24.035
2469,Omar Jones,23,CB,Go Ahead Eagles,Eredivisie,Netherlands,2,28,27,2485,5.3,8.0,0.05,0.043,0.065,0.054,0.856,0.711,2.866,1.798,1.614,4.121,90.964,5.504,1.889,0.554,,
2470,Samuel Brown,25,CM,Heerenveen,Eredivisie,Netherlands,2,32,29,2851,6.0,11.0,0.1,0.144,0.091,0.132,1.708,1.783,2.431,1.408,1.156,1.738,82.877,7.276,4.353,1.904,,
2471,Virgil Martinez,21,GK,PSV,Eredivisie,Netherlands,2,14,12,1251,9.5,23.0,0.005,0.012,0.006,0.007,0.035,0.441,0.22,0.223,0.06,0.258,85.957,2.874,0.774,0.141,66.817,46.6
2472,Raphael McKennie,23,CB,Feyenoord,Eredivisie,Netherlands,2,16,15,1401,7.8,27.0,0.071,0.043,0.06,0.05,0.902,0.863,3.168,2.346,2.318,4.264,93.163,4.995,2.16,0.428,,
2473,Edouard Martinez,26,W,Go Ahead Eagles,Eredivisie,Netherlands,2,8,7,709,5.9,12.0,0.28,0.204,0.292,0.187,2.561,2.005,1.568,1.021,0.468,1.008,92.731,5.346,7.169,3.594,,
2474,Romelu Lewandowski,27,CM,PSV,Eredivisie,Netherlands,2,31,28,2711,12.7,21.0,0.151,0.173,0.15,0.169,1.804,2.928,2.656,1.563,1.607,1.63,77.769,10.633,5.416,2.409,,
2475,Matteo Fischer,32,CM,Feyenoord,Eredivisie,Netherlands,2,22,21,1925,6.0,9.0,0.111,0.168,0.14,0.235,1.965,2.066,2.117,1.802,1.727,2.248,86.86,7.661,4.463,2.133,,
2476,Enzo Sousa,20,ST,Twente,Eredivisie,Netherlands,2,8,6,683,7.9,27.0,0.437,0.115,0.461,0.119,3.916,1.251,0.992,0.497,0.357,3.126,84.097,3.874,4.074,2.081,,
2477,Khvicha Musiala,29,CB,AZ Alkmaar,Eredivisie,Netherlands,2,29,21,2599,10.5,23.0,0.064,0.048,0.057,0.059,0.828,0.844,3.089,2.264,1.761,3.796,85.891,7.206,2.062,0.543,,
2478,Pierre Skov,24,CB,PSV,Eredivisie,Netherlands,2,10,7,825,18.2,72.0,0.088,0.064,0.091,0.071,0.995,0.749,2.609,2.286,2.402,3.364,83.632,6.862,2.168,0.7,,
2479,Alejandro Vlahovic,25,W,Utrecht,Eredivisie,Netherlands,2,28,22,2483,28.1,53.0,0.326,0.301,0.334,0.222,4.127,3.489,1.958,1.428,0.819,1.27,73.255,6.088,9.092,5.441,,
2480,Charles Sobhi,32,FB,Feyenoord,Eredivisie,Netherlands,2,24,22,2137,7.9,19.0,0.069,0.116,0.049,0.144,1.009,2.254,3.121,2.084,1.016,1.542,79.544,8.351,4.898,1.935,,
2481,Neymar Rice,28,AM,Heerenveen,Eredivisie,Netherlands,2,31,29,2731,6.4,24.0,0.213,0.221,0.256,0.236,2.333,2.892,1.295,0.806,0.64,1.187,80.816,7.156,6.719,3.306,,
2482,Ismail Zielinski,25,CB,PSV,Eredivisie,Netherlands,2,33,26,2907,7.9,31.0,0.082,0.052,0.047,0.05,0.723,0.738,2.582,1.988,1.692,3.465,75.368,5.288,2.21,0.532,,
2483,Antoine Oliveira,24,ST,AZ Alkmaar,Eredivisie,Netherlands,2,11,9,917,6.0,22.0,0.515,0.127,0.427,0.147,3.704,1.425,0.863,0.53,0.323,3.266,67.207,4.008,3.965,2.025,,
2484,Amadou Xhaka,20,CM,Ajax,Eredivisie,Netherlands,2,30,22,2644,3.8,8.0,0.096,0.169,0.096,0.148,1.802,2.005,2.204,1.589,1.418,1.315,85.014,7.403,4.489,1.703,,
2485,Romelu Tah,23,CB,PSV,Eredivisie,Netherlands,2,10,8,818,14.5,53.0,0.084,0.069,0.07,0.062,0.89,0.944,2.594,2.843,1.731,3.845,81.901,7.474,2.203,0.602,,
2486,Pierre Suarez,24,DM,AZ Alkmaar,Eredivisie,Netherlands,2,34,30,3021,8.2,14.0,0.041,0.065,0.038,0.08,0.945,1.612,3.562,2.289,1.281,2.282,78.33,7.621,2.928,1.33,,
2487,Darwin Taylor,25,CB,Go Ahead Eagles,Eredivisie,Netherlands,2,17,14,1491,2.1,8.0,0.06,0.041,0.045,0.031,0.773,0.606,2.263,1.703,1.296,3.218,93.776,4.49,1.475,0.427,,
2488,Paulo Ferrari,31,CM,Heerenveen,Eredivisie,Netherlands,2,35,27,3062,16.6,36.0,0.122,0.17,0.158,0.181,1.599,2.032,3.383,1.917,2.084,2.366,81.06,9.534,4.934,2.503,,
2489,Takumi Musah,25,AM,Go Ahead Eagles,Eredivisie,Netherlands,2,20,14,1796,1.7,3.0,0.166,0.159,0.191,0.189,1.833,2.851,1.019,0.656,0.441,0.685,79.396,6.131,6.34,3.295,,
2490,Axel Robinson,20,CB,Go Ahead Eagles,Eredivisie,Netherlands,2,18,17,1603,0.7,2.0,0.046,0.029,0.032,0.03,0.716,0.454,2.038,1.953,1.35,2.631,75.842,4.681,1.249,0.35,,
2491,Marco Camara,27,FB,Feyenoord,Eredivisie,Netherlands,2,33,30,2922,4.8,13.0,0.051,0.126,0.047,0.131,0.801,1.715,3.298,1.405,0.866,1.734,81.101,6.992,4.726,1.626,,
2492,Simon Diaz,25,CB,Feyenoord,Eredivisie,Netherlands,2,16,14,1371,1.2,4.0,0.046,0.036,0.041,0.03,0.731,0.508,2.092,1.884,1.707,3.028,79.345,4.464,1.25,0.358,,
2493,Darwin Sobhi,29,W,PSV,Eredivisie,Netherlands,2,20,18,1781,1.2,3.0,0.222,0.167,0.188,0.176,2.177,2.059,1.366,0.602,0.409,0.756,85.899,4.419,6.138,3.626,,
2494,Thiago Haaland,17,CB,AZ Alkmaar,Eredivisie,Netherlands,2,11,8,950,2.7,4.0,0.062,0.038,0.062,0.043,0.66,0.732,2.176,2.039,1.622,3.77,85.122,5.391,1.768,0.465,,
2495,Dominik Costa,31,CB,Twente,Eredivisie,Netherlands,2,9,6,727,14.3,43.0,0.085,0.056,0.081,0.052,1.018,0.75,2.737,2.078,2.141,3.784,91.042,5.654,2.265,0.656,,
2496,Yves Mendes,19,CB,Heerenveen,Eredivisie,Netherlands,2,14,9,1176,23.4,41.0,0.111,0.051,0.081,0.065,1.222,0.863,3.793,2.382,2.049,4.418,92.481,6.627,2.337,0.651,,
2497,Diego Davies,18,W,Feyenoord,Eredivisie,Netherlands,2,19,13,1683,7.6,23.0,0.338,0.243,0.254,0.291,3.846,2.64,1.682,1.297,0.71,1.147,86.071,5.293,8.815,4.856,,
2498,Daichi Onyeka,24,ST,Ajax,Eredivisie,Netherlands,2,19,15,1708,3.2,6.0,0.396,0.124,0.363,0.106,4.338,1.328,0.808,0.392,0.291,3.202,75.257,3.546,3.765,1.867,,
2499,Leandro Marino,30,CB,Feyenoord,Eredivisie,Netherlands,2,8,5,716,5.9,20.0,0.06,0.05,0.066,0.039,0.909,0.669,2.452,2.276,1.692,3.414,87.988,5.054,1.605,0.443,,
2500,Julian Williams,26,CM,AZ Alkmaar,Eredivisie,Netherlands,2,14,10,1206,4.3,14.0,0.101,0.158,0.095,0.173,1.586,1.823,2.28,1.728,1.185,1.451,92.095,9.463,3.46,1.731,,
2501,Diego White,26,FB,Go Ahead Eagles,Eredivisie,Netherlands,2,21,16,1826,23.0,77.0,0.087,0.145,0.074,0.179,1.168,2.033,3.671,2.289,1.374,2.347,72.972,8.14,4.662,2.135,,
2502,Raphael Foden,25,FB,Utrecht,Eredivisie,Netherlands,2,35,32,3117,6.2,24.0,0.052,0.134,0.053,0.146,0.812,2.03,2.778,1.51,1.183,1.912,86.597,6.471,5.249,1.78,,
2503,Sandro Kostic,18,CM,Ajax,Eredivisie,Netherlands,2,6,4,519,14.5,55.0,0.133,0.146,0.194,0.189,2.404,2.951,2.59,2.721,1.741,1.88,85.218,10.295,4.448,2.561,,
2504,Federico Camara,28,W,Ajax,Eredivisie,Netherlands,2,27,24,2414,16.4,31.0,0.386,0.219,0.349,0.28,3.589,2.999,2.151,0.978,0.682,1.251,83.253,6.609,9.053,5.913,,
2505,Rodri Schmidt,26,ST,Go Ahead Eagles,Eredivisie,Netherlands,2,19,14,1636,4.2,8.0,0.379,0.122,0.392,0.105,4.205,1.264,0.91,0.58,0.312,2.482,85.889,2.561,3.557,1.94,,
2506,Ferran Sobhi,18,CB,AZ Alkmaar,Eredivisie,Netherlands,2,12,11,1017,3.8,15.0,0.049,0.035,0.045,0.037,0.898,0.61,2.261,1.996,1.517,4.01,82.211,5.138,1.994,0.531,,
2507,Edouard Hegazi,31,CB,Twente,Eredivisie,Netherlands,2,7,4,590,1.7,4.0,0.051,0.044,0.052,0.04,0.587,0.485,2.215,1.62,1.733,3.064,92.52,4.359,1.63,0.428,,
2508,Davide Wilson,29,CM,Utrecht,Eredivisie,Netherlands,2,9,8,807,3.8,11.0,0.122,0.149,0.095,0.136,1.59,2.354,2.038,1.5,1.224,1.552,96.574,6.586,3.283,1.808,,
2509,Emil Foden,24,AM,PSV,Eredivisie,Netherlands,2,10,6,846,5.7,20.0,0.276,0.204,0.269,0.23,2.738,3.502,1.497,1.13,0.581,0.801,89.341,6.97,6.641,2.894,,
2510,Ritsu Lee,27,CM,Utrecht,Eredivisie,Netherlands,2,9,6,791,9.2,15.0,0.142,0.205,0.144,0.164,1.6,2.348,2.879,1.527,1.437,1.585,86.322,8.048,4.332,1.729,,
2511,Robin Ndidi,28,ST,Ajax,Eredivisie,Netherlands,2,19,15,1655,3.1,12.0,0.41,0.125,0.44,0.108,3.811,1.391,0.745,0.522,0.353,3.227,76.411,2.836,3.777,2.272,,
2512,Jonathan Hegazi,25,CB,Ajax,Eredivisie,Netherlands,2,14,10,1212,5.7,11.0,0.062,0.052,0.062,0.047,0.783,0.719,2.085,1.736,1.84,3.295,102.054,5.497,1.912,0.517,,
2513,Sandro Bellingham,27,FB,Feyenoord,Eredivisie,Netherlands,2,18,16,1604,1.1,2.0,0.041,0.093,0.026,0.111,0.901,1.345,2.5,1.349,0.8,1.499,87.822,5.221,4.284,1.63,,
2514,Thomas Onyeka,29,DM,AZ Alkmaar,Eredivisie,Netherlands,2,28,25,2450,7.4,23.0,0.042,0.062,0.045,0.082,0.95,1.245,4.249,2.838,1.454,1.989,93.797,7.005,2.833,1.195,,
2515,Jonathan Musah,24,AM,Twente,Eredivisie,Netherlands,2,13,9,1146,3.7,10.0,0.252,0.236,0.231,0.254,2.084,2.949,1.388,0.775,0.586,0.758,74.745,5.963,7.1,3.228,,
2516,Khvicha Aaronson,27,CM,Utrecht,Eredivisie,Netherlands,2,28,19,2452,15.4,28.0,0.154,0.216,0.15,0.19,2.003,2.852,3.097,1.933,1.341,2.635,77.501,10.661,6.176,2.734,,
2517,Pau Ramirez,21,W,Twente,Eredivisie,Netherlands,2,13,9,1088,4.8,8.0,0.213,0.212,0.256,0.214,2.624,2.378,1.256,0.816,0.413,0.907,77.546,5.513,6.446,4.084,,
2518,Gavi Rodriguez,29,AM,Twente,Eredivisie,Netherlands,2,31,23,2730,12.4,42.0,0.231,0.273,0.292,0.275,2.831,3.419,1.574,1.433,0.7,1.169,84.215,8.918,6.045,4.055,,
2519,Thomas Bakker,24,ST,AZ Alkmaar,Eredivisie,Netherlands,2,9,8,774,2.1,8.0,0.402,0.082,0.333,0.111,3.21,1.148,0.794,0.354,0.314,2.543,69.631,3.072,3.095,1.686,,
2520,Jamal Thompson,28,W,Heerenveen,Eredivisie,Netherlands,2,35,24,3150,6.1,12.0,0.332,0.221,0.259,0.207,3.489,2.494,1.868,0.89,0.483,0.832,86.297,5.483,7.979,4.719,,
2521,Renato Diallo,28,ST,Feyenoord,Eredivisie,Netherlands,2,29,27,2598,12.5,44.0,0.578,0.136,0.485,0.125,4.287,1.382,1.109,0.577,0.359,4.696,78.092,2.76,3.459,2.734,,
2522,Romelu White,25,ST,Twente,Eredivisie,Netherlands,2,10,6,819,19.2,61.0,0.622,0.137,0.419,0.156,4.254,1.556,1.149,0.701,0.342,4.049,80.663,4.376,3.845,3.108,,
2523,Neymar Jimenez,18,CB,AZ Alkmaar,Eredivisie,Netherlands,2,16,15,1409,0.7,1.0,0.046,0.038,0.036,0.028,0.674,0.44,2.287,1.727,1.333,2.589,95.715,4.966,1.64,0.341,,
2524,Eduardo Nunez,28,AM,Utrecht,Eredivisie,Netherlands,2,24,18,2136,18.1,60.0,0.328,0.214,0.286,0.264,2.767,4.186,1.381,1.098,0.631,1.378,96.106,8.206,6.688,3.976,,
2525,Emil Lee,27,W,Twente,Eredivisie,Netherlands,2,35,28,3095,1.8,5.0,0.259,0.171,0.226,0.211,2.592,1.933,1.294,0.71,0.436,0.856,69.174,5.075,6.698,3.878,,
2526,Hakim Garcia,26,GK,Utrecht,Eredivisie,Netherlands,2,12,11,1035,9.0,25.0,0.006,0.016,0.006,0.007,0.042,0.438,0.171,0.244,0.072,0.2,90.962,2.505,0.898,0.155,80.143,39.412
2527,Marc Musah,24,FB,Twente,Eredivisie,Netherlands,2,8,5,682,18.1,31.0,0.067,0.136,0.055,0.159,1.204,1.623,3.579,2.179,1.184,2.291,83.625,7.963,5.778,2.537,,
2528,Matthijs Salah,29,AM,Heerenveen,Eredivisie,Netherlands,2,24,18,2084,5.2,19.0,0.247,0.238,0.206,0.262,2.784,3.165,1.06,0.931,0.694,0.848,70.667,7.076,6.159,3.25,,
2529,Cole Camara,27,CB,AZ Alkmaar,Eredivisie,Netherlands,2,24,18,2110,8.0,30.0,0.088,0.056,0.057,0.049,1.083,0.637,3.047,2.346,2.015,3.189,78.832,5.212,2.231,0.672,,
2530,Darwin Oliveira,23,FB,PSV,Eredivisie,Netherlands,2,17,12,1458,1.2,4.0,0.037,0.095,0.028,0.116,0.646,1.164,2.701,1.48,0.802,1.179,89.484,5.838,3.41,1.381,,
2531,Thomas Kim,25,CM,Utrecht,Eredivisie,Netherlands,2,29,26,2588,4.0,10.0,0.1,0.152,0.1,0.152,1.416,1.849,2.829,1.45,1.238,1.592,93.532,8.644,3.861,1.96,,
2532,Luka Rodriguez,26,CM,Go Ahead Eagles,Eredivisie,Netherlands,2,13,11,1108,17.6,37.0,0.122,0.136,0.113,0.179,2.495,2.052,2.317,2.196,1.643,1.894,84.002,8.751,3.652,2.439,,
2533,Pierre Gonzalez,26,CB,AZ Alkmaar,Eredivisie,Netherlands,2,29,20,2584,16.2,33.0,0.089,0.053,0.072,0.048,0.971,0.753,2.855,2.225,1.642,4.423,81.655,6.778,2.573,0.583,,
2534,Eric Haaland,26,DM,Ajax,Eredivisie,Netherlands,2,23,21,2063,3.2,8.0,0.034,0.067,0.028,0.081,0.934,1.205,3.447,2.799,1.084,2.043,85.697,8.063,2.412,1.119,,
2535,Renato Jimenez,28,AM,Ajax,Eredivisie,Netherlands,2,26,23,2263,1.1,4.0,0.167,0.184,0.169,0.203,1.837,2.37,1.0,0.667,0.445,0.687,88.359,7.238,4.935,2.685,,
2536,Marc Odegaard,29,CB,AZ Alkmaar,Eredivisie,Netherlands,2,7,6,611,7.8,15.0,0.089,0.047,0.063,0.055,0.816,0.866,2.613,2.065,1.86,3.296,95.406,5.652,1.977,0.604,,
2537,Ritsu Thompson,26,AM,PSV,Eredivisie,Netherlands,2,7,5,606,14.3,27.0,0.36,0.278,0.268,0.268,3.015,3.876,1.58,1.405,0.82,1.041,73.979,9.067,8.006,3.932,,
2538,Iker Gonzalez,29,CM,AZ Alkmaar,Eredivisie,Netherlands,2,7,5,541,9.4,27.0,0.14,0.151,0.155,0.219,2.062,2.369,2.117,2.217,1.484,2.074,90.911,8.039,5.564,1.935,,
2539,Achraf Kamada,22,AM,Heerenveen,Eredivisie,Netherlands,2,27,21,2395,9.9,22.0,0.284,0.205,0.232,0.314,2.863,3.402,1.172,1.062,0.883,1.208,79.927,8.067,5.818,4.131,,
2540,Ritsu Adams,25,ST,PSV,Eredivisie,Netherlands,2,9,6,744,1.0,2.0,0.35,0.095,0.395,0.096,3.58,1.068,0.744,0.391,0.296,2.397,77.638,2.687,2.714,1.688,,
2541,Diogo Aaronson,22,W,Twente,Eredivisie,Netherlands,2,8,6,685,25.1,50.0,0.369,0.212,0.371,0.211,4.545,3.122,2.085,1.107,0.586,1.127,76.972,6.571,9.939,4.724,,
2542,Diego Ferrari,26,GK,Feyenoord,Eredivisie,Netherlands,2,27,23,2427,17.3,36.0,0.007,0.02,0.008,0.008,0.04,0.343,0.267,0.228,0.078,0.248,86.885,3.577,0.696,0.148,82.349,47.836
2543,Diego Diaz,25,AM,Heerenveen,Eredivisie,Netherlands,2,16,12,1423,2.8,5.0,0.205,0.188,0.204,0.244,2.526,2.874,1.456,0.935,0.67,0.872,75.673,6.784,5.757,3.249,,
2544,James Weber,23,CB,AZ Alkmaar,Eredivisie,Netherlands,2,29,24,2540,11.5,24.0,0.09,0.039,0.062,0.06,0.923,0.82,2.689,2.583,1.941,4.126,102.08,6.755,1.926,0.552,,
2545,Omar McKennie,26,AM,Ajax,Eredivisie,Netherlands,2,7,5,547,3.8,11.0,0.178,0.204,0.243,0.251,1.975,2.933,1.179,0.806,0.52,0.801,76.539,5.995,5.561,3.026,,
2546,Adama Camara,29,GK,PSV,Eredivisie,Netherlands,2,30,25,2640,11.9,40.0,0.008,0.015,0.006,0.007,0.034,0.336,0.206,0.207,0.065,0.164,72.441,2.995,0.543,0.106,76.186,36.181
2547,Moussa Touré,29,FB,Twente,Eredivisie,Netherlands,2,20,15,1718,17.1,65.0,0.071,0.169,0.05,0.163,1.323,1.876,3.474,1.87,1.365,2.063,75.135,7.813,5.75,2.225,,
2548,Dani Trezeguet,27,CM,AZ Alkmaar,Eredivisie,Netherlands,2,12,9,1003,21.5,69.0,0.137,0.162,0.171,0.229,2.292,2.787,3.656,2.684,1.92,2.019,79.387,9.724,4.153,2.123,,
2549,Moussa Rossi,24,CB,Heerenveen,Eredivisie,Netherlands,2,30,26,2674,0.8,2.0,0.043,0.033,0.034,0.028,0.605,0.611,2.145,1.818,1.294,3.107,84.166,4.814,1.314,0.325,,
2550,Rodri Iwobi,30,DM,PSV,Eredivisie,Netherlands,2,11,9,935,3.8,6.0,0.038,0.061,0.031,0.077,0.976,1.068,3.527,2.018,1.269,1.565,94.872,7.55,2.718,1.129,,
2551,Antoine Adams,24,GK,PSV,Eredivisie,Netherlands,2,32,28,2836,7.9,28.0,0.006,0.011,0.006,0.006,0.026,0.314,0.184,0.156,0.076,0.167,74.095,2.597,0.693,0.138,79.792,43.673
2552,Ansu Johnson,27,CB,Heerenveen,Eredivisie,Netherlands,2,12,8,1023,3.8,12.0,0.055,0.034,0.049,0.036,0.723,0.575,1.976,2.118,1.427,3.138,84.633,4.483,1.708,0.481,,
2553,Bruno Tadic,27,ST,AZ Alkmaar,Eredivisie,Netherlands,2,12,9,1020,2.4,9.0,0.461,0.093,0.337,0.11,3.721,1.205,0.849,0.524,0.238,3.3,68.642,2.425,3.287,2.352,,
2554,Thomas Szczesny,22,CB,Twente,Eredivisie,Netherlands,2,10,8,853,19.3,63.0,0.065,0.047,0.063,0.054,0.95,0.655,3.028,2.298,1.694,3.463,101.964,5.857,2.184,0.649,,
2555,Mikel Rodriguez,26,CM,Feyenoord,Eredivisie,Netherlands,2,21,15,1834,11.1,19.0,0.108,0.156,0.122,0.185,1.617,2.336,3.194,2.071,1.51,1.948,92.918,8.324,4.517,2.744,,
2556,Angel Dembélé,25,FB,Heerenveen,Eredivisie,Netherlands,2,34,31,3012,8.1,21.0,0.074,0.106,0.052,0.146,1.005,1.795,3.17,1.426,1.19,1.801,90.354,6.418,4.04,2.05,,
2557,Hiroki Wagner,30,W,Ajax,Eredivisie,Netherlands,2,30,22,2617,4.5,14.0,0.317,0.173,0.299,0.2,2.967,2.592,1.978,1.074,0.583,0.779,87.628,5.628,6.822,4.617,,
2558,Emil Mendes,25,DM,AZ Alkmaar,Eredivisie,Netherlands,2,32,28,2815,17.7,65.0,0.059,0.091,0.033,0.088,1.207,1.592,3.968,2.23,1.794,2.478,80.9,9.441,3.17,1.939,,
2559,Max Moreno,26,CB,Heerenveen,Eredivisie,Netherlands,2,33,31,2955,2.0,7.0,0.051,0.032,0.043,0.032,0.726,0.648,2.396,1.93,1.691,3.281,96.038,4.276,1.559,0.352,,
2560,Kylian Park,23,FB,Heerenveen,Eredivisie,Netherlands,2,16,12,1434,6.2,17.0,0.075,0.131,0.059,0.177,1.233,1.761,3.486,2.199,1.074,2.151,74.822,7.241,4.278,1.723,,
2561,Pau Haaland,28,FB,PSV,Eredivisie,Netherlands,2,11,8,978,15.6,54.0,0.065,0.148,0.047,0.153,1.06,1.846,3.439,2.258,1.182,2.121,96.32,7.497,6.9,2.283,,
2562,Thiago Wilson,26,CM,Ajax,Eredivisie,Netherlands,2,25,19,2217,5.4,19.0,0.113,0.163,0.115,0.181,1.573,1.895,2.505,1.833,1.226,1.76,81.523,8.804,3.915,1.653,,
2563,Rafael Pereira,25,AM,PSV,Eredivisie,Netherlands,2,32,27,2801,14.9,56.0,0.339,0.241,0.296,0.326,3.159,3.111,1.28,1.074,0.767,1.329,93.743,7.112,6.496,4.164,,
2564,Hakim Hegazi,29,CB,Go Ahead Eagles,Eredivisie,Netherlands,2,15,11,1330,8.5,23.0,0.08,0.063,0.072,0.046,0.969,0.696,2.445,2.259,1.94,3.62,99.128,5.753,1.741,0.43,,
2565,Nicolo White,26,FB,Twente,Eredivisie,Netherlands,2,24,17,2120,19.6,62.0,0.064,0.185,0.06,0.161,1.352,1.761,4.021,2.347,1.044,1.568,93.81,7.161,6.389,2.46,,
2566,Daniel Smith,26,CM,Ajax,Eredivisie,Netherlands,2,26,22,2300,27.9,45.0,0.153,0.174,0.133,0.233,2.101,2.744,3.222,2.063,1.661,2.212,85.204,8.157,5.548,3.025,,
2567,Karim Park,28,FB,Feyenoord,Eredivisie,Netherlands,2,15,14,1322,13.2,22.0,0.055,0.111,0.052,0.153,1.212,1.763,3.27,1.875,0.95,1.83,91.502,6.939,4.468,2.552,,
2568,Axel Fernandez,27,CB,PSV,Eredivisie,Netherlands,2,8,6,695,3.3,8.0,0.056,0.042,0.046,0.041,0.646,0.704,2.057,2.137,1.788,3.184,75.998,4.692,1.699,0.483,,
2569,Achraf Trezeguet,28,FB,Twente,Eredivisie,Netherlands,2,30,23,2618,7.5,11.0,0.056,0.14,0.041,0.15,0.777,1.67,2.931,1.727,1.026,1.521,91.354,7.367,4.741,1.484,,
2570,Daniel Wirtz,28,ST,Ajax,Eredivisie,Netherlands,2,13,12,1148,0.8,3.0,0.351,0.09,0.309,0.109,3.517,1.145,0.808,0.366,0.255,2.613,72.118,2.142,3.126,1.553,,
2571,Rayan Taylor,26,CB,Feyenoord,Eredivisie,Netherlands,2,31,29,2753,9.1,35.0,0.081,0.053,0.049,0.061,0.795,0.556,2.341,2.062,1.955,3.689,101.398,6.01,2.151,0.408,,
2572,Jamal Haaland,25,ST,Utrecht,Eredivisie,Netherlands,2,27,25,2367,3.3,11.0,0.376,0.122,0.402,0.112,3.495,1.131,0.858,0.401,0.258,3.167,66.676,3.215,3.666,2.279,,
2573,Amadou Torres,26,ST,Go Ahead Eagles,Eredivisie,Netherlands,2,19,17,1628,21.1,75.0,0.504,0.116,0.495,0.177,4.793,1.395,1.085,0.534,0.456,4.183,73.938,3.789,3.69,3.0,,
2574,Sergio Muller,29,FB,Go Ahead Eagles,Eredivisie,Netherlands,2,15,12,1271,1.0,2.0,0.051,0.09,0.036,0.104,0.798,1.564,2.576,1.423,0.672,1.084,71.039,5.299,4.167,1.346,,
2575,Daichi Konaté,31,CB,AZ Alkmaar,Eredivisie,Netherlands,2,31,26,2756,12.4,21.0,0.075,0.051,0.09,0.066,1.177,0.708,2.863,2.404,2.467,3.575,90.671,7.094,2.416,0.739,,
2576,Ansu Wagner,22,CM,Go Ahead Eagles,Eredivisie,Netherlands,2,34,31,3060,21.0,55.0,0.141,0.156,0.145,0.201,1.749,2.482,2.547,1.619,1.637,2.301,99.893,7.659,4.134,2.11,,
2577,Sergio Ndidi,25,CM,Feyenoord,Eredivisie,Netherlands,2,31,28,2760,12.3,30.0,0.161,0.177,0.175,0.222,1.837,2.476,2.942,1.769,1.99,2.368,101.422,8.325,4.577,1.789,,
2578,Ferran Schlotterbeck,26,GK,Utrecht,Eredivisie,Netherlands,2,13,10,1140,3.7,12.0,0.004,0.011,0.006,0.005,0.026,0.323,0.183,0.128,0.06,0.16,80.291,2.016,0.538,0.128,79.277,33.842
2579,Jude Elneny,28,ST,AZ Alkmaar,Eredivisie,Netherlands,2,21,15,1854,1.2,4.0,0.337,0.092,0.383,0.103,3.503,1.327,0.735,0.4,0.289,2.597,67.738,2.83,2.886,2.049,,
2580,Marc Trezeguet,31,CB,Twente,Eredivisie,Netherlands,2,33,31,2920,3.8,7.0,0.058,0.041,0.052,0.041,0.715,0.651,2.155,1.797,1.514,3.5,96.256,5.187,2.076,0.499,,
2581,Rayan Bassey,25,CM,AZ Alkmaar,Eredivisie,Netherlands,2,31,29,2728,8.6,25.0,0.138,0.163,0.097,0.162,1.612,1.992,2.184,1.627,1.465,1.845,97.128,9.366,4.966,1.983,,
2582,Federico Thompson,24,CM,Heerenveen,Eredivisie,Netherlands,2,12,8,1024,6.1,11.0,0.113,0.154,0.101,0.16,1.934,2.246,2.978,1.824,1.338,1.875,92.074,8.985,4.656,2.021,,
2583,Rafa Gordon,24,W,AZ Alkmaar,Eredivisie,Netherlands,2,30,28,2671,11.2,25.0,0.289,0.208,0.349,0.243,3.842,2.632,2.048,0.895,0.669,1.128,91.433,4.713,7.949,3.743,,
2584,Achraf Ramirez,23,CM,PSV,Eredivisie,Netherlands,2,36,34,3159,6.3,19.0,0.118,0.168,0.114,0.162,1.915,1.805,2.551,1.433,1.658,1.906,75.078,8.123,3.81,2.164,,
2585,Lucas Kamada,25,CB,Go Ahead Eagles,Eredivisie,Netherlands,2,30,22,2681,19.6,59.0,0.1,0.076,0.059,0.079,1.092,0.938,3.401,2.559,2.389,3.691,87.713,6.622,2.196,0.667,,
2586,Raphael Costa,25,FB,Go Ahead Eagles,Eredivisie,Netherlands,2,31,30,2782,2.8,9.0,0.041,0.107,0.04,0.11,0.811,1.518,2.87,1.725,0.886,1.484,75.927,6.229,4.013,2.002,,
2587,Leroy Onyeka,30,ST,Feyenoord,Eredivisie,Netherlands,2,19,13,1679,6.3,21.0,0.552,0.147,0.493,0.108,3.739,1.099,0.87,0.597,0.373,3.654,74.409,3.628,3.948,2.425,,
2588,Hakim Meyer,25,DM,Twente,Eredivisie,Netherlands,2,10,6,823,11.5,28.0,0.055,0.083,0.039,0.11,1.351,1.607,3.34,2.996,1.554,2.474,81.203,7.777,3.048,1.317,,
2589,Bernardo Fernandez,30,ST,Heerenveen,Eredivisie,Netherlands,2,11,10,989,5.5,13.0,0.428,0.104,0.439,0.127,4.457,1.215,0.786,0.511,0.38,2.712,78.716,3.179,3.377,2.571,,
2590,Hakim Kamada,30,FB,Go Ahead Eagles,Eredivisie,Netherlands,2,25,22,2212,1.3,4.0,0.043,0.091,0.038,0.112,0.704,1.236,2.83,1.332,0.907,1.212,75.487,5.031,3.929,1.37,,
2591,Hiroki Bellingham,31,W,Twente,Eredivisie,Netherlands,2,21,17,1820,13.0,22.0,0.39,0.214,0.267,0.236,4.03,3.241,2.142,1.19,0.604,1.491,93.154,5.326,8.25,5.063,,
2592,Federico Aaronson,23,AM,Utrecht,Eredivisie,Netherlands,2,29,25,2588,1.2,3.0,0.182,0.179,0.162,0.203,2.229,2.793,1.07,0.673,0.517,0.766,75.992,6.457,5.627,3.231,,
2593,Leandro Park,27,GK,Twente,Eredivisie,Netherlands,2,33,25,2957,9.4,18.0,0.007,0.015,0.007,0.007,0.036,0.412,0.268,0.177,0.085,0.2,88.15,2.903,0.747,0.135,67.435,36.926
2594,Ansu Minamino,26,CM,Utrecht,Eredivisie,Netherlands,2,33,25,2946,6.7,10.0,0.104,0.129,0.092,0.19,1.503,2.319,2.439,1.363,1.301,1.389,93.98,8.849,4.449,1.78,,
2595,Jonathan Pulisic,24,CM,Heerenveen,Eredivisie,Netherlands,2,8,6,682,8.3,21.0,0.153,0.159,0.137,0.197,1.507,2.111,2.081,1.739,1.527,1.807,85.439,9.723,4.693,2.115,,
2596,Marcus Bentancur,30,FB,PSV,Eredivisie,Netherlands,2,32,23,2830,8.7,23.0,0.067,0.138,0.054,0.166,1.149,1.947,2.982,1.852,1.145,1.627,73.61,8.003,4.753,2.105,,
2597,William Moreno,27,AM,Heerenveen,Eredivisie,Netherlands,2,28,20,2458,5.5,13.0,0.213,0.224,0.233,0.2,2.549,3.49,1.13,0.997,0.615,0.936,78.17,7.614,6.329,3.236,,
2598,Hiroki Russo,24,AM,Heerenveen,Eredivisie,Netherlands,2,30,27,2668,19.9,77.0,0.344,0.238,0.335,0.374,3.314,4.612,1.393,1.039,0.909,1.548,77.923,8.906,6.398,3.533,,
2600,Phil Schlotterbeck,27,W,Go Ahead Eagles,Eredivisie,Netherlands,2,14,11,1252,15.0,46.0,0.267,0.218,0.288,0.248,4.2,3.246,1.733,1.412,0.58,1.041,90.932,7.122,10.36,4.693,,
2601,Ansu Valverde,29,ST,Gil Vicente,Primeira Liga,Portugal,2,28,25,2491,5.5,15.0,0.459,0.148,0.395,0.125,3.68,1.502,0.886,0.436,0.324,3.24,70.23,2.75,3.282,1.759,,
2602,Eduardo Osimhen,26,W,Boavista,Primeira Liga,Portugal,2,21,17,1881,7.1,23.0,0.257,0.196,0.25,0.221,2.7,2.55,1.358,1.15,0.574,0.969,82.559,5.615,8.616,4.64,,
2603,Ibrahim Walker,30,CB,Braga,Primeira Liga,Portugal,2,6,5,535,23.6,50.0,0.108,0.063,0.106,0.067,0.796,0.893,3.378,2.108,2.464,4.581,89.346,6.17,1.922,0.827,,
2604,Max Mendes,28,CM,Braga,Primeira Liga,Portugal,2,15,12,1321,15.6,45.0,0.119,0.213,0.135,0.145,1.937,2.796,2.868,1.974,1.51,1.845,101.078,7.897,5.092,2.218,,
2605,Goncalo Oliveira,21,CB,Famalicao,Primeira Liga,Portugal,2,30,22,2662,8.0,13.0,0.073,0.047,0.057,0.051,0.686,0.706,2.381,1.823,1.994,3.914,102.67,5.046,1.891,0.528,,
2606,Joao Zielinski,23,CB,Porto,Primeira Liga,Portugal,2,25,20,2176,6.2,18.0,0.072,0.047,0.055,0.059,0.953,0.775,2.309,2.288,2.016,3.457,74.887,6.046,1.73,0.503,,
2607,Alexander Touré,23,AM,Porto,Primeira Liga,Portugal,2,34,32,2998,4.0,9.0,0.248,0.197,0.183,0.24,2.757,3.041,1.203,0.725,0.694,0.865,76.865,7.704,5.729,3.365,,
2608,Casemiro Vecino,27,CB,Braga,Primeira Liga,Portugal,2,20,17,1715,11.4,22.0,0.088,0.047,0.062,0.049,1.106,0.689,2.373,1.898,2.193,4.547,87.312,6.548,2.276,0.555,,
2609,Eduardo Camara,25,AM,Gil Vicente,Primeira Liga,Portugal,2,27,20,2344,15.2,34.0,0.277,0.247,0.274,0.308,2.877,3.7,1.812,1.102,0.906,1.171,87.637,8.463,8.113,4.543,,
2610,Dani Taylor,28,CB,Benfica,Primeira Liga,Portugal,2,25,20,2169,1.2,3.0,0.053,0.037,0.038,0.038,0.609,0.49,2.089,1.857,1.461,2.522,82.923,4.293,1.497,0.415,,
2611,Marcus Salah,28,CM,Benfica,Primeira Liga,Portugal,2,14,10,1210,12.2,26.0,0.12,0.167,0.118,0.214,1.946,2.229,2.337,1.685,1.37,2.21,94.876,9.597,4.612,2.494,,
2612,Samuel Suarez,23,W,Benfica,Primeira Liga,Portugal,2,30,27,2616,1.0,2.0,0.224,0.125,0.196,0.177,2.498,2.012,1.401,0.708,0.376,0.747,87.355,4.005,5.069,3.295,,
2613,Enzo Thompson,26,DM,Boavista,Primeira Liga,Portugal,2,33,31,2924,13.6,23.0,0.055,0.086,0.038,0.093,1.348,1.341,4.568,2.792,1.193,2.21,79.247,8.0,3.918,1.649,,
2614,Hiroki Silva,22,CB,Porto,Primeira Liga,Portugal,2,16,14,1433,4.5,7.0,0.058,0.035,0.046,0.042,0.776,0.557,1.953,1.886,1.918,3.316,84.531,5.064,1.925,0.431,,
2615,Daichi Gordon,33,CB,Boavista,Primeira Liga,Portugal,2,21,18,1884,0.6,2.0,0.051,0.025,0.044,0.036,0.747,0.515,2.131,1.931,1.513,2.897,72.64,4.186,1.655,0.409,,
2616,Lautaro Wirtz,26,CB,Boavista,Primeira Liga,Portugal,2,19,15,1670,1.6,6.0,0.059,0.037,0.044,0.038,0.633,0.54,2.301,1.646,1.661,2.69,85.359,4.163,1.438,0.433,,
2617,Vitinha Gordon,28,AM,Vitoria Guimaraes,Primeira Liga,Portugal,2,19,14,1630,7.5,29.0,0.284,0.227,0.247,0.261,2.792,3.373,1.26,0.891,0.623,0.947,72.636,7.051,5.474,4.03,,
2618,Paulo Grimaldo,27,DM,Vitoria Guimaraes,Primeira Liga,Portugal,2,12,9,994,7.3,26.0,0.043,0.071,0.033,0.087,0.961,1.465,3.05,2.361,1.05,1.674,101.509,7.409,2.887,1.04,,
2619,Serge Iwobi,24,CB,Benfica,Primeira Liga,Portugal,2,18,16,1545,13.9,52.0,0.1,0.071,0.076,0.06,0.929,0.789,2.912,2.682,1.943,4.271,98.744,5.695,2.246,0.677,,
2620,Achraf Williams,26,CB,Famalicao,Primeira Liga,Portugal,2,14,11,1240,6.9,12.0,0.081,0.06,0.076,0.068,0.878,0.779,2.164,2.74,1.741,4.073,75.131,5.628,1.897,0.529,,
2621,James Musiala,31,ST,Sporting CP,Primeira Liga,Portugal,2,31,29,2780,7.2,20.0,0.405,0.137,0.45,0.13,4.964,1.493,1.078,0.535,0.332,4.266,79.891,3.424,3.6,2.53,,
2622,Sadio Meyer,21,ST,Boavista,Primeira Liga,Portugal,2,24,18,2079,17.5,63.0,0.566,0.137,0.523,0.14,3.948,1.383,1.09,0.643,0.374,4.234,84.615,4.396,3.088,2.858,,
2623,Andre Ndidi,29,FB,Gil Vicente,Primeira Liga,Portugal,2,13,9,1140,19.4,63.0,0.06,0.139,0.081,0.152,1.122,2.364,3.615,2.396,1.074,1.735,96.719,9.266,5.998,2.641,,
2624,Leroy Schmidt,25,CB,Braga,Primeira Liga,Portugal,2,7,5,597,12.8,20.0,0.068,0.051,0.059,0.062,1.088,0.637,2.736,2.306,2.115,4.112,86.392,7.352,1.905,0.654,,
2625,Raphael Zielinski,37,ST,Famalicao,Primeira Liga,Portugal,2,8,6,668,1.9,8.0,0.44,0.141,0.498,0.135,4.092,1.326,0.795,0.508,0.32,3.046,80.108,4.154,3.576,1.974,,
2626,Robin Rossi,28,ST,Gil Vicente,Primeira Liga,Portugal,2,19,17,1667,11.5,34.0,0.664,0.19,0.586,0.177,4.543,1.635,0.955,0.642,0.353,4.749,85.157,4.213,3.813,2.485,,
2627,Khvicha Trezeguet,25,W,Vitoria Guimaraes,Primeira Liga,Portugal,2,32,26,2870,4.5,18.0,0.243,0.201,0.222,0.218,3.426,2.564,1.732,0.806,0.432,0.932,77.352,4.577,6.391,3.757,,
2628,Ousmane Schlotterbeck,22,CB,Sporting CP,Primeira Liga,Portugal,2,26,20,2254,15.5,40.0,0.068,0.065,0.064,0.051,0.901,0.613,2.826,2.172,1.821,4.276,91.766,5.196,2.153,0.623,,
2629,William Alves,28,DM,Gil Vicente,Primeira Liga,Portugal,2,29,20,2538,4.3,9.0,0.04,0.065,0.036,0.071,0.935,1.419,3.641,2.444,1.567,1.92,94.757,7.342,2.52,1.383,,
2630,Federico Johnson,26,DM,Porto,Primeira Liga,Portugal,2,29,24,2539,2.9,11.0,0.041,0.052,0.032,0.062,0.838,1.079,3.7,1.835,1.139,1.883,93.695,7.106,2.556,1.266,,
2631,Martin Zielinski,32,ST,Boavista,Primeira Liga,Portugal,2,34,30,3009,3.3,8.0,0.434,0.143,0.392,0.136,4.565,1.425,1.06,0.513,0.28,2.967,84.076,3.8,3.608,2.555,,
2632,Serge Pulisic,25,AM,Braga,Primeira Liga,Portugal,2,9,7,800,10.8,33.0,0.24,0.238,0.223,0.196,3.448,3.542,1.473,1.211,0.664,1.104,95.795,7.791,6.942,3.858,,
2633,Virgil Ricci,20,AM,Gil Vicente,Primeira Liga,Portugal,2,22,19,1910,0.9,2.0,0.185,0.153,0.165,0.194,1.816,2.991,1.015,0.626,0.515,0.676,74.143,6.097,5.953,2.628,,
2635,Yves Reyna,26,CM,Boavista,Primeira Liga,Portugal,2,34,30,3032,8.5,20.0,0.172,0.17,0.149,0.18,1.692,2.442,2.971,2.231,1.694,1.945,84.226,9.693,4.512,1.856,,
2636,Kai Diallo,26,CB,Gil Vicente,Primeira Liga,Portugal,2,16,14,1420,11.0,17.0,0.081,0.073,0.077,0.056,0.873,0.805,2.498,2.487,1.696,4.716,89.626,6.851,2.653,0.491,,
2637,Sofiane Mane,26,CM,Benfica,Primeira Liga,Portugal,2,9,6,763,12.1,35.0,0.135,0.226,0.125,0.162,1.729,2.719,2.405,2.145,1.44,1.775,98.364,11.69,4.947,2.323,,
2638,Moussa Zurkowski,19,FB,Porto,Primeira Liga,Portugal,2,16,13,1402,3.6,8.0,0.047,0.128,0.044,0.112,0.984,1.469,3.187,1.736,1.117,1.734,76.482,5.901,3.947,1.924,,
2639,Max Sousa,21,FB,Benfica,Primeira Liga,Portugal,2,11,8,933,7.6,19.0,0.054,0.123,0.055,0.173,0.919,1.507,2.468,1.953,1.015,1.542,91.916,6.226,5.108,2.073,,
2640,Frenkie Becker,28,ST,Vitoria Guimaraes,Primeira Liga,Portugal,2,8,6,656,5.1,14.0,0.451,0.109,0.454,0.11,4.227,1.577,0.886,0.574,0.355,3.347,78.09,4.215,3.714,2.403,,
2641,Rafael Schlotterbeck,28,W,Benfica,Primeira Liga,Portugal,2,9,6,738,2.9,11.0,0.222,0.17,0.224,0.18,2.448,2.534,1.65,0.859,0.387,0.786,74.719,4.871,6.924,4.462,,
2642,Rafa Park,28,W,Porto,Primeira Liga,Portugal,2,22,16,1972,2.6,5.0,0.239,0.178,0.25,0.196,2.582,2.403,1.385,0.835,0.434,0.76,81.351,4.701,6.291,3.701,,
2643,Lorenzo Vlahovic,21,W,Porto,Primeira Liga,Portugal,2,27,24,2381,16.1,32.0,0.309,0.262,0.281,0.203,3.263,2.395,1.999,0.799,0.54,0.955,88.12,5.914,7.265,4.418,,
2644,Nicolo Onyeka,22,GK,Vitoria Guimaraes,Primeira Liga,Portugal,2,19,15,1701,14.8,28.0,0.005,0.011,0.006,0.007,0.031,0.42,0.159,0.245,0.068,0.218,88.071,2.993,0.819,0.131,73.596,36.092
2645,Moises Ramirez,30,W,Gil Vicente,Primeira Liga,Portugal,2,15,12,1288,20.1,57.0,0.43,0.245,0.355,0.261,4.8,3.479,1.944,1.523,0.737,1.106,88.209,5.977,8.629,5.484,,
2646,Rayan Rossi,24,GK,Famalicao,Primeira Liga,Portugal,2,8,5,644,0.8,2.0,0.004,0.007,0.004,0.004,0.023,0.261,0.116,0.122,0.041,0.128,74.545,1.977,0.438,0.074,68.964,28.13
2647,Bernardo Brown,26,W,Famalicao,Primeira Liga,Portugal,2,26,19,2324,12.9,50.0,0.315,0.226,0.307,0.178,3.678,2.704,1.903,1.154,0.702,1.118,79.69,5.875,7.206,5.177,,
2648,David Brown,23,AM,Gil Vicente,Primeira Liga,Portugal,2,34,31,3039,7.5,28.0,0.262,0.254,0.238,0.272,3.006,3.787,1.406,0.904,0.799,0.94,79.002,9.191,7.65,3.965,,
2649,Bruno Rossi,26,FB,Gil Vicente,Primeira Liga,Portugal,2,7,5,613,16.2,55.0,0.071,0.123,0.067,0.176,1.258,1.615,3.711,1.798,1.521,1.899,75.617,7.781,5.276,3.041,,
2650,Thiago Kamada,25,FB,Sporting CP,Primeira Liga,Portugal,2,17,12,1462,5.0,9.0,0.051,0.118,0.053,0.149,1.02,1.792,2.842,2.048,1.062,1.723,81.335,7.861,5.555,2.409,,
2651,Romelu Nunez,29,W,Braga,Primeira Liga,Portugal,2,18,17,1607,16.0,52.0,0.339,0.199,0.348,0.226,3.711,2.494,2.57,0.983,0.716,1.424,78.069,5.322,7.597,4.788,,
2652,Alejandro Eriksen,26,CB,Braga,Primeira Liga,Portugal,2,11,9,961,3.1,10.0,0.068,0.044,0.046,0.052,0.759,0.537,2.03,1.786,1.439,3.127,86.434,5.086,2.052,0.402,,
2653,Nicolas Salah,22,W,Benfica,Primeira Liga,Portugal,2,30,27,2678,21.7,40.0,0.354,0.198,0.323,0.233,3.787,2.68,1.726,0.967,0.499,1.054,71.717,6.537,8.786,4.809,,
2654,Luis Camara,20,GK,Porto,Primeira Liga,Portugal,2,17,12,1488,14.7,47.0,0.008,0.015,0.005,0.007,0.036,0.4,0.2,0.216,0.072,0.186,87.69,3.142,0.882,0.173,84.572,42.186
2655,Rafa Bakker,24,CM,Gil Vicente,Primeira Liga,Portugal,2,14,9,1190,18.5,52.0,0.166,0.169,0.152,0.224,1.656,2.524,3.384,2.428,1.634,1.93,83.581,10.671,4.662,2.822,,
2656,Leon Nunez,32,CM,Braga,Primeira Liga,Portugal,2,31,22,2749,8.0,20.0,0.105,0.18,0.109,0.18,1.827,2.229,2.665,1.858,1.437,1.978,77.965,11.582,3.889,2.114,,
2657,Cole Schlotterbeck,25,CB,Boavista,Primeira Liga,Portugal,2,15,12,1310,10.1,33.0,0.089,0.053,0.063,0.046,1.025,0.589,2.869,1.895,1.873,4.223,101.696,4.792,1.84,0.593,,
2658,Federico Fernandez,26,CB,Sporting CP,Primeira Liga,Portugal,2,8,5,712,12.9,33.0,0.084,0.045,0.081,0.069,0.857,0.833,3.133,2.524,2.153,3.696,94.345,7.239,2.051,0.665,,
2659,Omar Vlahovic,24,FB,Sporting CP,Primeira Liga,Portugal,2,6,4,508,19.9,40.0,0.068,0.171,0.067,0.14,1.418,2.242,3.532,2.507,1.423,1.573,88.449,8.313,5.992,2.587,,
2660,Paulo Williams,28,DM,Braga,Primeira Liga,Portugal,2,7,4,576,21.2,80.0,0.057,0.132,0.053,0.116,1.193,1.869,3.889,2.763,1.9,2.143,91.299,9.358,3.408,1.685,,
2661,Joshua Smith,24,W,Benfica,Primeira Liga,Portugal,2,25,19,2241,2.6,9.0,0.29,0.183,0.256,0.169,2.685,2.256,1.525,0.81,0.419,0.741,83.368,4.42,5.774,4.105,,
2662,Achraf Zurkowski,22,ST,Gil Vicente,Primeira Liga,Portugal,2,32,24,2814,1.3,5.0,0.341,0.082,0.307,0.107,2.957,0.934,0.722,0.329,0.286,2.714,78.591,2.713,2.803,1.583,,
2663,Alexis Moreno,23,DM,Braga,Primeira Liga,Portugal,2,29,25,2574,2.2,8.0,0.038,0.056,0.03,0.077,0.907,1.349,3.457,2.083,1.029,1.701,79.863,7.545,2.163,1.105,,
2664,Phil Xhaka,28,W,Porto,Primeira Liga,Portugal,2,10,7,863,3.5,9.0,0.285,0.199,0.23,0.169,3.257,2.386,1.792,0.674,0.37,0.759,75.673,5.146,6.889,4.049,,
2665,Victor Xhaka,27,W,Sporting CP,Primeira Liga,Portugal,2,33,26,2930,18.2,72.0,0.437,0.199,0.313,0.218,4.215,2.762,2.799,1.473,0.598,1.303,79.89,6.499,7.82,5.915,,
2666,Leo White,25,FB,Famalicao,Primeira Liga,Portugal,2,8,6,714,25.5,57.0,0.065,0.174,0.057,0.16,1.487,1.747,3.994,1.74,1.533,2.257,89.231,9.438,5.875,2.524,,
2667,Joao Kostic,29,CM,Gil Vicente,Primeira Liga,Portugal,2,34,28,3048,13.8,21.0,0.181,0.168,0.135,0.167,2.059,2.514,3.166,2.334,1.396,1.581,80.089,8.433,5.251,2.103,,
2668,Moussa Garcia,26,FB,Boavista,Primeira Liga,Portugal,2,30,22,2629,5.7,20.0,0.057,0.116,0.039,0.129,0.834,1.545,2.401,1.316,0.79,1.364,70.467,6.973,4.782,1.735,,
2669,Iker Romano,29,CM,Porto,Primeira Liga,Portugal,2,16,14,1354,6.9,22.0,0.148,0.163,0.117,0.161,1.618,1.904,2.825,1.561,1.127,1.491,84.458,9.347,3.738,1.939,,
2670,Toby Hernandez,23,CM,Vitoria Guimaraes,Primeira Liga,Portugal,2,27,22,2383,2.7,10.0,0.094,0.122,0.097,0.132,1.429,1.999,2.156,1.4,1.12,1.24,74.298,7.29,3.126,1.603,,
2671,Iker Silva,27,CM,Gil Vicente,Primeira Liga,Portugal,2,27,20,2374,8.1,25.0,0.133,0.13,0.094,0.155,1.525,1.974,3.018,1.728,1.15,1.68,80.098,8.547,3.967,1.886,,
2672,Pierre Moreno,26,FB,Vitoria Guimaraes,Primeira Liga,Portugal,2,34,25,2979,24.7,85.0,0.074,0.163,0.077,0.213,1.269,2.232,3.535,1.787,1.178,1.893,95.253,8.835,5.922,2.207,,
2673,Charles Silva,25,CB,Boavista,Primeira Liga,Portugal,2,29,26,2538,2.4,5.0,0.066,0.041,0.043,0.045,0.707,0.533,2.038,1.626,1.672,3.391,90.682,4.621,1.417,0.412,,
2674,Andre Jones,22,FB,Famalicao,Primeira Liga,Portugal,2,23,20,2012,7.7,18.0,0.06,0.119,0.034,0.143,1.044,1.63,3.088,1.368,0.944,1.473,73.151,6.256,5.238,2.064,,
2675,Alexis Adams,28,CB,Braga,Primeira Liga,Portugal,2,29,24,2582,1.1,4.0,0.046,0.029,0.047,0.032,0.702,0.42,2.018,1.717,1.447,2.577,72.902,3.771,1.612,0.38,,
2676,Matthijs Romano,20,AM,Porto,Primeira Liga,Portugal,2,12,11,1071,8.3,28.0,0.232,0.262,0.209,0.257,2.711,3.672,1.295,1.08,0.697,1.05,89.889,8.847,6.081,2.832,,
2677,Bernardo Skov,25,CB,Boavista,Primeira Liga,Portugal,2,29,20,2579,7.0,24.0,0.068,0.041,0.051,0.038,0.803,0.626,2.403,1.951,1.49,4.058,86.481,5.86,2.064,0.448,,
2678,Diogo Fischer,22,GK,Benfica,Primeira Liga,Portugal,2,33,27,2920,22.2,40.0,0.007,0.014,0.007,0.006,0.037,0.399,0.192,0.218,0.07,0.244,82.465,3.001,0.621,0.137,67.099,41.88
2679,Lorenzo Minamino,25,GK,Famalicao,Primeira Liga,Portugal,2,20,18,1795,5.9,9.0,0.005,0.011,0.006,0.005,0.032,0.28,0.174,0.149,0.05,0.186,72.396,2.604,0.561,0.086,64.572,31.575
2680,Achraf Lopez,28,CB,Benfica,Primeira Liga,Portugal,2,13,9,1101,7.9,14.0,0.094,0.065,0.058,0.046,0.854,0.633,2.722,2.091,1.74,3.109,100.135,5.356,2.263,0.593,,
2681,Goncalo Romano,27,CB,Benfica,Primeira Liga,Portugal,2,29,22,2532,7.7,16.0,0.083,0.04,0.065,0.054,0.765,0.6,2.472,1.965,1.723,3.201,87.794,4.823,1.501,0.442,,
2682,Marcelo Robinson,23,ST,Vitoria Guimaraes,Primeira Liga,Portugal,2,19,15,1621,24.5,89.0,0.513,0.164,0.528,0.146,4.742,1.785,1.244,0.713,0.397,3.46,76.44,3.551,4.378,3.226,,
2683,Pau Hegazi,20,W,Porto,Primeira Liga,Portugal,2,31,23,2786,4.5,14.0,0.302,0.205,0.263,0.223,2.534,2.36,1.378,0.919,0.487,0.786,89.561,5.608,6.146,3.78,,
2684,Paulo Odegaard,29,CM,Boavista,Primeira Liga,Portugal,2,28,19,2450,6.2,12.0,0.129,0.172,0.129,0.178,1.561,2.206,2.197,1.601,1.263,1.353,76.955,8.374,3.656,2.213,,
2685,Samuel Aaronson,30,W,Porto,Primeira Liga,Portugal,2,30,28,2698,8.9,18.0,0.278,0.214,0.303,0.25,3.728,2.603,1.732,0.931,0.513,1.044,77.008,5.885,6.879,4.485,,
2686,Leroy Nunez,21,W,Porto,Primeira Liga,Portugal,2,23,22,2017,2.4,9.0,0.207,0.175,0.208,0.164,2.58,2.422,1.213,0.815,0.488,0.639,77.077,4.062,5.691,4.035,,
2687,Diego Minamino,34,CB,Benfica,Primeira Liga,Portugal,2,20,18,1721,7.5,16.0,0.075,0.082,0.086,0.053,1.134,0.862,3.256,2.81,2.16,4.14,105.648,7.226,2.298,0.667,,
2688,Julian Vlahovic,28,DM,Porto,Primeira Liga,Portugal,2,17,13,1527,11.3,29.0,0.055,0.094,0.038,0.079,1.307,1.81,3.797,2.235,1.539,2.323,89.203,8.326,3.567,1.524,,
2689,Charles Santos,34,ST,Famalicao,Primeira Liga,Portugal,2,8,5,667,1.5,6.0,0.416,0.132,0.415,0.102,3.997,1.443,0.972,0.387,0.27,3.167,66.447,3.582,3.574,2.102,,
2690,Lorenzo Reyna,26,W,Sporting CP,Primeira Liga,Portugal,2,29,21,2537,13.3,38.0,0.351,0.195,0.298,0.249,3.552,2.311,1.57,1.119,0.546,1.061,73.429,5.608,8.076,5.9,,
2691,Samuel Wilson,27,CM,Famalicao,Primeira Liga,Portugal,2,8,6,691,10.7,33.0,0.149,0.184,0.103,0.215,1.868,2.311,2.482,1.914,1.292,1.883,99.639,10.659,3.988,2.214,,
2692,Diogo Elneny,24,W,Porto,Primeira Liga,Portugal,2,24,17,2134,5.0,13.0,0.242,0.176,0.263,0.19,2.981,2.136,1.8,0.95,0.575,1.071,88.954,4.609,8.209,4.833,,
2693,Hakim Tadic,25,AM,Benfica,Primeira Liga,Portugal,2,14,11,1186,1.1,3.0,0.158,0.157,0.196,0.179,2.367,2.902,1.192,0.727,0.614,0.74,83.663,6.449,4.888,2.899,,
2694,Marcelo Moreno,30,FB,Porto,Primeira Liga,Portugal,2,10,7,842,0.9,1.0,0.045,0.093,0.029,0.129,0.759,1.255,2.591,1.12,0.634,1.355,89.281,5.956,4.28,1.745,,
2695,Dominik McKennie,30,FB,Benfica,Primeira Liga,Portugal,2,26,24,2336,4.2,10.0,0.05,0.11,0.049,0.115,0.921,1.422,3.006,1.299,1.031,1.405,82.053,6.225,4.274,1.799,,
2696,Phil Valverde,23,ST,Famalicao,Primeira Liga,Portugal,2,26,18,2263,14.6,57.0,0.562,0.145,0.463,0.14,4.302,1.674,0.983,0.629,0.426,4.087,82.097,3.28,3.347,2.457,,
2697,Darwin Jones,27,FB,Famalicao,Primeira Liga,Portugal,2,32,31,2822,6.8,18.0,0.063,0.126,0.052,0.128,0.959,1.544,2.809,1.673,0.944,1.841,91.559,6.12,4.457,2.185,,
2698,Ivan Eriksen,28,FB,Famalicao,Primeira Liga,Portugal,2,11,9,919,8.3,25.0,0.058,0.119,0.055,0.149,1.006,1.676,2.868,2.015,1.024,1.869,93.072,6.314,6.155,1.772,,
2699,Iker Musiala,26,ST,Famalicao,Primeira Liga,Portugal,2,15,10,1310,7.1,15.0,0.472,0.127,0.388,0.1,4.156,1.325,0.983,0.411,0.338,3.459,72.995,3.282,3.0,2.007,,
2700,Moussa Martinez,22,CM,Boavista,Primeira Liga,Portugal,2,25,17,2186,3.9,8.0,0.113,0.139,0.098,0.156,1.181,1.854,2.186,1.355,1.191,1.184,89.801,7.689,3.761,1.761,,
2702,Martin Kostic,24,DM,Gil Vicente,Primeira Liga,Portugal,2,25,18,2181,8.6,23.0,0.041,0.054,0.036,0.068,1.143,1.547,3.699,2.532,1.604,2.344,78.955,8.019,2.957,1.353,,
2703,Nicolo Sobhi,26,W,Sporting CP,Primeira Liga,Portugal,2,11,7,930,6.9,11.0,0.358,0.248,0.236,0.19,3.165,2.577,1.518,1.21,0.476,1.149,85.723,5.721,6.475,5.47,,
2704,Thiago Lookman,28,CB,Braga,Primeira Liga,Portugal,2,7,6,559,6.7,20.0,0.057,0.051,0.052,0.057,0.858,0.777,2.175,2.115,2.369,3.682,97.452,7.441,1.734,0.645,,
2705,Jan Musah,28,DM,Vitoria Guimaraes,Primeira Liga,Portugal,2,8,7,687,1.1,2.0,0.026,0.043,0.023,0.066,0.79,0.975,3.256,1.92,1.206,1.835,80.533,6.475,1.966,0.836,,
2706,Alejandro Pereira,26,DM,Porto,Primeira Liga,Portugal,2,12,10,1031,19.1,32.0,0.043,0.093,0.045,0.084,1.338,1.308,4.371,2.588,1.705,2.406,100.193,8.015,2.915,1.215,,
2707,Patrick Sousa,22,FB,Porto,Primeira Liga,Portugal,2,17,15,1500,15.7,48.0,0.058,0.17,0.042,0.152,1.094,1.378,3.29,1.708,0.979,1.637,91.818,6.758,5.566,1.725,,
2708,Rayan Fischer,26,AM,Sporting CP,Primeira Liga,Portugal,2,37,34,3241,6.3,23.0,0.265,0.202,0.21,0.262,2.901,2.915,1.356,0.905,0.828,0.975,73.811,8.292,6.899,2.94,,
2709,Pablo Musiala,22,FB,Braga,Primeira Liga,Portugal,2,21,15,1860,16.5,35.0,0.064,0.146,0.056,0.169,1.234,1.717,2.933,1.693,0.94,1.963,74.384,6.455,5.405,2.463,,
2710,Marcelo Wagner,20,W,Sporting CP,Primeira Liga,Portugal,2,6,4,518,8.9,17.0,0.361,0.268,0.299,0.249,3.262,2.142,2.149,1.006,0.513,1.263,85.365,5.705,8.59,5.075,,
2711,Pau Romano,25,CB,Sporting CP,Primeira Liga,Portugal,2,23,20,2051,2.8,4.0,0.061,0.036,0.049,0.044,0.865,0.537,2.062,2.106,1.676,3.411,75.859,5.426,1.819,0.467,,
2712,Takumi Rossi,30,W,Vitoria Guimaraes,Primeira Liga,Portugal,2,35,25,3115,5.8,10.0,0.354,0.2,0.261,0.208,2.685,2.444,1.812,0.921,0.422,0.941,68.304,4.685,5.897,4.431,,
2713,Ousmane Vlahovic,26,FB,Famalicao,Primeira Liga,Portugal,2,30,28,2613,3.3,8.0,0.058,0.129,0.038,0.123,0.971,1.505,2.737,1.511,0.872,1.685,71.585,6.496,4.001,1.814,,
2714,Julian Santos,24,CB,Braga,Primeira Liga,Portugal,2,18,13,1538,0.9,1.0,0.042,0.031,0.037,0.032,0.674,0.551,2.19,1.503,1.539,2.924,85.078,4.127,1.442,0.387,,
2715,Timothy Nunez,22,DM,Sporting CP,Primeira Liga,Portugal,2,12,11,996,15.2,45.0,0.066,0.089,0.049,0.11,1.201,1.843,4.413,2.336,1.789,2.717,103.907,6.742,3.275,1.358,,
2716,Davide Camara,30,DM,Vitoria Guimaraes,Primeira Liga,Portugal,2,30,27,2658,12.3,28.0,0.057,0.093,0.036,0.082,1.192,1.58,4.11,3.048,1.393,2.205,89.251,7.373,3.739,1.22,,
2717,Andre Sousa,22,FB,Porto,Primeira Liga,Portugal,2,36,27,3182,9.3,20.0,0.061,0.128,0.052,0.129,1.122,1.889,3.198,2.031,1.094,1.363,88.145,5.819,6.028,1.852,,
2718,Neymar Torres,34,DM,Benfica,Primeira Liga,Portugal,2,33,27,2891,0.8,2.0,0.033,0.052,0.028,0.073,0.967,1.304,3.204,2.027,1.025,1.633,89.613,7.713,2.661,0.861,,
2719,Alvaro Diaz,28,W,Benfica,Primeira Liga,Portugal,2,19,13,1661,7.4,13.0,0.268,0.192,0.229,0.223,2.827,2.537,2.051,0.896,0.56,0.862,80.127,5.855,7.057,3.797,,
2720,Erling Musah,27,AM,Boavista,Primeira Liga,Portugal,2,35,34,3119,9.3,21.0,0.315,0.244,0.311,0.252,2.712,3.47,1.55,1.104,0.806,1.241,75.845,8.454,6.924,3.279,,
2721,Daichi Gudelj,25,CB,Benfica,Primeira Liga,Portugal,2,20,19,1747,6.5,11.0,0.06,0.059,0.074,0.058,0.885,0.665,2.312,2.026,2.254,2.944,81.431,5.406,2.016,0.497,,
2722,Pablo Trezeguet,29,DM,Boavista,Primeira Liga,Portugal,2,25,21,2250,14.1,51.0,0.054,0.083,0.042,0.094,1.114,1.321,4.194,3.015,1.615,2.417,84.499,8.776,2.862,1.717,,
2723,Rafa Pulisic,22,FB,Gil Vicente,Primeira Liga,Portugal,2,8,6,704,11.8,39.0,0.069,0.147,0.054,0.183,1.045,1.849,3.396,1.62,1.114,1.707,93.796,5.904,5.32,2.055,,
2724,Emil de Ligt,28,FB,Braga,Primeira Liga,Portugal,2,19,15,1689,5.2,20.0,0.051,0.12,0.054,0.149,1.075,1.63,2.979,1.721,1.015,1.678,79.261,6.258,4.978,2.105,,
2725,Marco Trezeguet,29,W,Famalicao,Primeira Liga,Portugal,2,32,24,2861,12.1,28.0,0.305,0.249,0.261,0.261,2.87,2.437,2.441,0.998,0.485,1.225,92.279,4.983,8.963,5.728,,
2726,Sadio Dembélé,32,CB,Sporting CP,Primeira Liga,Portugal,2,17,13,1451,10.4,33.0,0.099,0.055,0.067,0.071,0.982,0.793,3.012,2.141,2.19,4.403,101.803,6.312,2.143,0.671,,
2727,Enzo Garcia,23,CM,Gil Vicente,Primeira Liga,Portugal,2,36,31,3194,3.4,8.0,0.107,0.139,0.101,0.157,1.423,1.768,2.445,1.503,1.464,1.561,91.413,8.732,4.088,1.747,,
2728,Tomas Romano,28,W,Porto,Primeira Liga,Portugal,2,24,20,2122,2.3,7.0,0.266,0.165,0.274,0.162,2.581,2.017,1.348,0.847,0.343,0.77,83.068,5.418,5.255,3.705,,
2729,Darwin de Ligt,25,ST,Boavista,Primeira Liga,Portugal,2,20,14,1724,11.3,39.0,0.561,0.102,0.544,0.129,3.463,1.702,0.961,0.45,0.421,3.182,80.331,3.117,3.736,2.219,,
2730,Robert Martinez,29,CM,Gil Vicente,Primeira Liga,Portugal,2,27,22,2366,14.8,50.0,0.13,0.181,0.148,0.181,1.869,2.127,2.794,2.056,1.339,1.914,89.581,8.747,5.44,2.263,,
2731,Sergio Odegaard,26,CB,Sporting CP,Primeira Liga,Portugal,2,7,4,577,8.5,14.0,0.077,0.046,0.073,0.048,0.744,0.726,2.476,1.861,1.671,3.213,77.674,4.872,1.846,0.42,,
2732,Marc Lindstrom,26,W,Braga,Primeira Liga,Portugal,2,36,29,3235,0.9,2.0,0.227,0.127,0.202,0.165,2.282,1.909,1.304,0.796,0.412,0.799,73.931,4.016,5.912,3.308,,
2733,Florian Piatek,30,W,Benfica,Primeira Liga,Portugal,2,18,16,1605,2.7,8.0,0.232,0.144,0.206,0.167,2.445,2.242,1.609,0.687,0.412,0.746,73.777,5.048,6.592,4.174,,
2734,Ferran de Jong,24,W,Gil Vicente,Primeira Liga,Portugal,2,33,30,2915,1.6,3.0,0.205,0.167,0.224,0.176,2.817,2.433,1.357,0.867,0.344,0.851,74.125,5.01,6.119,3.989,,
2735,Raphael Palmer,26,GK,Famalicao,Primeira Liga,Portugal,2,21,15,1817,12.3,44.0,0.007,0.011,0.009,0.006,0.033,0.396,0.198,0.162,0.069,0.211,75.193,3.295,0.674,0.154,83.316,43.764
2736,Omar Gordon,28,ST,Braga,Primeira Liga,Portugal,2,19,12,1625,0.9,3.0,0.34,0.089,0.342,0.104,3.641,1.104,0.747,0.323,0.249,2.704,68.132,2.217,2.968,1.71,,
2737,Khvicha Haaland,26,GK,Famalicao,Primeira Liga,Portugal,2,33,29,2893,14.3,25.0,0.008,0.011,0.006,0.008,0.038,0.348,0.158,0.156,0.075,0.2,89.911,2.187,0.743,0.132,67.001,39.231
2738,Marco Torres,25,GK,Gil Vicente,Primeira Liga,Portugal,2,15,11,1325,1.1,3.0,0.004,0.009,0.004,0.003,0.023,0.254,0.111,0.111,0.044,0.127,62.827,1.91,0.463,0.087,59.08,26.006
2739,William Zielinski,34,FB,Braga,Primeira Liga,Portugal,2,33,26,2932,2.8,9.0,0.047,0.118,0.041,0.126,0.963,1.613,3.521,1.936,0.789,1.781,91.461,6.059,4.633,1.617,,
2740,Angel Walker,26,FB,Famalicao,Primeira Liga,Portugal,2,24,20,2132,1.0,3.0,0.043,0.081,0.034,0.124,0.689,1.244,2.707,1.286,0.737,1.303,74.18,5.619,3.423,1.57,,
2741,Samuel Lookman,26,DM,Porto,Primeira Liga,Portugal,2,13,11,1166,15.9,52.0,0.07,0.068,0.045,0.083,1.275,1.393,3.721,2.306,1.445,2.454,81.161,9.868,2.848,1.45,,
2742,Achraf Diallo,25,GK,Porto,Primeira Liga,Portugal,2,11,9,986,5.9,21.0,0.005,0.009,0.006,0.005,0.026,0.339,0.164,0.185,0.05,0.139,78.963,2.319,0.703,0.108,67.107,33.905
2743,Raphael Thompson,24,CB,Sporting CP,Primeira Liga,Portugal,2,32,29,2800,4.5,16.0,0.052,0.044,0.052,0.039,0.756,0.498,2.634,2.15,1.407,3.835,79.317,4.741,1.668,0.56,,
2744,Lautaro Lewandowski,23,DM,Famalicao,Primeira Liga,Portugal,2,11,8,987,15.6,28.0,0.053,0.071,0.043,0.09,1.356,1.542,4.116,2.86,1.865,3.017,103.272,7.455,2.603,1.564,,
2745,Sandro Hegazi,24,W,Porto,Primeira Liga,Portugal,2,27,20,2427,13.2,36.0,0.435,0.229,0.372,0.207,4.003,2.932,1.551,1.201,0.598,1.394,89.659,5.343,6.67,4.949,,
2746,Paulo Smith,32,FB,Famalicao,Primeira Liga,Portugal,2,31,29,2714,3.6,11.0,0.055,0.124,0.044,0.14,1.014,1.509,2.733,1.52,0.985,1.653,87.683,6.491,4.444,1.873,,
2747,Gabriel Brown,22,CM,Gil Vicente,Primeira Liga,Portugal,2,28,20,2508,5.2,10.0,0.109,0.147,0.109,0.176,1.759,2.08,2.286,1.485,1.303,1.629,92.613,7.524,4.498,1.643,,
2748,Ryan Konaté,27,AM,Gil Vicente,Primeira Liga,Portugal,2,24,17,2151,9.8,37.0,0.224,0.27,0.265,0.286,2.396,4.061,1.242,0.958,0.653,0.878,79.489,8.252,6.268,4.009,,
2749,Pedri Mendes,25,CB,Boavista,Primeira Liga,Portugal,2,22,17,1938,5.3,9.0,0.056,0.047,0.055,0.055,0.787,0.678,2.327,2.221,1.865,4.046,79.425,5.616,1.993,0.422,,
2750,Leandro Weber,27,W,Vitoria Guimaraes,Primeira Liga,Portugal,2,34,25,3053,4.4,10.0,0.248,0.169,0.268,0.195,3.198,2.354,1.682,0.793,0.489,0.8,92.332,4.087,5.683,3.374,,
2751,Rafael Lindstrom,27,CB,Porto,Primeira Liga,Portugal,2,8,7,653,8.5,17.0,0.074,0.049,0.063,0.048,0.846,0.805,2.763,2.223,1.879,3.644,84.852,5.429,2.158,0.43,,
2752,Karim Valverde,24,AM,Braga,Primeira Liga,Portugal,2,17,13,1488,15.1,55.0,0.27,0.254,0.304,0.263,3.561,3.749,1.201,1.128,0.785,0.986,97.965,7.072,6.716,3.606,,
2753,Moises Kostic,26,FB,Braga,Primeira Liga,Portugal,2,24,20,2072,14.7,36.0,0.081,0.15,0.048,0.131,1.111,1.854,3.497,2.149,1.004,1.828,90.365,7.683,5.76,1.899,,
2754,James Salah,23,W,Benfica,Primeira Liga,Portugal,2,22,19,1892,16.4,31.0,0.281,0.236,0.317,0.274,3.389,2.972,1.835,1.332,0.594,1.135,83.371,6.12,7.859,4.646,,
2755,Marcus Adams,27,FB,Porto,Primeira Liga,Portugal,2,18,16,1553,19.2,72.0,0.101,0.162,0.052,0.16,1.284,2.478,3.88,2.149,1.324,2.23,88.355,9.55,6.602,3.11,,
2756,Harry Fernandez,22,W,Sporting CP,Primeira Liga,Portugal,2,19,17,1647,6.8,10.0,0.266,0.187,0.261,0.182,3.394,2.413,1.58,1.12,0.528,0.775,79.467,4.555,6.206,4.238,,
2757,Omar Wilson,26,CM,Gil Vicente,Primeira Liga,Portugal,2,9,6,730,14.5,57.0,0.207,0.202,0.143,0.201,1.802,2.916,3.062,2.006,1.268,2.008,87.732,9.799,4.577,2.345,,
2758,James Becker,22,CB,Gil Vicente,Primeira Liga,Portugal,2,28,20,2438,13.9,47.0,0.088,0.05,0.055,0.056,1.177,0.685,2.476,2.456,2.049,3.542,84.358,6.862,2.453,0.729,,
2759,Hiroki Valverde,24,W,Sporting CP,Primeira Liga,Portugal,2,35,30,3088,5.1,15.0,0.313,0.239,0.249,0.181,2.515,2.591,1.534,0.927,0.561,0.921,89.794,5.559,6.171,3.669,,
2760,Alexander Vlahovic,33,DM,Vitoria Guimaraes,Primeira Liga,Portugal,2,25,21,2181,0.6,1.0,0.03,0.044,0.023,0.056,0.719,1.161,3.494,2.199,1.014,1.636,88.055,5.598,2.502,1.116,,
2761,Marcelo Bassey,24,DM,Braga,Primeira Liga,Portugal,2,7,5,576,5.8,23.0,0.042,0.066,0.034,0.068,1.03,1.58,3.964,2.327,1.383,2.181,99.023,7.46,3.061,1.523,,
2762,Ansu Lopez,23,W,Gil Vicente,Primeira Liga,Portugal,2,23,18,2007,10.0,29.0,0.373,0.229,0.278,0.276,3.446,2.524,1.547,0.979,0.481,1.384,92.079,5.619,6.834,3.665,,
2763,Bernardo Santos,21,CM,Vitoria Guimaraes,Primeira Liga,Portugal,2,13,11,1160,8.8,21.0,0.105,0.156,0.101,0.179,1.778,1.961,2.46,1.625,1.328,2.022,95.199,7.176,4.188,2.372,,
2764,Bruno Brown,28,CB,Boavista,Primeira Liga,Portugal,2,25,20,2225,4.6,8.0,0.067,0.033,0.046,0.041,0.724,0.72,2.015,2.249,1.839,2.845,90.526,5.683,1.659,0.558,,
2765,Lucas Dembélé,22,DM,Braga,Primeira Liga,Portugal,2,9,7,731,8.0,18.0,0.039,0.08,0.042,0.086,0.789,1.123,3.185,2.87,1.068,1.97,102.768,7.194,2.712,1.104,,
2766,Rafa Schmidt,21,W,Boavista,Primeira Liga,Portugal,2,21,18,1821,27.2,48.0,0.328,0.313,0.326,0.255,2.884,2.953,2.063,1.099,0.697,1.17,75.676,6.364,7.769,5.33,,
2767,Bernardo Kim,25,DM,Braga,Primeira Liga,Portugal,2,35,28,3110,4.8,18.0,0.055,0.063,0.034,0.073,0.788,1.421,3.538,2.47,1.335,1.948,83.37,6.801,3.115,0.98,,
2768,Christian Zielinski,24,CB,Braga,Primeira Liga,Portugal,2,9,6,759,17.6,64.0,0.076,0.059,0.086,0.071,1.017,0.685,2.712,2.603,2.073,4.257,87.793,6.035,1.98,0.553,,
2769,Simon Odegaard,21,ST,Braga,Primeira Liga,Portugal,2,7,5,619,19.0,73.0,0.712,0.211,0.647,0.163,5.09,1.693,1.113,0.705,0.349,4.041,84.698,3.398,4.193,2.707,,
2770,Kylian Mbappé,25,CB,Boavista,Primeira Liga,Portugal,2,6,5,522,8.2,20.0,0.082,0.046,0.065,0.038,0.829,0.686,2.66,2.056,1.752,4.407,95.592,5.727,1.78,0.638,,
2771,Yves Sobhi,24,CB,Famalicao,Primeira Liga,Portugal,2,11,7,981,6.8,22.0,0.085,0.052,0.056,0.061,0.97,0.628,2.879,1.847,1.792,3.718,101.48,6.038,2.213,0.546,,
2772,Hiroki Adams,24,ST,Benfica,Primeira Liga,Portugal,2,32,30,2823,1.3,5.0,0.385,0.094,0.35,0.107,3.148,1.028,0.684,0.398,0.251,2.378,77.508,2.336,2.622,1.954,,
2773,Leon Johnson,26,ST,Benfica,Primeira Liga,Portugal,2,14,12,1179,16.4,41.0,0.647,0.162,0.479,0.134,5.01,1.436,1.113,0.647,0.346,3.911,87.339,4.078,4.229,2.348,,
2774,Daichi Ramirez,23,W,Gil Vicente,Primeira Liga,Portugal,2,31,29,2730,1.2,4.0,0.219,0.129,0.205,0.187,2.51,2.296,1.377,0.675,0.384,0.722,76.436,3.713,5.944,3.13,,
2775,Daniel King,25,DM,Sporting CP,Primeira Liga,Portugal,2,24,17,2152,15.5,42.0,0.056,0.087,0.058,0.104,1.132,1.617,4.161,2.634,1.665,2.082,92.295,8.621,3.361,1.677,,
2776,Cody Milinkovic-Savic,26,W,Boavista,Primeira Liga,Portugal,2,34,25,2976,10.8,19.0,0.403,0.204,0.268,0.238,3.33,2.921,1.961,1.391,0.73,0.955,73.427,6.303,8.989,4.356,,
2777,Ruben Garcia,31,CM,Sporting CP,Primeira Liga,Portugal,2,16,11,1424,15.9,51.0,0.146,0.168,0.149,0.189,1.869,2.374,3.377,1.925,1.357,1.983,84.719,11.66,5.032,2.535,,
2778,Diego Bakker,27,FB,Vitoria Guimaraes,Primeira Liga,Portugal,2,18,14,1563,17.1,48.0,0.086,0.153,0.048,0.13,1.118,2.159,3.381,1.528,1.237,2.062,74.87,7.215,6.495,2.162,,
2779,Leandro Adams,27,AM,Porto,Primeira Liga,Portugal,2,17,14,1471,4.7,18.0,0.233,0.238,0.225,0.27,2.788,2.814,1.557,1.081,0.66,0.758,71.764,7.866,6.161,3.167,,
2780,Julian Andersen,28,CB,Vitoria Guimaraes,Primeira Liga,Portugal,2,10,7,872,0.8,2.0,0.04,0.034,0.042,0.028,0.567,0.593,2.096,1.547,1.373,2.611,95.26,4.339,1.32,0.359,,
2781,Patrick Muller,25,CB,Braga,Primeira Liga,Portugal,2,16,13,1418,15.8,55.0,0.097,0.063,0.069,0.081,0.959,0.829,2.972,2.857,2.054,4.038,91.404,6.916,2.401,0.546,,
2782,Ousmane Gudelj,23,ST,Porto,Primeira Liga,Portugal,2,23,21,2036,3.0,12.0,0.403,0.094,0.331,0.134,3.427,1.313,0.822,0.47,0.336,2.628,71.585,3.294,3.206,1.991,,
2783,Romelu Dembélé,25,AM,Porto,Primeira Liga,Portugal,2,22,14,1900,2.6,4.0,0.174,0.186,0.226,0.191,2.055,3.127,1.249,0.751,0.581,0.725,79.973,6.245,4.861,3.551,,
2784,Patrick Alves,27,CM,Sporting CP,Primeira Liga,Portugal,2,25,17,2177,5.0,10.0,0.096,0.143,0.082,0.178,1.766,2.143,2.199,1.505,1.222,1.607,81.262,8.761,3.484,1.923,,
2785,Nabil Mendes,21,DM,Vitoria Guimaraes,Primeira Liga,Portugal,2,10,6,819,10.4,31.0,0.057,0.08,0.048,0.096,1.02,1.308,4.158,2.97,1.321,2.702,77.382,6.706,2.538,1.269,,
2786,Alexander Meyer,26,CB,Braga,Primeira Liga,Portugal,2,30,25,2660,1.2,4.0,0.049,0.03,0.042,0.028,0.593,0.465,1.77,1.665,1.296,2.627,86.262,4.294,1.367,0.396,,
2787,Pedri Odegaard,23,FB,Boavista,Primeira Liga,Portugal,2,10,7,897,6.6,16.0,0.051,0.139,0.04,0.143,0.906,2.205,2.647,1.784,1.119,1.743,79.515,7.794,5.531,2.034,,
2788,Marc Williams,32,FB,Braga,Primeira Liga,Portugal,2,12,8,1019,6.3,16.0,0.053,0.132,0.038,0.137,0.981,1.892,3.062,1.858,1.115,1.806,85.896,6.077,4.73,1.66,,
2789,Ferran Mbappé,34,ST,Braga,Primeira Liga,Portugal,2,7,4,553,4.2,9.0,0.435,0.171,0.446,0.118,4.531,1.547,1.101,0.543,0.415,3.539,69.498,3.938,3.716,2.609,,
2790,Bruno Colombo,21,ST,Gil Vicente,Primeira Liga,Portugal,2,12,8,1047,15.0,32.0,0.573,0.119,0.522,0.135,4.922,1.462,0.992,0.556,0.394,4.162,86.762,4.894,4.441,2.992,,
2791,Dusan Visser,25,ST,Braga,Primeira Liga,Portugal,2,34,30,3059,11.1,28.0,0.495,0.127,0.463,0.131,4.829,1.553,0.889,0.472,0.326,3.613,67.624,3.314,2.905,2.917,,
2792,Sofiane Trezeguet,23,CM,Boavista,Primeira Liga,Portugal,2,26,23,2297,4.9,12.0,0.11,0.135,0.103,0.149,1.883,1.778,2.441,1.303,1.191,1.508,81.321,8.808,3.922,2.17,,
2793,Kai Sousa,25,ST,Gil Vicente,Primeira Liga,Portugal,2,23,16,2014,1.3,3.0,0.319,0.102,0.405,0.092,3.378,1.228,0.802,0.409,0.299,2.656,80.868,2.57,2.793,1.885,,
2794,James Osimhen,24,CM,Boavista,Primeira Liga,Portugal,2,26,21,2286,8.8,16.0,0.113,0.164,0.127,0.143,1.788,2.188,2.505,1.914,1.242,1.499,84.757,9.032,4.351,1.984,,
2795,Alejandro Osimhen,22,AM,Vitoria Guimaraes,Primeira Liga,Portugal,2,11,9,959,5.4,15.0,0.225,0.182,0.234,0.242,2.547,3.337,1.228,0.793,0.68,0.982,91.346,7.18,5.512,3.875,,
2796,Miguel Walker,31,CM,Famalicao,Primeira Liga,Portugal,2,10,7,860,6.0,12.0,0.114,0.167,0.118,0.177,1.991,2.237,2.351,2.118,1.767,1.954,98.069,7.037,4.689,1.685,,
2797,Robert Rodriguez,21,CM,Sporting CP,Primeira Liga,Portugal,2,12,9,1043,12.7,39.0,0.124,0.138,0.096,0.146,2.016,1.807,2.659,1.734,1.642,1.636,89.616,9.344,3.938,2.083,,
2798,Vitinha Eriksen,24,CB,Famalicao,Primeira Liga,Portugal,2,22,17,1897,17.5,52.0,0.096,0.072,0.062,0.064,1.035,0.977,2.95,2.531,1.839,4.871,102.982,7.155,2.049,0.701,,
2799,Robin Sousa,31,ST,Porto,Primeira Liga,Portugal,2,6,5,520,4.6,12.0,0.424,0.112,0.46,0.106,3.849,1.249,0.877,0.521,0.324,3.226,68.273,3.278,3.113,2.082,,
2800,Leroy Elneny,23,ST,Famalicao,Primeira Liga,Portugal,2,36,30,3179,1.6,4.0,0.296,0.106,0.42,0.096,3.871,1.079,0.845,0.382,0.262,3.029,64.913,2.83,2.781,1.65,,
2801,Daichi Jones,25,DM,Club Brugge,Belgian Pro League,Belgium,2,32,28,2840,1.4,5.0,0.037,0.045,0.025,0.058,0.934,1.078,2.703,1.743,1.07,1.997,76.188,6.574,2.153,1.209,,
2802,Gavi Gonzalez,29,AM,Union SG,Belgian Pro League,Belgium,2,16,12,1407,10.5,24.0,0.338,0.296,0.261,0.256,3.608,3.649,1.358,1.379,0.863,1.178,93.742,6.903,8.096,3.511,,
2803,Rafa Tadic,26,FB,Anderlecht,Belgian Pro League,Belgium,2,17,13,1492,5.8,20.0,0.054,0.108,0.05,0.117,0.891,1.75,2.908,1.492,1.097,1.52,88.924,5.402,4.729,1.659,,
2804,Rafa Gudelj,25,CB,Mechelen,Belgian Pro League,Belgium,2,8,5,632,4.6,17.0,0.081,0.04,0.069,0.05,0.829,0.645,2.71,2.054,1.863,3.229,93.815,6.465,1.795,0.549,,
2805,Ryan Silva,29,AM,Mechelen,Belgian Pro League,Belgium,2,36,29,3215,1.4,2.0,0.206,0.182,0.216,0.227,2.226,2.725,1.185,0.697,0.555,0.729,78.96,7.283,5.228,2.547,,
2806,Neymar Visser,24,FB,Mechelen,Belgian Pro League,Belgium,2,10,9,868,21.1,37.0,0.114,0.23,0.065,0.23,1.36,2.506,3.502,2.209,1.715,1.859,74.661,7.247,7.917,2.525,,
2807,Victor Williams,21,ST,Mechelen,Belgian Pro League,Belgium,2,27,24,2380,12.3,34.0,0.591,0.181,0.495,0.118,4.812,1.681,1.085,0.576,0.453,3.423,71.673,4.519,3.79,2.696,,
2808,Matteo Son,26,W,Anderlecht,Belgian Pro League,Belgium,2,11,8,978,1.3,3.0,0.207,0.15,0.201,0.19,2.441,2.215,1.188,0.835,0.383,0.872,83.072,3.835,6.682,4.277,,
2809,Lucas Ferrari,26,CM,Anderlecht,Belgian Pro League,Belgium,2,11,7,967,7.7,27.0,0.098,0.129,0.119,0.184,1.687,1.869,2.741,1.593,1.134,1.918,79.556,8.079,3.79,2.345,,
2810,Youssef Minamino,27,CM,Standard Liege,Belgian Pro League,Belgium,2,24,16,2114,9.7,35.0,0.149,0.147,0.161,0.225,1.815,1.889,2.657,1.399,1.624,1.769,81.668,10.963,3.787,2.25,,
2811,Sergio Becker,24,CM,Anderlecht,Belgian Pro League,Belgium,2,14,12,1230,1.7,3.0,0.076,0.128,0.091,0.14,1.284,1.546,1.807,1.641,1.244,1.172,74.044,6.697,3.475,1.65,,
2812,Phil Szczesny,22,W,Standard Liege,Belgian Pro League,Belgium,2,13,10,1165,5.9,22.0,0.2,0.19,0.278,0.216,3.251,2.045,1.405,1.076,0.419,0.852,68.732,5.389,6.258,4.124,,
2813,Sadio Bentancur,27,CM,Union SG,Belgian Pro League,Belgium,2,20,16,1794,16.2,46.0,0.194,0.267,0.182,0.217,1.921,2.405,3.422,1.994,1.95,2.337,83.973,9.938,5.302,2.59,,
2814,Sofiane Skov,24,CM,Club Brugge,Belgian Pro League,Belgium,2,22,21,1916,9.0,34.0,0.127,0.172,0.125,0.192,2.029,2.502,2.228,1.891,1.565,2.014,84.968,8.184,4.885,2.534,,
2815,Federico Eriksen,25,FB,Mechelen,Belgian Pro League,Belgium,2,23,20,2015,12.7,39.0,0.088,0.123,0.05,0.14,1.189,2.223,3.242,1.647,1.115,2.228,71.093,7.523,4.831,2.187,,
2816,Adama Zielinski,28,CM,Mechelen,Belgian Pro League,Belgium,2,24,20,2102,22.1,75.0,0.197,0.222,0.188,0.288,2.606,2.86,3.381,2.27,1.408,2.064,97.409,10.445,5.092,3.393,,
2817,Matteo Hernandez,30,ST,Club Brugge,Belgian Pro League,Belgium,2,6,4,515,15.8,54.0,0.515,0.178,0.54,0.131,5.727,1.604,1.152,0.639,0.387,3.722,74.102,4.358,4.491,3.029,,
2818,Sandro Lee,27,GK,Mechelen,Belgian Pro League,Belgium,2,31,22,2759,23.7,87.0,0.007,0.023,0.01,0.008,0.038,0.513,0.26,0.345,0.1,0.317,102.278,4.053,0.853,0.137,92.022,44.067
2819,Charles Son,28,DM,Gent,Belgian Pro League,Belgium,2,19,17,1688,1.8,6.0,0.043,0.051,0.029,0.057,0.9,1.035,3.44,1.997,1.084,1.483,97.097,6.08,2.174,1.024,,
2820,Sandro Brown,24,ST,Union SG,Belgian Pro League,Belgium,2,30,26,2655,1.8,6.0,0.395,0.121,0.432,0.116,4.044,1.137,0.729,0.423,0.234,2.533,73.856,2.636,3.487,1.9,,
2821,Jamal Wirtz,30,ST,Mechelen,Belgian Pro League,Belgium,2,20,17,1743,13.2,44.0,0.45,0.12,0.468,0.117,4.129,1.28,1.152,0.544,0.354,3.899,78.93,2.991,4.526,1.938,,
2822,Pablo Becker,28,CB,Union SG,Belgian Pro League,Belgium,2,21,16,1833,5.8,10.0,0.068,0.058,0.055,0.043,0.887,0.616,2.774,2.241,1.822,4.078,93.12,5.157,2.227,0.446,,
2823,Miguel Robinson,29,ST,Anderlecht,Belgian Pro League,Belgium,2,25,20,2164,11.3,22.0,0.545,0.139,0.473,0.121,4.502,1.582,1.272,0.619,0.377,4.347,68.328,3.02,4.855,2.91,,
2824,Samuel Araujo,22,GK,Club Brugge,Belgian Pro League,Belgium,2,16,14,1396,1.8,6.0,0.005,0.008,0.004,0.004,0.021,0.283,0.139,0.15,0.037,0.132,62.451,1.71,0.573,0.082,79.069,25.805
2825,Marc Wirtz,28,CB,Union SG,Belgian Pro League,Belgium,2,14,13,1254,10.6,38.0,0.089,0.046,0.068,0.042,0.745,0.587,2.326,2.032,2.023,3.539,94.298,5.645,2.74,0.496,,
2826,Ritsu Rice,25,FB,Mechelen,Belgian Pro League,Belgium,2,9,6,802,0.6,2.0,0.041,0.093,0.033,0.106,0.911,1.376,2.647,1.328,0.795,1.127,75.957,4.686,3.924,1.471,,
2827,Florian Musah,25,CB,Union SG,Belgian Pro League,Belgium,2,34,25,3044,4.9,14.0,0.066,0.043,0.054,0.051,0.933,0.609,2.119,2.151,1.812,3.183,99.071,4.961,1.596,0.483,,
2828,Simon Muller,22,W,Standard Liege,Belgian Pro League,Belgium,2,22,16,1952,15.2,48.0,0.332,0.255,0.267,0.2,2.53,3.094,1.82,1.031,0.57,1.032,90.78,4.944,6.255,3.725,,
2829,Omar Garcia,28,AM,Gent,Belgian Pro League,Belgium,2,23,21,2056,12.6,34.0,0.236,0.238,0.325,0.232,3.072,4.073,1.447,1.115,0.709,1.38,76.009,9.26,7.847,3.899,,
2830,Moussa Hegazi,28,AM,Antwerp,Belgian Pro League,Belgium,2,35,25,3086,12.7,29.0,0.374,0.299,0.257,0.292,2.872,3.279,1.65,1.054,0.92,1.101,89.757,8.503,6.761,4.461,,
2831,Sofiane Schlotterbeck,23,DM,Anderlecht,Belgian Pro League,Belgium,2,22,21,1954,10.1,27.0,0.069,0.087,0.045,0.08,1.034,1.757,3.877,2.553,1.511,2.173,86.782,8.941,3.078,1.36,,
2832,Thomas Vecino,29,W,Mechelen,Belgian Pro League,Belgium,2,26,25,2316,4.4,17.0,0.252,0.205,0.267,0.206,2.466,2.63,1.319,1.018,0.56,0.803,71.22,5.387,6.818,4.121,,
2833,Iker Peters,26,FB,Union SG,Belgian Pro League,Belgium,2,8,5,684,3.4,13.0,0.062,0.118,0.039,0.15,0.928,1.483,2.418,1.719,1.01,1.788,72.085,5.753,3.919,2.027,,
2834,Ruben Konaté,28,W,Antwerp,Belgian Pro League,Belgium,2,21,19,1885,5.7,21.0,0.26,0.169,0.263,0.192,2.841,2.498,1.598,0.808,0.47,1.146,78.508,5.567,6.217,3.717,,
2835,Angel Konaté,27,W,Standard Liege,Belgian Pro League,Belgium,2,33,27,2888,9.3,18.0,0.408,0.203,0.299,0.25,3.451,3.181,1.698,1.045,0.618,0.996,87.025,6.788,7.103,4.38,,
2836,Alejandro Fernandez,26,ST,Genk,Belgian Pro League,Belgium,2,33,31,2901,2.2,4.0,0.418,0.094,0.329,0.107,3.627,1.113,0.739,0.392,0.274,2.898,73.454,3.304,2.804,1.726,,
2837,Eric Son,25,ST,Antwerp,Belgian Pro League,Belgium,2,18,15,1583,15.1,28.0,0.576,0.135,0.637,0.2,5.665,1.532,1.18,0.74,0.416,4.755,83.294,3.161,4.636,2.625,,
2838,Toby Wagner,31,AM,Anderlecht,Belgian Pro League,Belgium,2,27,24,2363,6.0,16.0,0.236,0.245,0.223,0.218,2.48,3.297,1.591,0.863,0.657,0.86,76.062,6.496,6.159,3.855,,
2839,Takumi Pereira,29,AM,Genk,Belgian Pro League,Belgium,2,32,22,2858,3.7,13.0,0.233,0.205,0.19,0.241,2.453,3.129,1.467,0.842,0.566,0.729,71.233,7.756,6.148,3.766,,
2840,Martin Lee,28,W,Antwerp,Belgian Pro League,Belgium,2,24,17,2127,11.9,43.0,0.314,0.225,0.3,0.206,3.632,2.549,2.008,1.19,0.633,1.029,91.836,4.348,8.021,5.037,,
2841,Kevin Gudelj,29,CM,Genk,Belgian Pro League,Belgium,2,17,13,1512,2.2,6.0,0.111,0.112,0.09,0.143,1.675,2.018,2.31,1.575,1.216,1.271,91.55,7.593,4.116,1.908,,
2842,Federico White,29,FB,Genk,Belgian Pro League,Belgium,2,11,8,930,6.6,20.0,0.058,0.137,0.047,0.162,1.305,1.714,3.888,2.007,1.108,2.186,85.547,7.043,6.058,2.295,,
2843,Vitinha Hernandez,25,CB,Union SG,Belgian Pro League,Belgium,2,29,24,2560,4.8,9.0,0.066,0.04,0.061,0.034,0.868,0.734,2.583,1.974,1.477,4.148,85.767,6.26,1.918,0.484,,
2844,Luka Wirtz,24,AM,Anderlecht,Belgian Pro League,Belgium,2,8,5,689,15.2,55.0,0.259,0.344,0.363,0.299,3.898,4.309,2.181,1.121,0.811,1.22,76.988,8.96,7.504,4.557,,
2845,Frenkie Mane,26,CB,Mechelen,Belgian Pro League,Belgium,2,15,10,1319,22.8,71.0,0.097,0.056,0.074,0.072,1.207,0.755,2.967,2.578,2.19,4.18,104.372,7.733,2.187,0.673,,
2846,Marco Aaronson,21,FB,Anderlecht,Belgian Pro League,Belgium,2,8,6,652,18.8,47.0,0.077,0.187,0.057,0.169,1.431,2.056,4.003,2.526,1.22,1.661,75.082,7.127,7.077,2.258,,
2847,Leo Kim,29,DM,Union SG,Belgian Pro League,Belgium,2,32,27,2845,7.5,22.0,0.058,0.072,0.031,0.085,1.129,1.501,4.237,2.428,1.387,1.999,89.142,8.005,3.1,1.447,,
2848,Alexander Hall,21,W,Mechelen,Belgian Pro League,Belgium,2,28,22,2456,4.3,11.0,0.192,0.161,0.225,0.177,2.634,1.913,1.407,0.759,0.482,0.996,90.223,5.194,5.739,4.368,,
2849,Hakim White,31,AM,Club Brugge,Belgian Pro League,Belgium,2,31,25,2756,2.2,8.0,0.193,0.167,0.222,0.197,2.167,2.955,1.172,0.728,0.672,0.949,70.34,6.499,5.672,3.065,,
2850,Ryan Park,20,CB,Genk,Belgian Pro League,Belgium,2,26,23,2282,16.1,57.0,0.074,0.066,0.085,0.061,1.138,0.978,2.526,2.515,2.354,4.76,95.265,8.206,2.265,0.588,,
2851,Khvicha Hegazi,21,FB,Mechelen,Belgian Pro League,Belgium,2,25,24,2213,9.6,33.0,0.061,0.148,0.051,0.135,1.064,2.106,2.735,1.86,0.973,1.532,85.219,7.465,5.294,2.439,,
2852,Amadou Ferrari,26,CB,Union SG,Belgian Pro League,Belgium,2,26,24,2291,14.2,42.0,0.094,0.071,0.053,0.059,0.825,0.826,2.901,2.002,2.172,3.439,83.095,5.531,2.262,0.561,,
2853,Casemiro Hegazi,21,DM,Genk,Belgian Pro League,Belgium,2,18,16,1582,15.8,58.0,0.081,0.092,0.059,0.092,1.201,1.872,3.626,3.024,1.714,2.427,79.322,7.524,3.342,1.513,,
2854,Pablo Szczesny,30,ST,Club Brugge,Belgian Pro League,Belgium,2,33,26,2949,12.3,42.0,0.532,0.152,0.451,0.146,4.154,1.728,1.138,0.722,0.308,4.31,81.063,4.243,4.028,2.724,,
2855,Charles Kostic,25,FB,Club Brugge,Belgian Pro League,Belgium,2,13,9,1128,11.5,28.0,0.083,0.147,0.052,0.162,1.198,1.915,3.766,1.827,1.454,2.106,85.347,7.906,6.144,2.664,,
2856,Rayan Mbappé,27,W,Club Brugge,Belgian Pro League,Belgium,2,31,28,2705,5.5,15.0,0.276,0.169,0.222,0.16,2.466,2.786,1.516,0.843,0.552,1.027,71.73,5.161,6.155,4.557,,
2857,Sofiane Rossi,25,AM,Gent,Belgian Pro League,Belgium,2,35,24,3096,6.8,18.0,0.309,0.264,0.254,0.222,2.81,3.57,1.156,0.986,0.804,1.073,70.669,6.959,6.166,3.449,,
2858,Alejandro Konaté,29,DM,Antwerp,Belgian Pro League,Belgium,2,17,13,1472,2.0,8.0,0.039,0.054,0.027,0.053,0.784,1.092,3.485,2.184,1.334,1.821,96.606,6.27,2.106,1.311,,
2859,Trent Konaté,24,FB,Standard Liege,Belgian Pro League,Belgium,2,28,20,2518,8.5,18.0,0.073,0.111,0.053,0.127,0.987,1.519,3.17,1.619,0.904,1.621,97.518,7.393,4.82,1.875,,
2860,Robert Vlahovic,24,CB,Mechelen,Belgian Pro League,Belgium,2,32,28,2865,7.5,27.0,0.065,0.043,0.064,0.043,0.659,0.639,2.235,2.533,1.641,3.35,77.148,5.525,2.044,0.595,,
2861,Sadio Schmidt,22,GK,Genk,Belgian Pro League,Belgium,2,16,11,1418,4.1,11.0,0.005,0.01,0.006,0.005,0.029,0.318,0.182,0.115,0.044,0.149,67.452,2.25,0.549,0.096,71.544,33.603
2862,Joao Grimaldo,25,CB,Anderlecht,Belgian Pro League,Belgium,2,36,25,3151,4.3,11.0,0.062,0.038,0.039,0.048,0.763,0.606,2.195,1.75,1.345,3.167,78.389,4.675,1.759,0.424,,
2863,Daniel Wilson,26,AM,Genk,Belgian Pro League,Belgium,2,37,25,3242,2.9,5.0,0.206,0.182,0.221,0.237,2.441,3.164,1.352,0.739,0.505,0.79,70.508,7.709,6.409,3.353,,
2864,Kai Suarez,28,AM,Antwerp,Belgian Pro League,Belgium,2,7,5,556,1.3,5.0,0.187,0.182,0.218,0.233,1.985,3.365,1.041,0.859,0.545,0.757,69.826,6.742,5.485,2.915,,
2865,Serge Piatek,24,CM,Union SG,Belgian Pro League,Belgium,2,7,6,571,2.9,6.0,0.107,0.148,0.091,0.159,1.416,1.967,2.293,1.342,1.425,1.505,75.067,8.69,3.901,1.659,,
2866,Ismail Skov,26,FB,Union SG,Belgian Pro League,Belgium,2,33,26,2907,5.0,9.0,0.061,0.115,0.043,0.154,0.833,1.494,3.214,1.555,0.86,2.022,75.57,6.056,4.811,1.6,,
2867,Alexis Romano,25,CM,Anderlecht,Belgian Pro League,Belgium,2,18,14,1568,6.3,20.0,0.114,0.15,0.111,0.169,1.764,1.896,2.793,2.036,1.231,1.886,100.421,9.101,3.272,2.228,,
2868,Samuel Bentancur,24,ST,Standard Liege,Belgian Pro League,Belgium,2,14,11,1222,4.4,14.0,0.477,0.138,0.379,0.097,4.38,1.094,0.788,0.41,0.287,2.864,65.059,2.607,3.481,2.076,,
2869,Bruno de Jong,27,CB,Union SG,Belgian Pro League,Belgium,2,34,23,2975,5.5,9.0,0.057,0.044,0.056,0.048,0.744,0.661,2.953,1.9,1.711,4.273,87.378,6.468,2.002,0.493,,
2870,Samuel Tadic,20,ST,Genk,Belgian Pro League,Belgium,2,14,12,1224,15.1,26.0,0.668,0.153,0.512,0.168,4.437,1.689,1.293,0.74,0.362,3.791,96.379,4.612,3.796,2.452,,
2871,Harry Ricci,24,CM,Mechelen,Belgian Pro League,Belgium,2,8,5,658,11.8,21.0,0.167,0.16,0.167,0.177,1.593,1.975,2.944,1.859,1.61,1.846,92.184,10.302,4.571,1.916,,
2872,Martin Peters,24,FB,Union SG,Belgian Pro League,Belgium,2,22,20,1974,10.5,35.0,0.073,0.133,0.048,0.148,1.139,2.333,3.175,1.896,1.02,1.843,79.647,7.156,4.66,1.902,,
2873,Davide Bentancur,25,W,Anderlecht,Belgian Pro League,Belgium,2,30,22,2637,0.8,3.0,0.22,0.144,0.186,0.158,2.438,2.199,1.28,0.794,0.359,0.664,84.376,4.599,5.267,3.334,,
2874,Diego Adams,28,ST,Club Brugge,Belgian Pro League,Belgium,2,8,6,635,4.6,16.0,0.375,0.128,0.44,0.108,4.602,1.376,0.92,0.552,0.308,2.582,77.704,3.133,2.988,1.968,,
2875,Sergio Walker,22,CM,Anderlecht,Belgian Pro League,Belgium,2,25,22,2248,6.0,20.0,0.1,0.11,0.105,0.145,1.619,2.171,2.079,1.391,1.451,1.726,88.215,7.167,4.117,1.822,,
2876,Victor Kiwior,27,DM,Club Brugge,Belgian Pro League,Belgium,2,17,12,1489,1.9,7.0,0.033,0.049,0.03,0.057,0.714,1.372,3.512,2.111,1.401,1.574,78.909,7.609,2.515,1.122,,
2877,Declan Lewandowski,32,CM,Genk,Belgian Pro League,Belgium,2,7,5,601,3.0,5.0,0.091,0.146,0.114,0.19,1.888,2.191,2.523,1.548,1.092,1.666,95.298,8.673,4.087,1.923,,
2878,Takumi Reyna,19,FB,Club Brugge,Belgian Pro League,Belgium,2,14,12,1196,2.8,4.0,0.053,0.108,0.049,0.13,0.86,1.613,2.7,1.667,0.937,1.496,82.303,5.435,5.711,2.049,,
2879,Carlos Nunez,26,DM,Standard Liege,Belgian Pro League,Belgium,2,16,12,1398,11.6,42.0,0.06,0.075,0.036,0.107,0.997,1.599,3.34,2.915,1.54,2.324,95.587,8.422,2.785,1.531,,
2880,Ansu McKennie,29,W,Genk,Belgian Pro League,Belgium,2,17,14,1524,16.4,28.0,0.449,0.261,0.336,0.28,3.537,2.927,1.784,1.453,0.611,1.313,83.015,5.754,8.036,5.525,,
2881,Adama Gudelj,30,CB,Mechelen,Belgian Pro League,Belgium,2,11,8,964,9.0,27.0,0.079,0.044,0.078,0.039,0.992,0.701,2.6,2.266,1.974,3.915,90.999,6.59,2.09,0.439,,
2882,Max Colombo,26,ST,Standard Liege,Belgian Pro League,Belgium,2,10,8,827,1.8,7.0,0.402,0.101,0.323,0.086,3.291,1.052,0.783,0.445,0.274,2.86,74.047,2.576,2.913,2.134,,
2883,Matteo Weber,28,FB,Antwerp,Belgian Pro League,Belgium,2,24,21,2110,9.4,21.0,0.06,0.117,0.049,0.162,1.084,2.005,3.236,1.957,0.999,1.822,94.362,7.999,4.902,2.074,,
2884,Moussa Diaz,25,ST,Club Brugge,Belgian Pro League,Belgium,2,9,6,806,4.2,13.0,0.512,0.133,0.475,0.125,4.283,1.488,0.983,0.491,0.33,2.996,83.643,3.378,3.852,2.184,,
2885,Simon Fischer,22,AM,Genk,Belgian Pro League,Belgium,2,15,13,1302,7.1,24.0,0.242,0.2,0.213,0.221,2.59,3.176,1.21,0.88,0.646,0.859,92.461,6.602,5.842,3.426,,
2886,Moussa Davies,24,CM,Mechelen,Belgian Pro League,Belgium,2,24,20,2103,14.4,38.0,0.129,0.205,0.159,0.16,1.99,2.202,2.593,1.777,1.853,1.975,76.408,11.694,5.404,1.882,,
2887,Gabriel Bentancur,33,DM,Mechelen,Belgian Pro League,Belgium,2,16,11,1429,5.2,8.0,0.052,0.068,0.039,0.082,0.884,1.551,3.411,3.613,1.309,2.726,97.096,7.563,2.934,1.33,,
2888,Enzo Wilson,24,GK,Gent,Belgian Pro League,Belgium,2,31,22,2772,3.6,13.0,0.006,0.013,0.005,0.005,0.026,0.33,0.169,0.178,0.066,0.192,72.989,2.489,0.579,0.086,71.135,34.247
2889,Axel Trezeguet,27,ST,Standard Liege,Belgian Pro League,Belgium,2,22,19,1927,4.5,15.0,0.416,0.103,0.435,0.121,4.168,1.17,1.08,0.479,0.313,3.807,70.121,3.608,3.095,2.481,,
2890,Gavi Bentancur,23,CB,Gent,Belgian Pro League,Belgium,2,8,6,645,5.6,17.0,0.077,0.05,0.061,0.053,0.932,0.684,2.525,1.896,1.964,3.682,75.0,4.916,1.871,0.565,,
2891,Ritsu Andersen,28,CB,Gent,Belgian Pro League,Belgium,2,31,23,2707,6.6,18.0,0.072,0.048,0.06,0.055,0.755,0.628,2.805,2.615,2.155,3.717,96.188,5.976,2.078,0.539,,
2892,Nabil Park,29,ST,Club Brugge,Belgian Pro League,Belgium,2,23,19,1992,1.6,5.0,0.358,0.084,0.394,0.097,3.514,1.3,0.664,0.429,0.232,3.322,77.486,2.502,3.07,1.995,,
2893,Sergio Meyer,27,FB,Anderlecht,Belgian Pro League,Belgium,2,24,19,2125,7.4,25.0,0.06,0.115,0.051,0.131,1.075,1.535,2.815,1.918,0.94,1.641,70.919,5.65,5.014,2.299,,
2894,Angel Mbappé,25,FB,Anderlecht,Belgian Pro League,Belgium,2,19,15,1678,2.3,9.0,0.045,0.116,0.048,0.133,0.771,1.543,2.691,1.428,0.995,1.379,91.095,5.105,4.903,1.699,,
2895,Nabil Szczesny,25,CM,Gent,Belgian Pro League,Belgium,2,26,20,2260,6.2,22.0,0.113,0.153,0.14,0.182,1.454,1.815,2.239,1.59,1.326,1.664,81.681,9.612,4.569,1.66,,
2896,Virgil Valverde,27,CM,Union SG,Belgian Pro League,Belgium,2,31,29,2747,2.3,4.0,0.095,0.13,0.087,0.144,1.689,1.756,1.791,1.583,1.151,1.258,93.162,7.184,3.343,1.587,,
2897,Achraf Bellingham,23,AM,Antwerp,Belgian Pro League,Belgium,2,15,13,1320,3.9,9.0,0.264,0.202,0.202,0.255,2.432,3.091,1.331,0.822,0.624,0.705,92.946,8.29,5.168,3.27,,
2898,Hugo Szczesny,27,FB,Genk,Belgian Pro League,Belgium,2,21,14,1857,20.1,55.0,0.085,0.173,0.062,0.209,1.172,2.272,4.431,1.837,1.434,2.177,84.684,6.252,4.991,2.509,,
2899,Declan Kamada,24,W,Club Brugge,Belgian Pro League,Belgium,2,36,31,3184,3.1,11.0,0.274,0.142,0.205,0.212,2.759,2.168,1.391,0.962,0.483,0.72,87.559,5.24,6.962,4.539,,
2901,Lucas Gudelj,26,CM,Gent,Belgian Pro League,Belgium,2,32,28,2879,10.3,36.0,0.163,0.148,0.142,0.153,1.715,2.485,2.326,1.796,1.341,2.141,83.65,9.066,3.648,2.161,,
2902,Ruben Johnson,29,CB,Antwerp,Belgian Pro League,Belgium,2,36,33,3176,1.3,2.0,0.046,0.031,0.046,0.041,0.701,0.462,1.921,1.581,1.78,3.011,85.748,4.268,1.713,0.409,,
2903,Ryan Iwobi,25,W,Genk,Belgian Pro League,Belgium,2,35,31,3072,1.8,3.0,0.284,0.171,0.244,0.187,2.791,2.143,1.326,0.852,0.447,0.855,88.593,4.92,5.988,4.041,,
2904,Pedri Pereira,25,W,Union SG,Belgian Pro League,Belgium,2,25,19,2219,1.3,5.0,0.246,0.153,0.192,0.177,2.516,2.061,1.2,0.844,0.352,0.726,80.378,3.904,5.474,4.003,,
2905,Goncalo Bassey,26,W,Mechelen,Belgian Pro League,Belgium,2,14,12,1171,9.3,37.0,0.342,0.208,0.222,0.243,3.156,2.604,1.86,1.114,0.582,1.229,87.247,4.799,6.944,4.874,,
2906,Edouard Zurkowski,24,FB,Union SG,Belgian Pro League,Belgium,2,15,13,1315,4.3,11.0,0.046,0.111,0.045,0.115,1.109,1.766,2.49,1.675,0.815,1.748,75.889,5.67,5.102,1.47,,
2907,Alvaro Grimaldo,32,DM,Genk,Belgian Pro League,Belgium,2,30,20,2671,2.7,7.0,0.049,0.068,0.037,0.075,0.821,1.458,3.183,2.524,1.369,1.871,99.581,6.551,2.37,1.364,,
2908,Ibrahim Oliveira,23,CB,Union SG,Belgian Pro League,Belgium,2,36,34,3186,20.3,57.0,0.094,0.073,0.086,0.058,1.191,0.803,3.217,2.446,2.254,4.177,106.656,7.883,2.615,0.707,,
2909,Thiago Tadic,21,W,Genk,Belgian Pro League,Belgium,2,13,11,1112,1.8,3.0,0.198,0.167,0.194,0.186,2.434,2.257,1.211,0.798,0.444,0.775,73.386,5.072,6.48,3.379,,
2910,Axel Hernandez,22,DM,Standard Liege,Belgian Pro League,Belgium,2,34,33,3031,3.5,11.0,0.038,0.06,0.029,0.074,0.813,1.033,3.1,1.979,1.15,2.085,87.518,7.02,2.79,1.092,,
2911,Alexis Martinez,25,DM,Union SG,Belgian Pro League,Belgium,2,10,8,888,5.4,13.0,0.046,0.072,0.03,0.082,0.951,1.443,3.443,2.631,1.244,1.589,93.979,7.61,3.292,1.248,,
2912,Romelu Minamino,34,CB,Union SG,Belgian Pro League,Belgium,2,32,28,2791,4.9,15.0,0.07,0.058,0.062,0.071,0.788,0.676,3.332,2.325,2.458,4.494,90.213,7.146,2.622,0.785,,
2913,Samuel van Dijk,20,FB,Anderlecht,Belgian Pro League,Belgium,2,15,13,1324,3.3,12.0,0.05,0.123,0.042,0.157,0.798,1.605,2.794,1.507,0.855,1.366,75.63,7.303,4.457,1.54,,
2914,Nicolo Fernandez,22,CM,Mechelen,Belgian Pro League,Belgium,2,9,8,797,4.8,10.0,0.12,0.139,0.112,0.165,1.568,2.286,2.32,1.56,1.259,1.639,99.674,7.886,4.209,1.669,,
2915,James Son,28,FB,Standard Liege,Belgian Pro League,Belgium,2,36,34,3226,5.3,15.0,0.049,0.115,0.049,0.125,1.107,1.341,3.02,1.618,1.053,1.77,92.548,7.339,4.359,2.008,,
2916,Rayan Weber,33,CM,Club Brugge,Belgian Pro League,Belgium,2,16,12,1395,2.7,9.0,0.104,0.14,0.091,0.184,1.53,2.352,2.557,1.406,1.186,1.711,96.597,9.339,3.367,1.946,,
2917,Carlos Costa,27,CB,Mechelen,Belgian Pro League,Belgium,2,26,25,2304,8.7,34.0,0.081,0.048,0.051,0.051,0.95,0.703,2.42,2.135,1.692,3.312,78.111,5.827,1.696,0.432,,
2918,Alexis Oliveira,26,CB,Antwerp,Belgian Pro League,Belgium,2,9,7,796,2.9,11.0,0.062,0.043,0.055,0.034,0.692,0.642,2.321,1.874,1.596,3.385,97.679,5.067,1.953,0.44,,
2919,Omar Taylor,20,DM,Mechelen,Belgian Pro League,Belgium,2,12,9,1079,5.3,15.0,0.063,0.077,0.041,0.085,1.166,1.421,3.259,2.75,1.241,2.599,95.304,7.55,2.842,1.242,,
2920,Joshua Lookman,22,FB,Gent,Belgian Pro League,Belgium,2,21,17,1830,13.9,23.0,0.078,0.138,0.059,0.161,0.981,1.778,2.815,1.41,1.086,1.778,79.351,8.233,5.764,2.061,,
2921,Harry Kim,31,CB,Standard Liege,Belgian Pro League,Belgium,2,16,13,1374,16.0,32.0,0.077,0.079,0.093,0.068,1.072,0.677,2.926,2.604,2.025,4.863,106.893,8.688,2.407,0.693,,
2922,Virgil Ferrari,25,W,Anderlecht,Belgian Pro League,Belgium,2,12,10,1047,3.5,6.0,0.259,0.171,0.266,0.189,3.33,2.057,1.633,1.083,0.459,0.785,85.437,4.81,7.473,4.547,,
2923,Vitinha Fernandez,25,ST,Club Brugge,Belgian Pro League,Belgium,2,31,21,2753,1.4,2.0,0.406,0.098,0.351,0.106,3.944,1.266,0.677,0.371,0.301,2.787,74.563,2.861,2.986,1.888,,
2924,Enzo Bassey,25,DM,Standard Liege,Belgian Pro League,Belgium,2,12,10,995,2.0,4.0,0.033,0.064,0.025,0.072,0.927,1.172,3.182,2.261,1.068,1.833,93.353,5.74,2.281,1.031,,
2925,Alvaro Weber,26,CB,Gent,Belgian Pro League,Belgium,2,19,15,1637,1.2,4.0,0.046,0.037,0.04,0.031,0.65,0.533,1.716,1.902,1.54,2.867,85.782,4.768,1.344,0.383,,
2926,Virgil Bentancur,28,DM,Mechelen,Belgian Pro League,Belgium,2,13,11,1127,7.5,20.0,0.048,0.083,0.029,0.081,1.083,1.406,4.439,2.856,1.304,2.569,105.037,7.905,3.385,1.773,,
2927,Khvicha Jones,28,GK,Union SG,Belgian Pro League,Belgium,2,33,24,2947,12.6,21.0,0.008,0.012,0.008,0.007,0.032,0.457,0.295,0.246,0.067,0.237,97.502,3.606,0.907,0.161,76.857,37.657
2928,Diogo Eriksen,18,FB,Union SG,Belgian Pro League,Belgium,2,11,8,912,6.6,14.0,0.049,0.126,0.05,0.119,1.017,1.716,2.793,1.676,1.311,2.238,82.222,6.904,5.278,2.049,,
2929,Enzo Konaté,28,CM,Antwerp,Belgian Pro League,Belgium,2,14,11,1217,12.9,32.0,0.165,0.199,0.121,0.199,1.767,2.693,2.175,1.712,1.815,1.925,97.196,8.826,5.485,1.808,,
2930,Sofiane Santos,31,FB,Standard Liege,Belgian Pro League,Belgium,2,22,20,1935,5.8,23.0,0.067,0.123,0.051,0.148,1.0,1.688,3.267,1.741,1.31,1.631,73.857,7.692,5.056,1.883,,
2931,Virgil Schlotterbeck,26,ST,Anderlecht,Belgian Pro League,Belgium,2,34,33,3011,11.3,35.0,0.52,0.145,0.562,0.143,4.391,1.599,1.367,0.566,0.351,3.489,70.026,3.824,3.815,3.324,,
2932,Ferran Gordon,27,DM,Anderlecht,Belgian Pro League,Belgium,2,23,18,2014,0.9,3.0,0.037,0.057,0.025,0.058,0.814,1.271,3.728,2.34,1.174,1.593,82.325,6.771,2.46,1.024,,
2933,Jamal Odegaard,27,GK,Mechelen,Belgian Pro League,Belgium,2,11,8,952,7.0,14.0,0.005,0.013,0.006,0.007,0.032,0.384,0.206,0.234,0.055,0.157,70.65,2.675,0.744,0.109,77.828,34.908
2934,Matteo Lee,26,CB,Genk,Belgian Pro League,Belgium,2,7,4,546,7.6,21.0,0.065,0.044,0.076,0.052,0.861,0.687,2.592,2.239,2.027,3.391,81.159,6.59,1.928,0.537,,
2935,Ryan Bassey,27,DM,Genk,Belgian Pro League,Belgium,2,22,20,1908,11.3,37.0,0.062,0.08,0.048,0.09,0.991,1.574,5.255,2.221,1.876,2.815,90.834,9.205,3.083,1.267,,
2936,Virgil Xhaka,33,CB,Anderlecht,Belgian Pro League,Belgium,2,11,7,915,5.1,18.0,0.073,0.058,0.06,0.047,0.993,0.663,2.717,2.265,2.008,3.708,84.586,6.494,2.416,0.507,,
2937,Frenkie Bentancur,24,CM,Mechelen,Belgian Pro League,Belgium,2,29,22,2600,1.7,6.0,0.086,0.132,0.077,0.146,1.588,2.044,2.052,1.432,1.262,1.555,79.77,7.472,3.56,1.371,,
2938,Andre Lopez,26,ST,Club Brugge,Belgian Pro League,Belgium,2,27,21,2412,5.9,11.0,0.505,0.114,0.366,0.147,4.486,1.438,0.959,0.465,0.303,3.238,81.522,2.66,3.392,1.841,,
2939,Thomas Camara,24,CB,Gent,Belgian Pro League,Belgium,2,24,16,2107,22.5,40.0,0.096,0.055,0.088,0.057,1.111,0.829,2.784,2.961,2.265,3.854,84.24,7.04,2.698,0.541,,
2940,Julian Bassey,25,W,Mechelen,Belgian Pro League,Belgium,2,21,15,1877,13.3,46.0,0.325,0.182,0.281,0.252,4.045,2.897,1.833,1.274,0.725,1.251,87.71,7.52,10.544,4.176,,
2941,Rodri Tadic,24,FB,Club Brugge,Belgian Pro League,Belgium,2,15,12,1281,12.2,32.0,0.068,0.18,0.043,0.154,1.1,1.733,3.568,1.673,1.045,2.043,81.796,8.07,4.698,2.318,,
2942,Pau Lee,25,GK,Standard Liege,Belgian Pro League,Belgium,2,26,22,2279,3.0,6.0,0.004,0.011,0.006,0.005,0.029,0.274,0.135,0.165,0.057,0.151,81.841,2.093,0.494,0.102,78.23,29.81
2943,Romelu Valverde,22,FB,Union SG,Belgian Pro League,Belgium,2,28,27,2499,8.4,22.0,0.058,0.122,0.051,0.158,1.199,1.489,2.445,1.562,1.042,1.93,93.135,6.477,4.224,1.919,,
2944,Patrick Grimaldo,22,CB,Anderlecht,Belgian Pro League,Belgium,2,30,23,2645,6.5,22.0,0.064,0.043,0.054,0.038,0.622,0.61,2.729,2.138,1.889,3.202,84.5,4.406,1.964,0.433,,
2945,Pau Bellingham,24,AM,Gent,Belgian Pro League,Belgium,2,33,28,2922,6.1,12.0,0.262,0.221,0.219,0.253,2.734,3.967,1.537,1.073,0.83,0.787,69.522,7.84,6.655,3.447,,
2946,Harry Thompson,21,GK,Genk,Belgian Pro League,Belgium,2,16,13,1403,6.1,15.0,0.005,0.01,0.007,0.005,0.032,0.347,0.181,0.165,0.072,0.19,72.824,2.427,0.564,0.11,69.162,34.737
2947,Pablo Mbappé,30,CB,Club Brugge,Belgian Pro League,Belgium,2,7,6,602,4.0,13.0,0.05,0.039,0.062,0.041,0.746,0.648,1.996,1.978,1.826,2.94,86.99,5.859,1.736,0.485,,
2948,Leandro Kostic,23,CM,Anderlecht,Belgian Pro League,Belgium,2,18,15,1557,6.4,13.0,0.135,0.173,0.137,0.16,1.507,2.209,2.846,1.961,1.472,1.677,101.661,9.831,4.549,1.852,,
2949,Achraf Gudelj,30,DM,Anderlecht,Belgian Pro League,Belgium,2,28,23,2431,1.4,2.0,0.034,0.05,0.029,0.057,0.912,1.175,3.286,1.765,1.089,1.915,88.584,5.751,2.467,0.886,,
2950,Kai Milinkovic-Savic,22,ST,Genk,Belgian Pro League,Belgium,2,30,25,2648,7.3,18.0,0.433,0.11,0.42,0.124,3.475,1.433,0.99,0.418,0.363,3.459,72.389,2.566,3.462,2.538,,
2951,Rayan King,26,DM,Gent,Belgian Pro League,Belgium,2,8,5,655,7.9,22.0,0.058,0.089,0.039,0.083,0.949,1.404,3.134,2.783,1.501,2.225,97.336,6.78,3.213,1.498,,
2952,Bernardo Sousa,22,ST,Anderlecht,Belgian Pro League,Belgium,2,8,5,695,13.4,30.0,0.528,0.146,0.623,0.169,4.479,1.271,1.099,0.607,0.427,3.145,70.908,4.274,3.481,2.38,,
2953,Alexander Fernandez,26,FB,Standard Liege,Belgian Pro League,Belgium,2,27,20,2375,2.3,4.0,0.052,0.126,0.045,0.115,0.975,1.492,2.395,1.449,1.012,1.434,75.218,6.084,4.641,1.781,,
2954,Enzo Jones,25,DM,Antwerp,Belgian Pro League,Belgium,2,16,12,1358,4.6,11.0,0.05,0.069,0.036,0.078,0.98,1.392,3.237,2.289,1.275,2.45,83.952,6.757,2.941,1.64,,
2955,Son Lee,29,W,Genk,Belgian Pro League,Belgium,2,33,25,2903,9.8,24.0,0.317,0.182,0.285,0.254,3.637,2.191,1.415,0.898,0.497,0.908,79.374,6.238,6.204,4.641,,
2956,Karim Ramirez,21,CM,Anderlecht,Belgian Pro League,Belgium,2,23,16,2009,9.7,30.0,0.155,0.206,0.119,0.172,1.605,2.694,2.505,1.695,1.525,1.597,79.289,8.278,4.559,2.227,,
2957,Lucas Russo,24,CB,Club Brugge,Belgian Pro League,Belgium,2,28,19,2439,0.7,2.0,0.053,0.038,0.032,0.034,0.686,0.531,1.817,1.796,1.61,3.157,76.211,4.643,1.442,0.356,,
2958,Andre Aaronson,28,CM,Genk,Belgian Pro League,Belgium,2,24,16,2071,1.6,6.0,0.089,0.123,0.083,0.162,1.53,1.956,2.35,1.562,1.316,1.481,95.023,6.66,3.35,1.563,,
2959,Paulo Weber,32,DM,Club Brugge,Belgian Pro League,Belgium,2,32,24,2801,2.6,6.0,0.053,0.078,0.035,0.083,0.93,1.315,4.052,2.293,1.421,2.143,100.784,7.238,2.778,1.245,,
2960,Max Park,30,DM,Union SG,Belgian Pro League,Belgium,2,36,28,3222,2.4,8.0,0.04,0.057,0.033,0.066,0.941,1.093,3.057,1.954,1.211,2.031,79.467,6.919,2.128,1.313,,
2961,Sandro Hernandez,29,DM,Antwerp,Belgian Pro League,Belgium,2,11,7,921,5.2,12.0,0.043,0.078,0.03,0.059,0.86,1.341,3.274,2.485,1.143,2.0,100.777,6.365,2.184,1.299,,
2962,Ruben Visser,22,FB,Union SG,Belgian Pro League,Belgium,2,15,14,1285,7.1,24.0,0.062,0.11,0.043,0.108,1.069,1.329,3.271,1.596,0.959,1.583,77.247,5.577,4.392,2.057,,
2963,Phil Lookman,23,CB,Gent,Belgian Pro League,Belgium,2,19,14,1686,6.9,14.0,0.072,0.048,0.064,0.051,0.719,0.674,2.065,2.326,2.12,3.521,78.526,4.601,1.694,0.542,,
2964,Phil Costa,23,CM,Standard Liege,Belgian Pro League,Belgium,2,18,14,1600,11.9,34.0,0.182,0.176,0.13,0.217,2.378,2.233,2.399,1.774,1.914,1.62,93.839,9.192,4.346,2.882,,
2965,Christian Rodriguez,28,W,Standard Liege,Belgian Pro League,Belgium,2,14,10,1243,5.1,14.0,0.312,0.187,0.216,0.199,3.121,2.284,1.458,0.788,0.438,0.717,89.773,5.29,6.596,3.74,,
2966,Lautaro Johnson,27,ST,Antwerp,Belgian Pro League,Belgium,2,10,8,815,1.8,6.0,0.36,0.102,0.334,0.106,4.013,1.179,0.823,0.379,0.267,3.098,77.253,3.056,3.195,1.694,,
2967,Alvaro Mbappé,28,DM,Club Brugge,Belgian Pro League,Belgium,2,32,22,2862,5.4,9.0,0.049,0.083,0.034,0.087,0.802,1.251,3.533,2.198,1.379,1.832,78.039,6.887,2.404,1.012,,
2968,Luis de Ligt,23,FB,Antwerp,Belgian Pro League,Belgium,2,24,18,2072,16.2,40.0,0.061,0.211,0.064,0.152,0.994,1.89,2.908,2.116,1.008,2.293,89.648,6.466,5.161,2.272,,
2969,Rafael de Jong,30,GK,Club Brugge,Belgian Pro League,Belgium,2,27,24,2415,13.9,22.0,0.007,0.018,0.006,0.009,0.041,0.347,0.221,0.196,0.1,0.217,97.196,3.754,0.716,0.209,88.747,43.431
2970,Tomas Colombo,31,CM,Union SG,Belgian Pro League,Belgium,2,15,11,1288,8.9,25.0,0.143,0.188,0.13,0.196,2.228,2.286,2.77,2.066,1.675,2.092,87.195,11.709,5.571,2.632,,
2971,Ferran Visser,30,W,Gent,Belgian Pro League,Belgium,2,24,22,2139,4.6,17.0,0.327,0.178,0.237,0.226,3.077,2.876,1.901,0.939,0.519,0.813,84.111,5.229,7.407,3.792,,
2972,Thiago Muller,29,CB,Genk,Belgian Pro League,Belgium,2,30,21,2666,5.5,10.0,0.061,0.035,0.055,0.044,0.643,0.604,2.026,2.072,1.697,2.813,81.638,4.352,2.089,0.465,,
2973,Ferran Vecino,26,GK,Club Brugge,Belgian Pro League,Belgium,2,29,21,2610,1.0,3.0,0.004,0.007,0.004,0.004,0.017,0.277,0.125,0.105,0.037,0.124,64.605,2.157,0.44,0.081,78.204,26.353
2974,Thomas Zurkowski,23,DM,Gent,Belgian Pro League,Belgium,2,12,11,1079,14.3,49.0,0.042,0.078,0.046,0.085,1.08,1.2,4.016,2.904,1.485,2.225,79.757,7.812,3.058,1.307,,
2975,Edouard Musiala,23,AM,Club Brugge,Belgian Pro League,Belgium,2,36,26,3201,5.8,10.0,0.286,0.22,0.198,0.241,3.247,4.127,1.186,1.054,0.671,0.811,91.307,9.032,6.721,3.967,,
2976,Sandro Bentancur,30,FB,Anderlecht,Belgian Pro League,Belgium,2,25,20,2248,3.2,8.0,0.057,0.112,0.046,0.136,0.755,1.568,2.525,1.498,0.994,1.696,88.381,5.944,4.374,1.736,,
2977,Trent Mendes,29,W,Genk,Belgian Pro League,Belgium,2,32,25,2841,15.0,24.0,0.456,0.223,0.389,0.27,4.629,2.973,1.826,1.339,0.771,1.2,81.25,5.839,7.004,6.112,,
2978,Kai Pulisic,32,CB,Standard Liege,Belgian Pro League,Belgium,2,12,8,1002,2.6,10.0,0.061,0.034,0.059,0.039,0.797,0.594,2.441,1.997,1.653,3.372,89.382,4.206,1.678,0.445,,
2979,Pedri Torres,22,CM,Gent,Belgian Pro League,Belgium,2,26,25,2294,5.1,15.0,0.118,0.148,0.12,0.178,1.67,1.982,2.181,1.69,1.37,1.505,99.396,9.091,4.139,2.005,,
2980,Leon Bentancur,26,FB,Genk,Belgian Pro League,Belgium,2,15,10,1334,13.4,26.0,0.076,0.16,0.051,0.148,1.117,1.675,3.155,2.232,1.079,2.333,96.248,8.299,5.929,2.231,,
2981,Victor Tah,26,CB,Union SG,Belgian Pro League,Belgium,2,18,17,1580,0.9,3.0,0.048,0.037,0.039,0.032,0.698,0.549,2.155,1.595,1.47,2.98,83.768,4.343,1.288,0.38,,
2982,Marc Piatek,29,ST,Anderlecht,Belgian Pro League,Belgium,2,30,25,2618,12.2,21.0,0.597,0.167,0.636,0.143,4.91,1.562,1.449,0.637,0.453,3.481,88.23,3.773,5.089,2.574,,
2983,Marcelo Konaté,27,CB,Mechelen,Belgian Pro League,Belgium,2,33,23,2909,0.8,2.0,0.052,0.028,0.038,0.031,0.589,0.579,1.944,1.72,1.526,3.053,93.636,4.508,1.314,0.405,,
2984,Alejandro Fischer,22,ST,Gent,Belgian Pro League,Belgium,2,11,8,931,8.0,19.0,0.442,0.12,0.46,0.158,4.376,1.323,0.933,0.443,0.381,3.769,81.079,3.523,3.968,2.496,,
2985,Thomas Jimenez,25,GK,Gent,Belgian Pro League,Belgium,2,33,24,2960,12.8,37.0,0.006,0.012,0.007,0.007,0.032,0.429,0.208,0.213,0.079,0.274,74.012,2.92,0.598,0.127,83.901,45.692
2986,Matthijs Oliveira,30,DM,Standard Liege,Belgian Pro League,Belgium,2,37,33,3247,7.3,14.0,0.05,0.072,0.044,0.081,0.948,1.446,3.937,2.772,1.398,2.216,81.641,6.928,2.696,1.158,,
2987,Luis Becker,24,CM,Gent,Belgian Pro League,Belgium,2,16,11,1381,6.2,23.0,0.14,0.134,0.101,0.156,1.739,2.197,2.566,1.775,1.689,1.828,83.932,8.804,3.888,2.315,,
2988,Bukayo Reyna,31,GK,Standard Liege,Belgian Pro League,Belgium,2,6,4,527,4.1,16.0,0.007,0.014,0.007,0.005,0.027,0.356,0.21,0.194,0.073,0.145,76.711,2.524,0.726,0.132,81.783,32.688
2989,Sofiane Park,29,CB,Club Brugge,Belgian Pro League,Belgium,2,16,11,1415,4.6,18.0,0.069,0.032,0.059,0.037,0.706,0.729,2.276,1.845,1.781,3.2,78.957,5.655,1.626,0.54,,
2990,Kalidou Alves,30,ST,Anderlecht,Belgian Pro League,Belgium,2,12,8,1056,0.8,3.0,0.367,0.108,0.34,0.096,3.036,1.205,0.652,0.386,0.247,2.762,80.839,2.371,3.081,1.623,,
2991,Matteo Trezeguet,26,W,Union SG,Belgian Pro League,Belgium,2,34,25,3010,7.6,19.0,0.318,0.194,0.24,0.221,2.601,2.639,2.259,0.828,0.496,0.903,71.976,5.235,6.21,3.992,,
2992,Kalidou McKennie,21,AM,Gent,Belgian Pro League,Belgium,2,34,32,2996,4.6,12.0,0.284,0.226,0.217,0.265,2.036,3.052,1.253,0.97,0.681,0.839,73.476,7.814,5.213,3.193,,
2993,Amadou McKennie,25,ST,Club Brugge,Belgian Pro League,Belgium,2,28,20,2434,2.3,5.0,0.363,0.089,0.326,0.106,3.741,1.311,0.783,0.522,0.254,2.691,83.139,2.863,3.439,1.862,,
2994,Charles Xhaka,29,CB,Anderlecht,Belgian Pro League,Belgium,2,32,29,2870,10.9,26.0,0.073,0.05,0.079,0.052,0.982,0.636,2.098,1.991,2.301,4.332,101.186,6.902,2.093,0.637,,
2995,Davide Mendes,25,FB,Club Brugge,Belgian Pro League,Belgium,2,19,15,1644,4.8,16.0,0.055,0.12,0.035,0.126,0.854,1.406,2.767,1.598,1.019,1.425,92.923,7.484,5.116,1.57,,
2996,Harry Haaland,24,CM,Club Brugge,Belgian Pro League,Belgium,2,17,12,1506,13.8,41.0,0.135,0.182,0.142,0.218,1.961,2.248,2.861,1.853,1.509,1.763,97.102,8.902,4.501,2.632,,
2998,Romelu Hall,25,CB,Anderlecht,Belgian Pro League,Belgium,2,18,15,1618,0.7,3.0,0.049,0.028,0.032,0.028,0.66,0.472,1.932,1.849,1.402,2.746,83.37,4.014,1.328,0.416,,
2999,Axel Son,21,ST,Mechelen,Belgian Pro League,Belgium,2,23,20,2037,9.8,28.0,0.434,0.139,0.482,0.134,4.006,1.474,1.161,0.54,0.3,3.088,81.739,3.468,3.573,2.641,,
3000,Declan Rodriguez,32,FB,Club Brugge,Belgian Pro League,Belgium,2,19,17,1704,7.3,24.0,0.091,0.155,0.055,0.15,1.342,2.449,3.856,1.913,1.137,1.857,95.213,7.355,6.458,2.097,,
3001,Ansu Hegazi,28,CB,RB Salzburg,Austrian Bundesliga,Austria,3,24,20,2146,9.8,28.0,0.098,0.057,0.069,0.056,0.787,0.725,3.133,2.404,2.064,3.606,107.024,6.45,2.37,0.693,,
3002,Robin Muller,27,AM,RB Salzburg,Austrian Bundesliga,Austria,3,25,23,2165,0.6,2.0,0.203,0.169,0.184,0.185,2.276,2.874,0.99,0.616,0.464,0.684,76.727,5.948,4.639,2.712,,
3003,Mikel Kiwior,20,W,RB Salzburg,Austrian Bundesliga,Austria,3,19,18,1663,2.3,9.0,0.243,0.17,0.274,0.191,3.012,2.355,1.79,0.817,0.509,0.887,72.074,5.076,7.482,3.848,,
3004,Nabil Lookman,21,FB,LASK,Austrian Bundesliga,Austria,3,18,16,1538,8.2,22.0,0.063,0.187,0.053,0.146,1.108,2.06,3.054,1.774,1.089,1.87,76.404,7.408,5.046,1.764,,
3005,Emil Schmidt,22,CM,Austria Wien,Austrian Bundesliga,Austria,3,16,15,1406,4.5,10.0,0.101,0.168,0.101,0.134,1.62,2.532,2.503,1.568,1.35,1.861,97.891,9.347,4.15,1.648,,
3006,Pau Pereira,20,CB,LASK,Austrian Bundesliga,Austria,3,7,5,558,5.1,19.0,0.081,0.049,0.073,0.048,0.785,0.729,3.108,2.346,2.126,3.967,78.941,5.377,2.084,0.714,,
3007,Kylian Mendes,27,AM,Wolfsberger,Austrian Bundesliga,Austria,3,19,14,1692,2.0,6.0,0.216,0.229,0.188,0.258,2.493,2.845,1.293,0.956,0.697,0.807,89.494,6.595,5.428,3.301,,
3008,Ismail Odegaard,23,W,RB Salzburg,Austrian Bundesliga,Austria,3,16,12,1358,3.2,13.0,0.252,0.225,0.282,0.17,2.987,2.322,1.921,1.041,0.464,1.045,69.505,5.143,8.124,4.074,,
3009,Gavi King,27,GK,LASK,Austrian Bundesliga,Austria,3,30,25,2617,5.3,9.0,0.006,0.011,0.006,0.006,0.025,0.294,0.179,0.189,0.077,0.203,73.146,3.027,0.712,0.146,68.243,37.952
3010,Kevin Walker,28,CB,RB Salzburg,Austrian Bundesliga,Austria,3,29,20,2572,8.9,20.0,0.083,0.07,0.073,0.066,0.847,0.699,3.125,2.437,2.237,4.099,95.937,6.164,1.977,0.704,,
3011,Bernardo Diaz,22,CB,LASK,Austrian Bundesliga,Austria,3,11,9,906,8.2,15.0,0.092,0.053,0.064,0.046,0.835,0.715,2.223,1.949,1.98,3.618,90.866,5.307,1.828,0.592,,
3012,Casemiro Osimhen,22,CB,Austria Wien,Austrian Bundesliga,Austria,3,14,11,1176,10.0,19.0,0.069,0.056,0.051,0.051,0.941,0.633,2.919,2.005,2.077,4.75,84.296,5.872,1.99,0.496,,
3013,Vitinha White,26,FB,Austria Wien,Austrian Bundesliga,Austria,3,34,32,3006,8.2,17.0,0.06,0.164,0.073,0.152,1.027,1.977,2.817,1.812,1.201,2.113,89.952,8.86,5.54,2.322,,
3014,Karim Moreno,23,CM,Austria Wien,Austrian Bundesliga,Austria,3,10,8,882,1.5,3.0,0.096,0.135,0.078,0.168,1.618,2.006,1.902,1.377,1.365,1.307,84.815,6.781,3.389,1.761,,
3015,Youssef Martinez,24,CM,Wolfsberger,Austrian Bundesliga,Austria,3,37,25,3246,6.8,26.0,0.118,0.212,0.134,0.169,1.709,2.503,3.162,1.901,1.566,1.85,81.91,8.54,3.742,1.985,,
3016,Daniel Rodriguez,21,CM,RB Salzburg,Austrian Bundesliga,Austria,3,24,22,2129,2.8,4.0,0.086,0.159,0.105,0.155,1.456,1.663,2.2,1.4,1.405,1.641,75.916,7.884,3.913,1.47,,
3017,Emil Valverde,30,FB,RB Salzburg,Austrian Bundesliga,Austria,3,8,6,681,5.0,16.0,0.061,0.124,0.044,0.139,0.963,1.685,3.104,2.048,0.794,1.611,91.907,7.326,5.34,1.818,,
3018,Ritsu Brown,34,W,LASK,Austrian Bundesliga,Austria,3,16,14,1433,0.9,3.0,0.247,0.157,0.255,0.207,2.711,1.977,1.712,0.873,0.443,0.826,73.372,4.366,7.527,3.786,,
3019,Patrick Kim,31,CB,LASK,Austrian Bundesliga,Austria,3,27,24,2429,3.2,9.0,0.058,0.057,0.058,0.053,0.968,0.724,1.985,1.781,1.908,2.983,87.021,5.885,1.685,0.643,,
3020,Paulo Rossi,21,CB,Austria Wien,Austrian Bundesliga,Austria,3,18,14,1570,7.6,28.0,0.075,0.045,0.069,0.04,1.052,0.714,2.349,1.935,1.827,3.849,88.934,6.349,1.869,0.558,,
3021,Nabil Onyeka,32,GK,Rapid Wien,Austrian Bundesliga,Austria,3,6,5,535,2.5,9.0,0.006,0.01,0.005,0.005,0.03,0.339,0.19,0.188,0.052,0.161,67.168,2.559,0.474,0.138,63.549,31.184
3022,Serge Kostic,27,CB,LASK,Austrian Bundesliga,Austria,3,12,8,1052,6.4,10.0,0.086,0.043,0.059,0.058,0.741,0.591,2.348,2.023,2.031,3.819,86.013,6.043,1.821,0.684,,
3023,Adama Mane,23,CB,RB Salzburg,Austrian Bundesliga,Austria,3,35,33,3074,4.0,12.0,0.08,0.044,0.064,0.043,0.69,0.529,2.492,2.141,1.745,3.565,84.188,6.325,1.771,0.427,,
3024,Bruno Mendes,24,CB,Rapid Wien,Austrian Bundesliga,Austria,3,18,13,1558,5.2,13.0,0.08,0.051,0.059,0.05,0.822,0.673,2.281,1.912,1.692,3.163,84.197,5.843,1.681,0.511,,
3025,Gabriel Jimenez,26,AM,Sturm Graz,Austrian Bundesliga,Austria,3,15,13,1325,9.5,17.0,0.373,0.261,0.244,0.276,2.436,3.877,1.595,1.002,0.837,1.129,83.872,9.807,7.041,4.746,,
3026,Ryan Son,25,CB,Rapid Wien,Austrian Bundesliga,Austria,3,26,24,2327,2.4,8.0,0.052,0.036,0.046,0.048,0.78,0.636,2.402,1.982,1.481,2.919,86.487,5.39,1.501,0.426,,
3027,Gavi Lopez,29,W,Sturm Graz,Austrian Bundesliga,Austria,3,21,19,1869,1.8,4.0,0.242,0.19,0.265,0.167,3.009,2.041,1.714,0.853,0.457,0.968,66.661,4.311,6.049,3.989,,
3028,James Gonzalez,20,CM,Rapid Wien,Austrian Bundesliga,Austria,3,15,13,1266,1.9,5.0,0.136,0.118,0.115,0.163,1.664,1.881,2.31,1.836,1.25,1.591,77.57,9.308,4.209,1.85,,
3029,Frenkie Marino,23,CM,Austria Wien,Austrian Bundesliga,Austria,3,12,9,1051,4.3,8.0,0.109,0.176,0.132,0.178,1.666,2.049,2.26,1.728,1.178,1.524,80.69,9.537,3.758,2.084,,
3030,Hakim Wagner,25,FB,Wolfsberger,Austrian Bundesliga,Austria,3,30,26,2617,3.1,7.0,0.051,0.118,0.055,0.111,1.1,1.491,2.386,1.658,1.097,1.712,72.593,7.208,4.772,2.24,,
3031,Pablo Son,31,W,Sturm Graz,Austrian Bundesliga,Austria,3,16,11,1390,4.9,8.0,0.256,0.258,0.306,0.194,2.969,2.382,1.771,0.804,0.467,1.066,79.984,4.552,8.663,4.335,,
3032,Son Peters,27,CB,RB Salzburg,Austrian Bundesliga,Austria,3,25,23,2167,0.5,1.0,0.043,0.032,0.04,0.028,0.595,0.532,1.951,1.655,1.509,2.735,91.387,3.996,1.354,0.391,,
3034,Tomas Moreno,25,CM,Wolfsberger,Austrian Bundesliga,Austria,3,8,6,673,0.6,1.0,0.076,0.115,0.09,0.135,1.425,1.419,1.733,1.166,0.961,1.275,78.531,6.511,3.411,1.473,,
3035,Yves Hegazi,24,CB,Wolfsberger,Austrian Bundesliga,Austria,3,31,27,2754,0.5,1.0,0.045,0.028,0.042,0.033,0.642,0.47,1.717,1.862,1.682,3.219,88.101,4.339,1.541,0.34,,
3036,Robert Colombo,23,CM,Rapid Wien,Austrian Bundesliga,Austria,3,27,20,2408,3.8,9.0,0.111,0.182,0.148,0.164,1.907,2.011,2.669,1.401,1.598,2.035,88.45,8.664,4.338,2.669,,
3037,Neymar Reyna,24,W,Rapid Wien,Austrian Bundesliga,Austria,3,7,6,630,1.3,4.0,0.267,0.146,0.203,0.207,2.238,2.048,1.245,0.842,0.431,0.747,71.516,5.253,6.319,3.691,,
3038,Nicolas Jovic,28,DM,Austria Wien,Austrian Bundesliga,Austria,3,9,8,784,9.1,35.0,0.06,0.105,0.053,0.091,1.192,1.872,4.432,2.827,1.564,2.672,105.362,7.487,3.571,1.33,,
3039,Gabriel Trezeguet,30,CB,Austria Wien,Austrian Bundesliga,Austria,3,33,27,2966,2.4,7.0,0.067,0.045,0.05,0.043,0.828,0.609,2.491,2.116,1.817,2.772,84.428,6.356,1.645,0.538,,
3040,Trent Hernandez,21,FB,RB Salzburg,Austrian Bundesliga,Austria,3,9,6,737,1.9,6.0,0.048,0.097,0.036,0.103,0.815,1.289,2.397,1.328,0.731,1.248,77.163,4.995,4.559,1.482,,
3041,Bukayo Aaronson,22,AM,Sturm Graz,Austrian Bundesliga,Austria,3,14,11,1236,8.8,22.0,0.337,0.287,0.25,0.266,3.06,2.864,1.739,1.037,0.745,1.054,81.914,7.539,5.528,4.485,,
3042,Lautaro Kostic,25,ST,Rapid Wien,Austrian Bundesliga,Austria,3,18,16,1597,5.8,20.0,0.581,0.153,0.502,0.146,3.955,1.55,1.056,0.549,0.324,4.31,87.895,3.54,3.803,2.741,,
3043,Jude Kostic,21,W,LASK,Austrian Bundesliga,Austria,3,14,10,1205,8.0,25.0,0.35,0.236,0.273,0.267,2.932,2.954,1.53,1.013,0.618,1.022,88.951,5.167,7.325,4.026,,
3044,Harry Odegaard,27,FB,RB Salzburg,Austrian Bundesliga,Austria,3,36,32,3171,0.6,1.0,0.046,0.085,0.033,0.092,0.763,1.415,2.718,1.342,0.816,1.298,74.298,4.56,3.788,1.705,,
3045,Alejandro Kostic,25,CB,Wolfsberger,Austrian Bundesliga,Austria,3,36,27,3220,2.7,7.0,0.077,0.047,0.056,0.048,0.72,0.653,2.561,2.134,1.564,3.048,77.611,5.288,1.927,0.478,,
3046,Angel Bassey,24,AM,Austria Wien,Austrian Bundesliga,Austria,3,17,14,1471,2.5,8.0,0.266,0.185,0.205,0.249,2.423,3.019,1.172,0.896,0.548,0.892,73.376,6.375,6.22,2.957,,
3047,Kylian Williams,34,FB,LASK,Austrian Bundesliga,Austria,3,18,12,1539,1.3,3.0,0.071,0.127,0.056,0.138,0.878,2.028,2.875,1.991,0.916,1.78,82.612,7.153,5.36,1.743,,
3048,Hugo Skov,24,DM,Wolfsberger,Austrian Bundesliga,Austria,3,14,11,1250,9.0,34.0,0.06,0.079,0.053,0.095,1.077,1.859,3.584,2.933,1.554,1.964,84.617,8.909,3.32,1.24,,
3049,Davide Osimhen,26,FB,Sturm Graz,Austrian Bundesliga,Austria,3,34,27,3004,7.8,25.0,0.086,0.14,0.075,0.184,1.066,1.637,2.99,2.141,1.323,1.592,79.558,5.89,7.199,2.651,,
3050,Neymar van Dijk,28,AM,Rapid Wien,Austrian Bundesliga,Austria,3,30,25,2649,7.4,30.0,0.372,0.241,0.246,0.279,2.551,3.017,1.533,0.859,0.685,1.307,92.04,7.269,5.795,3.569,,
3051,Florian Moreno,24,CB,Rapid Wien,Austrian Bundesliga,Austria,3,32,28,2814,3.1,5.0,0.06,0.046,0.047,0.037,0.714,0.643,2.458,2.274,1.936,3.636,83.142,5.869,1.981,0.461,,
3052,Marco Ramirez,30,ST,Wolfsberger,Austrian Bundesliga,Austria,3,35,25,3139,7.1,18.0,0.571,0.176,0.459,0.152,4.231,1.737,1.032,0.55,0.397,3.465,73.415,3.723,4.645,2.426,,
3053,Simon Nunez,26,FB,RB Salzburg,Austrian Bundesliga,Austria,3,14,12,1201,0.7,1.0,0.042,0.098,0.036,0.121,0.781,1.4,2.363,1.216,0.728,1.403,68.438,5.259,4.705,1.752,,
3054,Nicolo Park,29,DM,RB Salzburg,Austrian Bundesliga,Austria,3,29,23,2571,2.3,4.0,0.051,0.055,0.038,0.074,0.887,1.38,3.482,1.881,1.495,2.231,98.572,7.047,2.262,1.528,,
3055,Renato Grimaldo,26,ST,LASK,Austrian Bundesliga,Austria,3,35,27,3077,9.7,33.0,0.644,0.13,0.492,0.174,4.885,1.69,1.195,0.693,0.379,4.414,69.666,3.524,4.208,3.215,,
3056,Victor Grimaldo,22,DM,Rapid Wien,Austrian Bundesliga,Austria,3,31,24,2767,15.0,37.0,0.057,0.096,0.04,0.088,1.259,2.018,4.326,2.92,1.941,2.3,107.485,8.675,2.929,1.771,,
3057,Sandro Milinkovic-Savic,23,CB,Rapid Wien,Austrian Bundesliga,Austria,3,10,8,848,6.1,12.0,0.076,0.044,0.072,0.054,0.844,0.712,2.684,2.097,1.758,4.283,101.426,4.927,1.941,0.531,,
3058,Dani Pulisic,28,ST,Austria Wien,Austrian Bundesliga,Austria,3,33,27,2902,0.6,2.0,0.32,0.077,0.355,0.085,3.317,0.987,0.797,0.372,0.244,2.562,63.93,2.287,3.065,1.883,,
3059,Carlos Weber,28,W,Austria Wien,Austrian Bundesliga,Austria,3,23,21,2039,1.3,3.0,0.269,0.167,0.256,0.184,2.724,2.153,1.384,0.762,0.411,0.803,74.034,4.837,6.245,3.735,,
3060,Marcelo Diaz,22,CM,Austria Wien,Austrian Bundesliga,Austria,3,29,28,2598,9.7,31.0,0.153,0.154,0.138,0.181,1.992,2.522,3.171,1.735,1.612,1.867,95.076,10.338,4.319,2.322,,
3061,Daniel Lewandowski,24,ST,Wolfsberger,Austrian Bundesliga,Austria,3,21,17,1834,1.5,5.0,0.33,0.13,0.377,0.125,3.484,1.325,0.822,0.496,0.303,2.971,77.258,3.285,3.55,1.997,,
3062,Ousmane Mendes,19,CB,LASK,Austrian Bundesliga,Austria,3,20,14,1735,2.4,8.0,0.081,0.045,0.055,0.04,0.864,0.632,2.212,1.9,1.666,3.256,89.583,5.356,1.743,0.575,,
3063,Cole Nunez,29,CB,Rapid Wien,Austrian Bundesliga,Austria,3,29,25,2523,8.1,26.0,0.081,0.052,0.1,0.057,1.078,0.752,3.186,2.378,2.231,4.307,98.752,8.041,2.015,0.547,,
3064,Sadio Martinez,24,GK,Sturm Graz,Austrian Bundesliga,Austria,3,11,10,983,3.7,7.0,0.005,0.012,0.005,0.005,0.025,0.382,0.231,0.184,0.064,0.186,68.568,2.743,0.694,0.09,63.685,40.129
3065,Gabriel Bassey,28,ST,Sturm Graz,Austrian Bundesliga,Austria,3,31,22,2752,2.2,4.0,0.438,0.104,0.381,0.125,3.594,1.169,0.79,0.402,0.248,3.515,74.996,2.97,3.036,2.021,,
3066,Antoine Saka,26,CB,LASK,Austrian Bundesliga,Austria,3,13,10,1170,5.4,17.0,0.067,0.054,0.071,0.048,0.828,0.769,2.864,2.549,1.569,4.261,100.42,4.735,1.82,0.466,,
3067,Marcus Gonzalez,26,GK,LASK,Austrian Bundesliga,Austria,3,34,26,3019,2.6,5.0,0.006,0.01,0.005,0.006,0.03,0.334,0.171,0.167,0.068,0.169,77.981,2.709,0.741,0.108,61.618,41.433
3068,Marco Bellingham,26,ST,LASK,Austrian Bundesliga,Austria,3,7,5,609,3.4,10.0,0.412,0.099,0.515,0.109,3.818,1.473,1.044,0.489,0.332,3.143,76.873,3.258,3.966,2.323,,
3069,Alexander Kostic,29,AM,Rapid Wien,Austrian Bundesliga,Austria,3,17,14,1505,4.0,10.0,0.247,0.276,0.245,0.209,2.555,3.742,1.274,1.051,0.678,0.84,78.738,7.245,8.173,3.337,,
3070,Nabil Bakker,22,DM,Austria Wien,Austrian Bundesliga,Austria,3,10,7,836,11.8,18.0,0.052,0.099,0.05,0.093,1.005,1.608,3.515,2.578,1.403,1.815,91.625,7.596,2.97,1.29,,
3071,Kevin Wagner,28,AM,RB Salzburg,Austrian Bundesliga,Austria,3,27,23,2417,0.8,2.0,0.204,0.179,0.207,0.183,2.426,3.105,1.144,0.747,0.636,0.748,80.34,5.893,6.439,2.791,,
3072,David Grimaldo,24,FB,Wolfsberger,Austrian Bundesliga,Austria,3,16,11,1356,1.6,4.0,0.043,0.093,0.036,0.112,0.777,1.288,2.5,1.43,0.967,1.283,78.35,5.726,3.712,1.463,,
3073,Nicolo Aaronson,28,ST,Wolfsberger,Austrian Bundesliga,Austria,3,18,12,1589,0.6,2.0,0.326,0.097,0.335,0.102,3.421,0.959,0.802,0.333,0.212,2.605,75.064,2.633,2.849,1.504,,
3074,Marc Park,23,AM,Austria Wien,Austrian Bundesliga,Austria,3,30,21,2626,0.5,1.0,0.197,0.178,0.182,0.211,2.298,2.89,1.095,0.787,0.557,0.661,84.056,6.62,4.92,3.305,,
3075,Achraf Davies,27,ST,Wolfsberger,Austrian Bundesliga,Austria,3,24,22,2071,0.6,1.0,0.319,0.082,0.352,0.108,3.6,1.041,0.61,0.441,0.23,2.589,82.526,2.7,2.961,1.902,,
3076,Alexis Valverde,31,FB,Rapid Wien,Austrian Bundesliga,Austria,3,32,31,2824,2.5,8.0,0.053,0.115,0.048,0.119,1.08,1.619,3.34,1.57,1.061,1.486,72.927,5.586,4.642,1.759,,
3077,Leandro Rice,30,DM,RB Salzburg,Austrian Bundesliga,Austria,3,32,30,2796,5.5,21.0,0.058,0.086,0.042,0.091,1.086,1.473,4.436,2.564,1.43,2.332,80.258,7.361,3.343,1.359,,
3078,Max Russo,26,CB,Rapid Wien,Austrian Bundesliga,Austria,3,19,18,1710,0.7,2.0,0.058,0.034,0.036,0.033,0.637,0.56,2.083,1.776,1.708,2.538,80.545,4.152,1.508,0.397,,
3079,Federico McKennie,24,CM,RB Salzburg,Austrian Bundesliga,Austria,3,35,25,3094,1.3,4.0,0.082,0.118,0.087,0.136,1.665,1.742,2.155,1.348,1.049,1.321,86.338,7.319,3.481,1.321,,
3080,Andre Hall,20,AM,Wolfsberger,Austrian Bundesliga,Austria,3,19,15,1668,0.4,1.0,0.176,0.184,0.189,0.223,2.034,2.514,1.292,0.807,0.477,0.611,69.654,7.021,4.998,2.679,,
3081,Kylian Pereira,26,ST,LASK,Austrian Bundesliga,Austria,3,32,26,2845,3.6,10.0,0.528,0.154,0.464,0.104,4.331,1.204,0.782,0.525,0.334,2.954,73.392,2.662,3.34,2.71,,
3082,Romelu Araujo,28,CB,LASK,Austrian Bundesliga,Austria,3,20,18,1744,0.4,1.0,0.051,0.033,0.035,0.035,0.758,0.576,1.798,1.728,1.68,2.68,80.926,3.707,1.606,0.386,,
3083,Rafa Taylor,27,AM,Sturm Graz,Austrian Bundesliga,Austria,3,7,5,567,4.6,7.0,0.26,0.234,0.268,0.249,2.72,4.183,1.508,1.004,0.755,1.235,84.696,8.2,7.996,4.241,,
3084,Ivan Sobhi,27,DM,Sturm Graz,Austrian Bundesliga,Austria,3,10,6,850,0.9,2.0,0.028,0.048,0.03,0.066,0.669,1.012,3.009,2.022,1.194,1.606,76.226,6.381,2.699,1.012,,
3085,Ryan Gonzalez,27,GK,LASK,Austrian Bundesliga,Austria,3,21,17,1838,10.6,41.0,0.008,0.016,0.006,0.009,0.029,0.475,0.201,0.255,0.055,0.236,82.942,3.308,0.852,0.131,85.31,35.747
3086,Lucas Schmidt,30,GK,LASK,Austrian Bundesliga,Austria,3,29,27,2539,6.4,12.0,0.008,0.014,0.006,0.006,0.028,0.344,0.238,0.206,0.062,0.192,89.644,2.785,0.718,0.12,65.5,45.051
3087,Marcus Taylor,23,W,RB Salzburg,Austrian Bundesliga,Austria,3,24,16,2089,4.9,19.0,0.362,0.171,0.235,0.219,2.655,2.402,1.762,1.049,0.558,1.029,81.793,5.099,7.746,4.852,,
3088,Hiroki Reyna,23,ST,Sturm Graz,Austrian Bundesliga,Austria,3,34,29,2996,1.9,4.0,0.325,0.117,0.435,0.099,3.463,1.071,0.793,0.395,0.271,3.179,76.643,3.251,3.067,2.119,,
3089,Sadio Santos,28,FB,Sturm Graz,Austrian Bundesliga,Austria,3,19,13,1621,3.3,12.0,0.065,0.127,0.038,0.118,0.97,1.827,2.747,1.546,1.09,1.595,80.218,6.338,5.384,2.342,,
3090,Ibrahim Iwobi,24,DM,Wolfsberger,Austrian Bundesliga,Austria,3,22,20,1961,8.8,31.0,0.07,0.106,0.06,0.093,1.369,1.472,4.943,3.182,1.471,2.485,80.939,8.99,4.011,1.923,,
3091,Moussa Muller,27,CM,RB Salzburg,Austrian Bundesliga,Austria,3,14,11,1253,2.1,8.0,0.088,0.163,0.117,0.159,1.458,2.025,2.296,1.349,1.278,1.279,92.487,7.97,3.496,1.558,,
3092,Joshua Hegazi,28,CB,LASK,Austrian Bundesliga,Austria,3,11,8,945,7.0,20.0,0.104,0.046,0.088,0.054,0.822,0.95,2.768,2.553,2.213,4.432,87.055,5.983,2.245,0.71,,
3093,Khvicha Costa,22,AM,Rapid Wien,Austrian Bundesliga,Austria,3,14,12,1226,4.5,7.0,0.298,0.225,0.275,0.251,2.478,3.519,1.541,1.249,0.604,1.01,74.603,7.161,5.818,3.397,,
3094,Sadio Foden,23,CM,LASK,Austrian Bundesliga,Austria,3,19,15,1623,0.6,2.0,0.086,0.104,0.096,0.126,1.452,1.592,2.146,1.368,1.194,1.214,95.236,7.178,3.375,1.366,,
3095,Karim Bassey,26,GK,Austria Wien,Austrian Bundesliga,Austria,3,25,23,2164,2.8,9.0,0.006,0.01,0.005,0.005,0.028,0.274,0.16,0.204,0.05,0.184,73.366,2.2,0.546,0.098,63.753,33.468
3096,Rayan Fernandez,25,W,RB Salzburg,Austrian Bundesliga,Austria,3,10,7,820,7.2,27.0,0.348,0.181,0.27,0.205,3.12,2.831,1.623,1.222,0.592,1.051,78.219,6.052,8.121,4.794,,
3097,Timothy Alves,31,W,LASK,Austrian Bundesliga,Austria,3,11,7,948,5.0,15.0,0.297,0.224,0.27,0.227,3.122,3.057,1.811,1.008,0.616,1.009,80.386,5.11,7.667,4.26,,
3098,Harry Kiwior,23,CM,Wolfsberger,Austrian Bundesliga,Austria,3,30,26,2638,5.9,21.0,0.106,0.154,0.14,0.181,2.048,2.153,2.109,1.799,1.447,1.878,99.023,10.645,3.945,1.838,,
3099,Andre Kiwior,29,CB,LASK,Austrian Bundesliga,Austria,3,17,15,1441,2.4,7.0,0.064,0.033,0.056,0.046,0.667,0.656,2.116,1.802,1.815,3.252,81.683,5.147,1.819,0.523,,
3100,Joshua Peters,26,CM,RB Salzburg,Austrian Bundesliga,Austria,3,33,23,2904,0.7,2.0,0.079,0.114,0.071,0.11,1.114,1.548,1.869,1.37,1.144,1.101,86.347,7.814,3.557,1.488,,
3101,Daichi Bakker,31,W,Sturm Graz,Austrian Bundesliga,Austria,3,20,14,1797,7.3,15.0,0.353,0.241,0.343,0.252,3.489,3.296,1.809,1.242,0.735,1.472,87.115,5.945,9.175,5.288,,
3102,Yves Hernandez,24,CM,LASK,Austrian Bundesliga,Austria,3,32,29,2801,1.5,3.0,0.098,0.135,0.092,0.125,1.442,1.641,2.035,1.389,1.215,1.334,82.111,6.892,3.759,1.53,,
3103,Yves Diaz,24,AM,Wolfsberger,Austrian Bundesliga,Austria,3,32,30,2809,6.0,13.0,0.329,0.25,0.202,0.287,3.201,3.248,1.405,1.122,0.636,0.943,76.167,9.016,7.823,3.453,,
3104,Edouard Vecino,24,AM,LASK,Austrian Bundesliga,Austria,3,12,11,1075,3.8,13.0,0.223,0.264,0.282,0.256,2.337,3.481,1.462,1.055,0.597,1.078,86.08,8.841,6.519,4.293,,
3105,Sergio Bakker,23,W,Wolfsberger,Austrian Bundesliga,Austria,3,27,23,2376,0.8,2.0,0.204,0.146,0.239,0.146,2.136,2.416,1.25,0.687,0.419,0.721,68.648,4.566,6.172,4.28,,
3106,Virgil Hegazi,31,CB,Sturm Graz,Austrian Bundesliga,Austria,3,27,22,2361,3.2,10.0,0.079,0.046,0.057,0.04,0.837,0.557,2.491,2.124,1.754,3.448,89.118,5.25,2.255,0.512,,
3107,Dani King,25,FB,Sturm Graz,Austrian Bundesliga,Austria,3,31,24,2751,3.2,11.0,0.055,0.117,0.039,0.117,1.065,1.534,3.209,1.463,0.819,1.417,94.428,5.502,4.578,1.825,,
3108,Lucas Kiwior,23,FB,RB Salzburg,Austrian Bundesliga,Austria,3,17,12,1489,13.0,25.0,0.073,0.127,0.056,0.196,1.188,2.303,3.398,2.233,1.339,2.29,75.708,7.856,6.74,2.694,,
3109,Ferran Osimhen,25,GK,Rapid Wien,Austrian Bundesliga,Austria,3,22,15,1946,11.1,33.0,0.009,0.021,0.007,0.006,0.03,0.315,0.297,0.241,0.078,0.198,75.877,3.57,0.806,0.185,74.559,40.737
3110,Victor Zurkowski,30,CB,Wolfsberger,Austrian Bundesliga,Austria,3,24,20,2150,2.3,6.0,0.053,0.051,0.06,0.043,0.81,0.69,2.84,2.177,1.623,2.937,91.117,4.399,1.927,0.443,,
3111,Thomas Andersen,28,ST,LASK,Austrian Bundesliga,Austria,3,12,8,1015,7.3,24.0,0.508,0.179,0.48,0.126,4.736,1.489,1.234,0.629,0.384,3.316,88.776,3.644,4.262,2.028,,
3112,Axel Adams,33,CB,Rapid Wien,Austrian Bundesliga,Austria,3,16,13,1402,0.7,1.0,0.049,0.031,0.047,0.031,0.718,0.587,1.826,1.858,1.425,2.884,88.83,4.03,1.887,0.361,,
3113,Vinicius Eriksen,25,ST,Austria Wien,Austrian Bundesliga,Austria,3,25,17,2168,10.8,37.0,0.551,0.135,0.553,0.151,5.569,1.44,1.066,0.666,0.382,4.123,68.671,4.061,5.159,2.384,,
3114,Lautaro Peters,30,CM,Wolfsberger,Austrian Bundesliga,Austria,3,30,28,2675,6.3,16.0,0.115,0.125,0.118,0.164,2.023,1.941,3.156,1.747,1.327,2.07,78.639,10.306,5.234,1.569,,
3115,Nabil Muller,28,CB,Austria Wien,Austrian Bundesliga,Austria,3,36,33,3237,5.2,13.0,0.074,0.056,0.05,0.043,0.995,0.645,2.721,2.517,2.051,3.272,79.739,7.237,2.403,0.557,,
3116,Vitinha Becker,28,CM,LASK,Austrian Bundesliga,Austria,3,26,21,2295,6.2,22.0,0.148,0.142,0.111,0.193,1.828,2.445,2.398,1.599,1.493,1.939,80.447,8.884,4.455,1.827,,
3117,Dani Jones,23,CB,Wolfsberger,Austrian Bundesliga,Austria,3,23,18,2056,1.7,3.0,0.055,0.045,0.047,0.037,0.606,0.631,2.125,1.698,1.527,3.461,84.519,4.441,1.871,0.369,,
3118,Alvaro Piatek,26,AM,Austria Wien,Austrian Bundesliga,Austria,3,13,11,1107,14.3,55.0,0.309,0.313,0.316,0.295,3.339,3.204,1.649,1.374,1.044,1.422,81.971,9.201,8.01,3.996,,
3119,Pablo Visser,30,FB,Austria Wien,Austrian Bundesliga,Austria,3,22,15,1909,10.1,33.0,0.103,0.186,0.067,0.155,1.407,2.143,3.506,2.654,1.408,2.0,86.483,8.777,5.958,2.174,,
3120,Ibrahim Alves,23,CB,LASK,Austrian Bundesliga,Austria,3,30,24,2682,3.0,10.0,0.058,0.041,0.064,0.035,0.884,0.66,2.399,2.213,1.499,3.44,83.842,5.75,1.915,0.52,,
3121,Bernardo Smith,21,W,Sturm Graz,Austrian Bundesliga,Austria,3,12,7,1005,3.4,9.0,0.272,0.221,0.238,0.187,2.538,2.29,1.977,1.168,0.417,1.01,83.699,5.394,7.507,5.061,,
3122,Miguel Kiwior,26,FB,RB Salzburg,Austrian Bundesliga,Austria,3,18,16,1603,4.3,8.0,0.061,0.135,0.039,0.132,0.911,1.604,3.327,1.664,0.963,1.614,91.997,7.614,4.652,1.897,,
3123,Pau Fernandez,24,DM,Rapid Wien,Austrian Bundesliga,Austria,3,17,15,1464,4.1,10.0,0.037,0.069,0.028,0.08,0.984,1.429,3.725,1.963,1.133,2.38,78.092,7.327,2.811,1.411,,
3124,Rayan Visser,25,W,Austria Wien,Austrian Bundesliga,Austria,3,11,7,905,6.6,26.0,0.271,0.195,0.296,0.216,3.725,2.749,1.651,1.029,0.597,1.114,83.645,6.226,9.313,4.919,,
3125,Ruben Reyna,26,DM,Sturm Graz,Austrian Bundesliga,Austria,3,27,20,2361,6.2,24.0,0.046,0.068,0.034,0.072,1.278,1.521,3.525,3.006,1.644,2.364,93.719,8.09,3.19,1.594,,
3126,Omar Park,23,AM,Austria Wien,Austrian Bundesliga,Austria,3,8,7,646,0.6,2.0,0.175,0.138,0.168,0.184,1.962,2.913,1.041,0.594,0.482,0.638,82.402,6.943,5.639,2.652,,
3127,Marcus Lee,21,CB,Rapid Wien,Austrian Bundesliga,Austria,3,31,23,2730,0.7,2.0,0.052,0.027,0.04,0.032,0.605,0.468,1.731,1.532,1.602,3.237,96.948,4.615,1.323,0.39,,
3128,Thomas Russo,30,CM,Sturm Graz,Austrian Bundesliga,Austria,3,23,16,1983,3.9,12.0,0.085,0.13,0.113,0.152,1.561,1.816,2.338,1.483,1.378,1.512,95.912,8.365,3.513,1.589,,
3129,Kevin Jimenez,23,ST,Sturm Graz,Austrian Bundesliga,Austria,3,30,25,2615,3.3,5.0,0.448,0.115,0.453,0.12,4.047,1.21,0.927,0.494,0.359,2.827,67.153,4.084,3.09,2.478,,
3130,Marcelo Xhaka,33,CB,Rapid Wien,Austrian Bundesliga,Austria,3,6,4,510,2.1,5.0,0.088,0.04,0.068,0.044,0.917,0.744,2.529,1.796,1.772,3.588,98.442,5.518,1.759,0.484,,
3131,Casemiro Ramirez,24,CB,Austria Wien,Austrian Bundesliga,Austria,3,9,8,768,8.2,24.0,0.094,0.069,0.065,0.05,1.107,0.949,3.118,2.754,2.063,5.33,82.925,5.539,2.446,0.603,,
3132,Jonathan Walker,24,W,RB Salzburg,Austrian Bundesliga,Austria,3,23,21,1993,1.1,4.0,0.198,0.18,0.232,0.177,2.66,2.341,1.261,0.643,0.393,0.891,77.027,4.336,6.586,4.303,,
3133,Sofiane Dembélé,31,FB,LASK,Austrian Bundesliga,Austria,3,34,29,2974,1.3,4.0,0.046,0.118,0.04,0.135,0.873,1.696,2.59,1.681,0.867,1.693,90.785,5.543,3.973,1.586,,
3134,Tomas Smith,26,W,Sturm Graz,Austrian Bundesliga,Austria,3,33,31,2914,0.5,2.0,0.21,0.157,0.231,0.17,2.482,1.711,1.321,0.617,0.351,0.684,67.099,3.903,5.292,4.019,,
3135,Bernardo Adams,22,DM,LASK,Austrian Bundesliga,Austria,3,32,26,2852,8.2,30.0,0.048,0.093,0.036,0.069,0.999,1.516,3.485,2.858,1.503,2.432,99.345,6.316,3.028,1.411,,
3136,Darwin Wirtz,24,CM,Sturm Graz,Austrian Bundesliga,Austria,3,25,23,2193,1.9,6.0,0.091,0.112,0.099,0.16,1.469,2.009,2.265,1.687,1.199,1.643,87.469,7.958,3.315,1.635,,
3137,Bruno Muller,25,DM,Sturm Graz,Austrian Bundesliga,Austria,3,29,20,2601,1.1,2.0,0.03,0.055,0.022,0.061,0.733,1.08,3.437,2.293,1.211,1.792,91.977,5.578,2.248,0.962,,
3138,Vinicius Smith,29,W,Rapid Wien,Austrian Bundesliga,Austria,3,29,22,2524,6.1,19.0,0.36,0.236,0.351,0.293,3.503,2.312,1.769,1.128,0.524,1.114,79.871,6.327,6.242,6.272,,
3139,Pedri Rice,17,AM,RB Salzburg,Austrian Bundesliga,Austria,3,5,4,428,5.1,15.0,0.336,0.27,0.209,0.296,3.442,3.214,1.472,0.839,0.692,0.972,91.969,7.307,7.82,4.259,,
3140,Sergio Son,24,FB,Austria Wien,Austrian Bundesliga,Austria,3,19,15,1704,1.7,7.0,0.037,0.092,0.038,0.129,0.819,1.586,2.478,1.566,0.773,1.444,92.085,6.201,4.119,1.343,,
3141,Frenkie Bakker,23,W,RB Salzburg,Austrian Bundesliga,Austria,3,10,6,834,7.5,25.0,0.413,0.274,0.329,0.19,3.564,2.647,1.86,1.148,0.58,1.096,88.051,5.355,8.492,5.081,,
3142,Renato Gonzalez,27,CB,Wolfsberger,Austrian Bundesliga,Austria,3,34,28,3030,5.6,20.0,0.106,0.059,0.08,0.052,0.844,0.848,3.11,2.305,2.137,3.97,88.459,5.91,2.137,0.625,,
3143,Toby Schlotterbeck,26,CB,LASK,Austrian Bundesliga,Austria,3,23,16,1996,4.1,16.0,0.071,0.05,0.054,0.046,0.777,0.679,2.834,2.153,2.02,3.655,83.208,4.769,1.787,0.435,,
3144,Jan Reyna,27,FB,Wolfsberger,Austrian Bundesliga,Austria,3,31,23,2735,0.4,1.0,0.046,0.083,0.036,0.115,0.732,1.093,2.684,1.372,0.85,1.15,84.096,5.481,4.291,1.354,,
3145,Ansu Zurkowski,25,ST,LASK,Austrian Bundesliga,Austria,3,33,28,2952,6.0,11.0,0.47,0.114,0.538,0.117,4.613,1.303,1.059,0.479,0.421,3.64,77.394,3.526,4.325,2.786,,
3146,Ivan Ferrari,25,W,RB Salzburg,Austrian Bundesliga,Austria,3,11,9,903,3.3,11.0,0.217,0.18,0.269,0.2,2.908,2.055,1.52,0.938,0.411,0.899,88.948,5.278,6.136,3.758,,
3147,Nicolas Zielinski,24,DM,LASK,Austrian Bundesliga,Austria,3,17,12,1467,1.6,5.0,0.042,0.065,0.032,0.076,0.846,1.23,3.112,2.371,1.376,1.961,83.541,8.15,2.316,1.151,,
3148,Ferran Johnson,26,FB,Austria Wien,Austrian Bundesliga,Austria,3,25,22,2245,8.3,33.0,0.065,0.107,0.05,0.157,1.117,1.877,3.255,1.696,1.161,2.062,73.957,6.953,5.895,2.477,,
3149,Alexis Palmer,31,ST,Austria Wien,Austrian Bundesliga,Austria,3,30,26,2618,3.9,12.0,0.511,0.121,0.392,0.101,4.164,1.564,0.979,0.55,0.337,3.188,77.29,3.118,3.803,2.158,,
3150,Vitinha Touré,28,CM,RB Salzburg,Austrian Bundesliga,Austria,3,10,8,851,9.1,16.0,0.135,0.182,0.125,0.227,2.037,2.787,2.795,2.11,1.556,1.69,79.363,11.956,5.49,2.329,,
3151,Pablo Marino,27,ST,Aberdeen,Scottish Premiership,Scotland,3,28,23,2470,6.9,16.0,0.575,0.166,0.465,0.181,4.104,1.526,1.2,0.511,0.325,3.234,85.31,4.118,3.707,2.6,,
3152,Max Kiwior,21,W,Aberdeen,Scottish Premiership,Scotland,3,19,18,1651,10.5,30.0,0.307,0.181,0.279,0.187,3.113,2.545,1.755,1.123,0.705,1.335,78.72,5.207,7.439,3.952,,
3153,Nicolas Wagner,21,W,Hearts,Scottish Premiership,Scotland,3,20,14,1770,0.5,2.0,0.191,0.162,0.198,0.147,2.265,1.77,1.328,0.623,0.334,0.799,68.712,4.175,5.658,4.029,,
3154,Ivan Meyer,25,AM,Hearts,Scottish Premiership,Scotland,3,21,19,1826,0.6,1.0,0.173,0.174,0.209,0.186,1.833,2.594,0.979,0.677,0.443,0.684,72.949,7.405,4.651,2.591,,
3155,Ruben Tadic,27,GK,Aberdeen,Scottish Premiership,Scotland,3,10,8,835,5.2,18.0,0.007,0.012,0.006,0.008,0.024,0.331,0.235,0.181,0.064,0.18,76.139,2.514,0.557,0.096,84.506,39.161
3156,Eduardo Szczesny,21,CM,Celtic,Scottish Premiership,Scotland,3,23,18,2013,3.6,6.0,0.11,0.153,0.118,0.148,1.613,1.942,2.563,1.713,1.31,1.747,91.071,7.727,3.949,1.975,,
3157,Omar Diallo,31,CM,Rangers,Scottish Premiership,Scotland,3,36,24,3194,2.2,5.0,0.085,0.146,0.114,0.153,1.927,2.261,2.576,1.613,1.154,1.613,86.914,7.977,4.77,1.963,,
3158,Victor Garcia,25,CM,Hearts,Scottish Premiership,Scotland,3,34,28,3048,1.3,3.0,0.085,0.109,0.098,0.144,1.497,2.092,2.53,1.359,1.26,1.668,84.57,7.054,4.387,1.49,,
3159,Ferran Jones,28,FB,Dundee,Scottish Premiership,Scotland,3,10,7,818,3.5,7.0,0.055,0.116,0.037,0.116,1.072,1.713,2.561,1.687,1.111,1.697,75.982,6.211,4.33,1.468,,
3160,Dani Ricci,24,CB,Hearts,Scottish Premiership,Scotland,3,13,12,1166,7.7,23.0,0.1,0.062,0.059,0.05,0.842,0.814,2.723,2.857,2.511,4.819,94.033,5.642,2.478,0.79,,
3161,Bernardo Tadic,24,CM,Aberdeen,Scottish Premiership,Scotland,3,27,26,2367,4.7,12.0,0.132,0.182,0.146,0.227,1.629,2.342,3.206,1.568,1.738,2.205,83.695,10.729,3.872,2.504,,
3162,Pablo Osimhen,28,FB,Rangers,Scottish Premiership,Scotland,3,36,26,3156,7.1,12.0,0.071,0.162,0.064,0.157,0.966,2.167,3.245,2.013,0.915,1.871,73.304,6.691,6.28,2.447,,
3163,Enzo Ramirez,24,W,Aberdeen,Scottish Premiership,Scotland,3,12,9,1009,1.8,5.0,0.185,0.184,0.237,0.174,2.212,2.091,1.334,0.918,0.376,0.835,85.811,4.956,6.318,3.871,,
3164,Khvicha Bentancur,21,W,Hearts,Scottish Premiership,Scotland,3,12,10,1005,6.1,20.0,0.304,0.214,0.271,0.233,3.236,2.278,1.777,0.972,0.415,0.962,83.42,4.874,7.939,3.885,,
3165,Amadou Andersen,18,ST,Celtic,Scottish Premiership,Scotland,3,8,5,662,4.3,10.0,0.516,0.148,0.531,0.128,3.409,1.332,0.994,0.623,0.298,3.077,84.765,3.996,3.553,1.923,,
3166,Karim Elneny,34,FB,Hearts,Scottish Premiership,Scotland,3,25,19,2211,0.6,2.0,0.05,0.103,0.035,0.137,0.889,1.328,2.568,1.747,0.822,1.504,71.568,6.235,3.578,1.828,,
3167,Ivan Jovic,23,ST,Hearts,Scottish Premiership,Scotland,3,27,23,2429,6.3,11.0,0.453,0.162,0.524,0.132,4.042,1.589,1.193,0.47,0.38,4.177,73.526,3.422,3.655,2.271,,
3168,William Lindstrom,28,GK,Hibernian,Scottish Premiership,Scotland,3,33,27,2925,11.1,34.0,0.006,0.014,0.008,0.006,0.046,0.428,0.261,0.229,0.082,0.281,94.364,3.865,0.915,0.184,66.821,51.934
3169,Federico Rossi,26,AM,Celtic,Scottish Premiership,Scotland,3,13,10,1124,8.2,26.0,0.363,0.358,0.343,0.345,3.209,3.882,1.674,1.1,0.915,1.361,91.501,8.866,6.937,5.129,,
3170,Harry Brown,22,CM,Hibernian,Scottish Premiership,Scotland,3,11,7,916,8.4,25.0,0.133,0.203,0.126,0.174,1.72,2.095,2.801,1.854,1.305,1.637,94.556,10.75,5.259,2.105,,
3171,Daniel Sobhi,25,W,Hibernian,Scottish Premiership,Scotland,3,27,23,2403,5.0,16.0,0.365,0.182,0.267,0.243,3.487,2.573,1.541,0.998,0.462,1.199,87.811,5.805,8.078,4.184,,
3172,Trent Oliveira,25,CB,Hibernian,Scottish Premiership,Scotland,3,27,25,2347,11.8,20.0,0.117,0.074,0.082,0.087,1.129,0.842,3.73,2.742,1.733,4.585,90.947,7.323,2.471,0.603,,
3173,Cole Skov,24,FB,Dundee,Scottish Premiership,Scotland,3,18,14,1582,6.4,14.0,0.062,0.143,0.054,0.131,0.949,2.246,3.6,1.531,1.045,1.711,89.485,7.257,5.663,2.031,,
3174,Lucas Fernandez,21,CB,Aberdeen,Scottish Premiership,Scotland,3,23,18,2042,3.4,6.0,0.062,0.042,0.05,0.049,0.791,0.664,2.189,2.08,2.057,3.628,79.339,5.325,1.93,0.531,,
3175,Enzo Zielinski,22,W,Celtic,Scottish Premiership,Scotland,3,8,6,662,10.5,31.0,0.334,0.213,0.32,0.229,3.313,3.036,2.203,1.158,0.663,1.113,79.53,5.607,7.045,5.016,,
3176,Dominik Garcia,25,W,Hearts,Scottish Premiership,Scotland,3,24,19,2106,3.0,10.0,0.259,0.169,0.221,0.222,3.545,2.398,1.492,1.129,0.452,0.861,78.574,4.683,7.193,4.457,,
3177,Leo Hegazi,29,FB,Celtic,Scottish Premiership,Scotland,3,9,6,809,6.7,19.0,0.087,0.147,0.067,0.155,0.971,1.764,2.664,2.081,0.974,2.054,97.99,6.561,6.05,2.256,,
3178,Ruben Vlahovic,17,DM,Celtic,Scottish Premiership,Scotland,3,15,12,1278,0.8,3.0,0.039,0.069,0.027,0.062,0.794,1.363,3.06,2.438,1.128,2.186,92.662,7.69,2.191,0.978,,
3179,Kylian White,28,CB,Dundee,Scottish Premiership,Scotland,3,30,27,2649,2.5,6.0,0.065,0.039,0.065,0.038,0.695,0.721,2.019,2.236,2.036,3.591,76.042,5.168,1.995,0.483,,
3180,Ansu Pulisic,29,FB,Rangers,Scottish Premiership,Scotland,3,10,8,851,7.0,13.0,0.069,0.152,0.046,0.18,0.865,1.778,2.978,1.952,0.94,1.74,92.129,5.698,4.997,2.34,,
3181,Simon Valverde,28,AM,Aberdeen,Scottish Premiership,Scotland,3,8,6,683,7.6,18.0,0.296,0.228,0.301,0.292,2.785,3.314,1.787,1.077,0.885,0.971,84.645,6.482,6.844,3.489,,
3182,Mikel Diaz,28,CB,Hibernian,Scottish Premiership,Scotland,3,33,22,2909,9.9,18.0,0.092,0.056,0.063,0.044,0.909,0.968,2.569,2.358,1.821,3.681,92.47,6.561,1.974,0.776,,
3183,Neymar Osimhen,25,AM,Rangers,Scottish Premiership,Scotland,3,13,9,1081,3.8,14.0,0.294,0.193,0.257,0.233,3.187,2.95,1.593,1.054,0.562,0.909,90.064,7.962,6.455,3.083,,
3184,Carlos Foden,17,GK,Celtic,Scottish Premiership,Scotland,3,16,11,1383,3.8,12.0,0.006,0.016,0.006,0.008,0.034,0.452,0.176,0.143,0.067,0.206,83.914,3.227,0.678,0.122,63.346,33.076
3185,James Elneny,29,FB,Celtic,Scottish Premiership,Scotland,3,20,16,1773,5.4,8.0,0.061,0.139,0.064,0.163,1.189,1.915,3.386,1.697,1.332,1.488,74.743,5.747,4.797,2.298,,
3186,Daniel Mbappé,35,DM,Rangers,Scottish Premiership,Scotland,3,11,7,909,0.8,1.0,0.048,0.059,0.033,0.077,1.011,1.298,3.953,2.516,1.385,1.678,99.811,6.522,2.201,1.207,,
3187,Thiago Romano,28,W,Hearts,Scottish Premiership,Scotland,3,22,19,1963,3.2,5.0,0.283,0.166,0.231,0.167,2.513,2.182,1.584,0.765,0.465,0.895,66.661,5.581,6.689,4.349,,
3188,Matteo Kamada,22,CB,Celtic,Scottish Premiership,Scotland,3,9,6,763,8.1,32.0,0.077,0.045,0.089,0.075,1.114,0.741,2.957,2.525,2.475,4.033,91.086,7.091,2.543,0.596,,
3189,Carlos Jimenez,29,CM,Aberdeen,Scottish Premiership,Scotland,3,15,10,1348,2.1,6.0,0.124,0.125,0.088,0.127,1.588,1.682,2.25,1.547,1.081,1.587,89.063,8.578,3.232,1.645,,
3190,Phil Bellingham,22,FB,Rangers,Scottish Premiership,Scotland,3,13,9,1107,3.9,7.0,0.053,0.119,0.035,0.115,0.906,1.827,2.378,1.652,0.791,1.36,78.38,6.471,3.803,2.072,,
3191,Simon Taylor,22,DM,Rangers,Scottish Premiership,Scotland,3,14,10,1259,0.7,2.0,0.03,0.055,0.025,0.061,0.712,1.148,3.396,1.934,1.243,1.98,96.003,7.435,2.025,0.95,,
3192,Joao Brown,26,CB,Dundee,Scottish Premiership,Scotland,3,10,8,869,1.9,5.0,0.065,0.042,0.049,0.043,0.775,0.616,2.43,1.969,2.052,3.551,90.72,5.84,2.099,0.414,,
3193,Alexander Robinson,25,CB,Hearts,Scottish Premiership,Scotland,3,14,11,1257,5.0,10.0,0.065,0.051,0.086,0.056,0.936,0.761,2.906,2.532,1.75,4.393,98.387,5.078,2.076,0.587,,
3194,Casemiro Aaronson,26,ST,Celtic,Scottish Premiership,Scotland,3,21,15,1872,0.7,2.0,0.345,0.089,0.393,0.113,3.565,1.203,0.661,0.414,0.232,2.437,83.459,2.655,3.293,2.0,,
3195,Ritsu Davies,18,W,Dundee,Scottish Premiership,Scotland,3,12,9,1048,5.5,22.0,0.335,0.26,0.262,0.213,3.564,2.537,1.741,1.015,0.739,0.954,75.431,4.877,8.45,4.492,,
3196,Sergio Musiala,27,CM,Hibernian,Scottish Premiership,Scotland,3,29,24,2562,0.4,1.0,0.081,0.098,0.094,0.145,1.256,1.533,2.095,1.31,1.106,1.146,95.863,7.746,3.092,1.698,,
3197,Harry Osimhen,23,CB,Celtic,Scottish Premiership,Scotland,3,36,28,3170,3.5,6.0,0.058,0.044,0.043,0.043,0.748,0.692,2.007,1.811,1.603,3.579,85.897,5.438,2.013,0.5,,
3198,Trent Tadic,27,FB,Celtic,Scottish Premiership,Scotland,3,10,8,842,8.6,29.0,0.098,0.143,0.065,0.157,1.021,2.589,3.359,1.966,1.318,1.958,87.321,8.009,7.215,2.574,,
3200,Ousmane Andersen,31,DM,Dundee,Scottish Premiership,Scotland,3,16,11,1428,2.0,4.0,0.036,0.048,0.031,0.07,0.849,1.391,3.061,2.206,1.013,2.189,100.181,6.038,2.602,0.976,,
3201,Lorenzo Lookman,21,GK,Hearts,Scottish Premiership,Scotland,3,24,20,2135,4.6,9.0,0.005,0.011,0.005,0.007,0.021,0.393,0.205,0.186,0.046,0.15,81.237,2.472,0.668,0.123,78.39,34.815
3202,Takumi Jones,17,AM,Dundee,Scottish Premiership,Scotland,3,11,7,960,3.2,12.0,0.275,0.273,0.268,0.273,2.625,3.984,1.131,0.997,0.621,1.186,87.276,7.288,7.312,3.697,,
3203,Leandro Iwobi,23,W,Celtic,Scottish Premiership,Scotland,3,8,7,699,2.6,9.0,0.332,0.215,0.293,0.23,2.98,2.083,1.654,0.852,0.598,0.822,78.003,4.602,8.014,4.507,,
3204,Ruben Son,26,CB,Aberdeen,Scottish Premiership,Scotland,3,20,17,1799,1.2,5.0,0.052,0.035,0.049,0.03,0.777,0.596,2.031,1.734,1.573,2.926,77.937,5.036,1.536,0.341,,
3205,Luis Russo,34,DM,Celtic,Scottish Premiership,Scotland,3,34,33,3056,4.5,11.0,0.058,0.095,0.042,0.088,1.103,1.511,4.055,3.435,1.869,2.45,88.691,9.627,3.563,1.45,,
3206,Lautaro Hall,23,DM,Rangers,Scottish Premiership,Scotland,3,12,9,1070,2.0,3.0,0.037,0.075,0.027,0.076,0.797,1.168,4.061,2.423,1.229,1.757,94.431,6.158,2.864,1.16,,
3207,Diego Andersen,26,ST,Hearts,Scottish Premiership,Scotland,3,36,35,3208,2.6,9.0,0.355,0.1,0.397,0.147,4.259,1.127,0.835,0.428,0.371,3.666,85.518,3.101,3.461,2.219,,
3208,William Trezeguet,23,CM,Celtic,Scottish Premiership,Scotland,3,18,13,1540,9.0,23.0,0.145,0.203,0.136,0.217,2.3,2.455,3.04,2.211,1.704,1.79,83.906,11.136,4.358,2.935,,
3209,Davide Garcia,22,W,Hibernian,Scottish Premiership,Scotland,3,28,19,2473,12.8,22.0,0.312,0.178,0.284,0.277,3.983,3.08,2.337,1.036,0.686,1.119,91.898,5.864,8.418,5.105,,
3210,Edouard Mane,21,DM,Hibernian,Scottish Premiership,Scotland,3,33,23,2950,1.0,3.0,0.032,0.052,0.026,0.059,0.792,1.011,3.548,2.026,0.994,1.575,76.301,5.831,2.377,0.956,,
3211,Lorenzo Ramirez,23,GK,Celtic,Scottish Premiership,Scotland,3,7,5,548,4.5,10.0,0.005,0.015,0.005,0.005,0.033,0.319,0.214,0.176,0.065,0.219,73.972,3.187,0.57,0.096,74.397,29.278
3212,Ansu Meyer,28,DM,Celtic,Scottish Premiership,Scotland,3,22,15,1973,2.5,8.0,0.039,0.072,0.032,0.084,0.906,1.135,3.356,2.04,1.315,2.001,88.051,6.308,2.711,1.205,,
3213,Darwin Ricci,27,CM,Dundee,Scottish Premiership,Scotland,3,21,15,1817,1.8,3.0,0.085,0.135,0.104,0.168,1.577,1.963,2.705,1.336,1.151,1.303,83.693,9.147,3.09,1.54,,
3214,Patrick Pereira,30,DM,Aberdeen,Scottish Premiership,Scotland,3,21,17,1839,3.2,12.0,0.05,0.079,0.032,0.069,0.933,1.283,4.325,2.272,1.638,2.475,83.216,7.927,2.378,1.245,,
3215,Lucas Musah,32,W,Celtic,Scottish Premiership,Scotland,3,10,8,852,4.3,10.0,0.287,0.223,0.342,0.23,3.184,3.367,2.085,1.222,0.508,1.066,77.795,5.368,8.5,4.958,,
3216,Robert Taylor,20,GK,Dundee,Scottish Premiership,Scotland,3,26,18,2291,7.7,15.0,0.008,0.017,0.008,0.008,0.038,0.363,0.207,0.231,0.072,0.232,80.458,3.309,0.651,0.173,85.55,47.623
3217,Pedri Lopez,27,DM,Celtic,Scottish Premiership,Scotland,3,13,10,1114,1.5,4.0,0.047,0.056,0.031,0.075,0.91,1.275,3.758,2.209,1.058,2.246,87.324,7.406,2.582,1.281,,
3218,Enzo Elneny,23,FB,Aberdeen,Scottish Premiership,Scotland,3,11,10,977,9.2,31.0,0.064,0.138,0.061,0.164,1.001,2.515,2.886,1.847,1.304,1.516,98.191,7.367,5.592,2.138,,
3219,Erling Ndidi,25,CM,Dundee,Scottish Premiership,Scotland,3,9,7,723,2.7,4.0,0.098,0.14,0.094,0.142,1.623,1.79,1.934,1.621,1.364,1.616,95.816,8.977,3.41,1.819,,
3220,Diego Xhaka,23,CB,Aberdeen,Scottish Premiership,Scotland,3,27,22,2402,4.6,14.0,0.067,0.051,0.049,0.058,0.695,0.745,2.022,2.532,2.004,3.628,89.856,5.866,1.747,0.564,,
3221,Sandro Vecino,24,FB,Aberdeen,Scottish Premiership,Scotland,3,27,22,2345,5.2,13.0,0.058,0.167,0.043,0.159,0.98,1.758,3.898,2.064,1.127,2.098,91.04,6.535,4.707,2.141,,
3222,Luka Osimhen,26,FB,Dundee,Scottish Premiership,Scotland,3,36,28,3217,10.9,29.0,0.071,0.149,0.081,0.165,1.146,1.681,3.771,1.965,1.06,2.556,76.399,6.264,6.295,2.443,,
3223,Jonathan Gordon,28,W,Rangers,Scottish Premiership,Scotland,3,17,15,1459,9.8,28.0,0.33,0.318,0.257,0.292,3.847,2.428,2.442,1.299,0.582,1.212,88.946,5.65,7.736,5.175,,
3224,Max Davies,26,DM,Dundee,Scottish Premiership,Scotland,3,9,6,721,5.0,18.0,0.059,0.085,0.046,0.074,0.975,1.132,4.153,2.237,1.2,2.243,87.231,8.649,2.779,1.689,,
3225,Trent Lindstrom,25,ST,Celtic,Scottish Premiership,Scotland,3,15,13,1288,1.5,3.0,0.383,0.088,0.41,0.106,3.618,1.194,0.891,0.455,0.308,2.686,74.208,2.913,3.775,1.973,,
3226,Robert Davies,25,W,Aberdeen,Scottish Premiership,Scotland,3,24,17,2149,2.4,8.0,0.265,0.194,0.235,0.188,2.685,2.422,1.518,0.747,0.533,0.735,86.171,4.396,7.395,3.853,,
3227,Bukayo Smith,25,FB,Aberdeen,Scottish Premiership,Scotland,3,19,15,1692,0.5,2.0,0.043,0.09,0.031,0.123,0.682,1.226,2.571,1.266,0.733,1.435,82.123,5.182,3.984,1.709,,
3228,Bruno Valverde,18,CM,Hearts,Scottish Premiership,Scotland,3,11,10,935,1.1,4.0,0.094,0.112,0.095,0.133,1.312,1.935,2.003,1.66,1.339,1.293,79.587,8.316,3.625,1.456,,
3229,David Odegaard,27,CB,Rangers,Scottish Premiership,Scotland,3,21,19,1880,2.6,9.0,0.056,0.042,0.054,0.04,0.892,0.624,2.214,2.291,1.971,3.413,80.261,5.745,1.595,0.463,,
3230,Daniel Rice,22,CM,Celtic,Scottish Premiership,Scotland,3,14,10,1224,16.0,46.0,0.115,0.231,0.171,0.207,1.987,2.489,3.636,1.872,1.858,2.17,95.047,11.977,4.962,2.632,,
3231,Max Odegaard,26,FB,Aberdeen,Scottish Premiership,Scotland,3,20,18,1727,1.2,3.0,0.043,0.116,0.035,0.148,0.764,1.543,2.714,1.661,0.956,1.285,68.296,5.382,3.915,1.662,,
3232,Marc Lee,28,CB,Aberdeen,Scottish Premiership,Scotland,3,7,6,604,5.9,11.0,0.076,0.062,0.065,0.05,0.9,0.677,3.077,1.784,1.835,3.455,94.668,6.423,2.198,0.462,,
3233,Alvaro Iwobi,28,W,Dundee,Scottish Premiership,Scotland,3,8,6,699,0.6,1.0,0.203,0.157,0.202,0.171,2.341,2.156,1.167,0.588,0.35,0.657,85.712,3.701,5.471,3.581,,
3234,Ritsu Ferrari,30,CB,Rangers,Scottish Premiership,Scotland,3,7,5,617,2.7,4.0,0.074,0.05,0.053,0.051,0.913,0.591,2.081,2.002,1.981,3.537,75.661,4.443,2.225,0.462,,
3235,Marco Kim,29,FB,Hearts,Scottish Premiership,Scotland,3,28,25,2493,0.7,1.0,0.044,0.09,0.035,0.119,0.926,1.334,2.82,1.415,0.804,1.425,85.9,6.426,4.086,1.618,,
3236,Miguel Szczesny,24,CB,Hibernian,Scottish Premiership,Scotland,3,28,21,2463,2.5,9.0,0.074,0.04,0.062,0.054,0.865,0.687,2.391,1.982,1.649,3.636,77.994,5.057,1.828,0.442,,
3237,Pedri Gonzalez,29,ST,Celtic,Scottish Premiership,Scotland,3,17,15,1492,0.6,2.0,0.297,0.097,0.399,0.081,3.58,1.269,0.796,0.415,0.294,2.757,73.169,2.843,2.887,1.877,,
3238,Matthijs Ndidi,26,CB,Hearts,Scottish Premiership,Scotland,3,21,19,1816,4.8,14.0,0.058,0.045,0.045,0.058,0.814,0.649,2.776,2.222,1.668,3.09,87.638,6.131,1.665,0.442,,
3239,Timothy Diaz,25,FB,Celtic,Scottish Premiership,Scotland,3,36,34,3185,0.5,2.0,0.033,0.099,0.031,0.116,0.819,1.42,2.434,1.229,0.808,1.408,73.171,4.974,3.731,1.538,,
3240,Tomas Valverde,26,FB,Rangers,Scottish Premiership,Scotland,3,22,19,1920,2.4,10.0,0.053,0.133,0.046,0.151,1.064,1.627,2.829,1.454,0.959,1.714,76.655,6.424,4.601,1.779,,
3241,Paulo Taylor,26,FB,Hibernian,Scottish Premiership,Scotland,3,19,13,1681,1.5,6.0,0.038,0.092,0.033,0.121,0.696,1.404,2.746,1.412,0.912,1.236,74.193,4.943,4.935,1.651,,
3242,Matthijs Peters,21,DM,Dundee,Scottish Premiership,Scotland,3,12,9,1004,7.9,19.0,0.054,0.101,0.041,0.087,1.059,2.004,4.229,2.789,1.658,2.979,103.282,8.476,3.093,1.353,,
3243,Ruben Lewandowski,30,CB,Rangers,Scottish Premiership,Scotland,3,26,24,2319,3.3,8.0,0.082,0.039,0.072,0.039,0.874,0.709,2.577,2.391,2.001,2.817,93.837,5.537,1.665,0.52,,
3244,Leroy Ramirez,20,FB,Rangers,Scottish Premiership,Scotland,3,15,14,1280,8.0,19.0,0.06,0.14,0.054,0.138,1.241,1.603,3.125,2.076,1.058,2.116,88.158,7.625,5.944,2.179,,
3245,Hiroki Lindstrom,28,FB,Hibernian,Scottish Premiership,Scotland,3,10,7,872,6.7,21.0,0.083,0.154,0.068,0.153,1.321,1.952,2.85,1.784,1.07,1.624,90.73,9.11,4.917,1.866,,
3246,Sofiane Eriksen,30,AM,Hibernian,Scottish Premiership,Scotland,3,20,17,1787,1.1,3.0,0.205,0.19,0.23,0.235,2.553,2.898,0.978,0.887,0.619,0.921,79.066,6.06,6.518,3.16,,
3247,Bernardo Elneny,23,CB,Aberdeen,Scottish Premiership,Scotland,3,34,23,2990,9.4,33.0,0.077,0.07,0.061,0.054,1.113,0.96,2.65,2.082,2.576,4.777,86.747,6.847,2.316,0.704,,
3248,Kylian Aaronson,23,AM,Aberdeen,Scottish Premiership,Scotland,3,9,7,724,14.6,35.0,0.291,0.362,0.382,0.311,3.476,4.307,1.877,1.657,0.81,1.125,77.994,8.815,8.67,5.008,,
3249,Lorenzo Lindstrom,26,CM,Rangers,Scottish Premiership,Scotland,3,27,20,2383,1.3,4.0,0.107,0.143,0.088,0.122,1.646,1.994,2.198,1.433,1.033,1.238,74.078,8.894,4.04,1.615,,
3250,Leandro Lee,21,ST,Celtic,Scottish Premiership,Scotland,3,8,6,663,2.3,8.0,0.409,0.131,0.443,0.113,4.562,1.015,0.955,0.431,0.331,3.01,80.051,3.773,3.214,2.011,,
3251,Virgil Pereira,23,CM,Hibernian,Scottish Premiership,Scotland,3,28,27,2507,3.5,7.0,0.123,0.153,0.113,0.148,1.499,1.843,1.89,1.44,1.136,1.667,95.588,7.433,4.435,1.673,,
3252,Diogo Peters,25,ST,Hearts,Scottish Premiership,Scotland,3,13,9,1105,3.0,6.0,0.385,0.124,0.37,0.1,3.993,1.202,0.898,0.505,0.291,3.275,79.447,3.754,3.918,1.828,,
3253,Darwin Szczesny,24,W,Hibernian,Scottish Premiership,Scotland,3,9,6,785,2.3,6.0,0.229,0.154,0.232,0.2,2.947,2.199,1.252,0.871,0.527,0.755,69.351,4.48,6.929,4.629,,
3254,Moises Trezeguet,24,CB,Rangers,Scottish Premiership,Scotland,3,28,22,2471,2.9,5.0,0.074,0.042,0.055,0.044,0.823,0.577,2.279,1.959,1.474,3.511,85.094,5.877,1.901,0.392,,
3255,Andre Lee,23,W,Aberdeen,Scottish Premiership,Scotland,3,27,25,2354,1.8,6.0,0.201,0.165,0.221,0.157,2.497,2.15,1.351,0.752,0.424,0.73,70.928,4.096,6.481,4.011,,
3256,Phil Wagner,30,GK,Hearts,Scottish Premiership,Scotland,3,20,18,1732,2.5,6.0,0.005,0.01,0.006,0.005,0.029,0.293,0.184,0.139,0.045,0.127,85.941,2.381,0.59,0.104,74.355,31.174
3257,Serge Trezeguet,23,DM,Aberdeen,Scottish Premiership,Scotland,3,24,18,2113,5.8,11.0,0.052,0.081,0.035,0.071,1.187,1.556,3.826,2.331,1.418,1.884,103.387,8.435,3.603,1.015,,
3258,Nicolo Hegazi,26,CM,Celtic,Scottish Premiership,Scotland,3,8,5,677,4.8,19.0,0.133,0.155,0.132,0.182,1.521,1.862,2.434,1.723,1.331,1.589,84.577,9.234,4.195,1.96,,
3259,Dominik Kostic,22,FB,Dundee,Scottish Premiership,Scotland,3,11,9,958,3.3,9.0,0.047,0.108,0.048,0.13,0.811,1.545,2.91,1.651,0.885,1.369,75.173,7.001,5.198,2.152,,
3260,Moises Vecino,27,W,Hearts,Scottish Premiership,Scotland,3,24,22,2158,15.9,54.0,0.296,0.258,0.348,0.259,3.731,3.5,1.805,1.343,0.529,1.217,88.089,5.886,9.394,6.256,,
3261,Federico Gudelj,21,ST,Aberdeen,Scottish Premiership,Scotland,3,21,17,1813,0.7,2.0,0.395,0.095,0.361,0.1,3.443,0.963,0.723,0.443,0.247,2.3,73.364,2.417,2.649,1.569,,
3262,Dominik Mane,28,CB,Hearts,Scottish Premiership,Scotland,3,13,12,1096,2.7,8.0,0.057,0.044,0.047,0.044,0.692,0.733,2.008,1.979,1.689,3.394,94.063,4.437,1.504,0.563,,
3264,Romelu Rice,29,CM,Dundee,Scottish Premiership,Scotland,3,32,25,2825,1.9,7.0,0.101,0.156,0.102,0.141,1.434,2.089,2.374,1.56,1.05,1.34,88.184,7.7,3.42,1.489,,
3265,Matteo Mane,30,W,Celtic,Scottish Premiership,Scotland,3,34,28,2980,1.4,4.0,0.238,0.173,0.2,0.207,2.536,2.066,1.49,0.792,0.43,0.861,69.935,4.815,7.204,3.94,,
3266,Neymar Milinkovic-Savic,25,FB,Celtic,Scottish Premiership,Scotland,3,32,26,2869,3.9,11.0,0.069,0.132,0.059,0.129,1.006,2.158,2.912,1.784,1.179,2.226,82.723,7.913,5.058,2.285,,
3267,Leandro Visser,26,CM,Rangers,Scottish Premiership,Scotland,3,24,20,2091,1.6,2.0,0.107,0.122,0.083,0.125,1.446,2.238,2.186,1.33,1.169,1.27,80.907,6.845,3.268,1.813,,
3268,Edouard Dembélé,29,GK,Hearts,Scottish Premiership,Scotland,3,36,29,3188,3.1,6.0,0.005,0.011,0.005,0.007,0.03,0.316,0.175,0.164,0.054,0.203,83.218,3.198,0.544,0.098,78.101,30.232
3269,Declan Schmidt,22,CB,Hearts,Scottish Premiership,Scotland,3,23,20,2011,12.4,44.0,0.1,0.059,0.066,0.064,1.148,0.935,3.372,2.693,1.816,4.143,90.168,5.836,2.554,0.583,,
3270,Hugo Suarez,26,FB,Dundee,Scottish Premiership,Scotland,3,13,11,1162,0.7,1.0,0.043,0.087,0.032,0.106,0.807,1.466,2.488,1.245,0.792,1.4,68.228,5.605,4.69,1.801,,
3271,Julian Salah,22,CM,Hibernian,Scottish Premiership,Scotland,3,26,22,2257,6.6,11.0,0.133,0.197,0.129,0.197,1.494,1.856,2.429,1.84,1.407,2.032,95.208,9.352,4.166,2.05,,
3272,Erling Skov,21,W,Celtic,Scottish Premiership,Scotland,3,13,12,1170,9.1,31.0,0.33,0.184,0.251,0.258,3.927,2.783,2.195,1.091,0.648,1.165,84.162,5.011,7.719,5.359,,
3273,Matthijs Wagner,28,CB,Dundee,Scottish Premiership,Scotland,3,12,10,1014,1.6,3.0,0.049,0.036,0.051,0.04,0.672,0.684,1.87,1.587,1.459,3.07,81.741,4.739,1.962,0.397,,
3274,Mohamed Hernandez,17,CM,Hibernian,Scottish Premiership,Scotland,3,5,4,444,1.8,3.0,0.096,0.169,0.117,0.149,1.508,2.081,2.217,1.536,1.105,1.765,76.935,7.435,3.922,2.231,,
3275,Eduardo Musiala,30,FB,Dundee,Scottish Premiership,Scotland,3,10,7,900,7.2,23.0,0.074,0.139,0.054,0.164,1.007,1.885,2.834,1.765,1.164,2.131,89.157,7.753,4.969,2.466,,
3276,Sofiane Oliveira,31,AM,Celtic,Scottish Premiership,Scotland,3,18,17,1593,1.6,4.0,0.197,0.207,0.238,0.197,2.362,3.189,1.202,0.807,0.526,0.799,77.813,6.271,6.231,3.266,,
3277,Achraf Bassey,22,DM,Aberdeen,Scottish Premiership,Scotland,3,29,20,2592,1.5,5.0,0.039,0.052,0.028,0.079,0.802,1.323,3.892,2.157,1.361,1.729,75.695,7.519,2.177,1.199,,
3278,Bruno Konaté,28,DM,Celtic,Scottish Premiership,Scotland,3,18,13,1566,3.5,14.0,0.042,0.07,0.033,0.079,1.108,1.459,3.103,2.386,1.14,1.794,79.784,6.73,2.585,1.38,,
3279,Edouard Romano,24,FB,Hibernian,Scottish Premiership,Scotland,3,27,23,2396,8.7,24.0,0.072,0.129,0.049,0.192,1.083,1.968,3.022,1.667,1.389,2.294,81.17,6.799,6.161,2.238,,
3280,Angel Haaland,26,GK,Dundee,Scottish Premiership,Scotland,3,19,16,1662,4.7,18.0,0.005,0.012,0.006,0.005,0.029,0.359,0.18,0.165,0.061,0.199,91.649,2.681,0.503,0.116,73.989,36.469
3281,Gavi Wagner,22,CB,Hibernian,Scottish Premiership,Scotland,3,35,24,3074,1.5,3.0,0.055,0.04,0.04,0.028,0.663,0.517,2.017,1.849,1.31,2.865,94.923,4.321,1.448,0.372,,
3282,Carlos Schlotterbeck,24,FB,Celtic,Scottish Premiership,Scotland,3,17,14,1478,7.8,24.0,0.067,0.146,0.059,0.17,1.279,1.957,3.761,1.678,0.995,1.712,73.962,7.079,5.089,2.029,,
3283,Ismail Milinkovic-Savic,28,W,Dundee,Scottish Premiership,Scotland,3,17,13,1482,2.7,10.0,0.293,0.168,0.223,0.207,2.625,2.522,1.474,0.712,0.412,0.834,69.322,5.211,7.302,3.802,,
3284,Angel Colombo,23,AM,Rangers,Scottish Premiership,Scotland,3,35,27,3144,7.4,14.0,0.295,0.219,0.223,0.274,3.746,3.775,1.43,0.971,0.641,0.962,85.772,9.026,6.289,3.53,,
3285,Rafael Saka,21,FB,Rangers,Scottish Premiership,Scotland,3,9,7,802,5.7,21.0,0.048,0.126,0.042,0.159,0.985,2.118,3.066,2.036,0.861,1.59,81.695,7.681,5.813,2.018,,
3286,Ferran King,24,FB,Aberdeen,Scottish Premiership,Scotland,3,14,11,1176,3.5,7.0,0.062,0.136,0.055,0.12,0.923,1.571,3.708,1.661,1.056,1.827,74.29,7.6,5.085,1.944,,
3287,Cole Diallo,22,CB,Hibernian,Scottish Premiership,Scotland,3,31,30,2777,10.2,25.0,0.072,0.07,0.065,0.051,1.046,0.892,3.04,2.038,1.801,4.397,97.072,4.992,1.824,0.664,,
3288,Alvaro Ramirez,30,ST,Dundee,Scottish Premiership,Scotland,3,24,22,2095,2.1,6.0,0.357,0.123,0.352,0.1,3.806,1.321,0.916,0.382,0.31,2.401,75.961,2.936,3.021,1.956,,
3289,Dusan Meyer,22,FB,Celtic,Scottish Premiership,Scotland,3,10,8,821,4.3,8.0,0.054,0.108,0.051,0.125,1.028,1.858,3.193,1.504,0.946,1.301,78.338,6.475,4.636,1.881,,
3290,Hakim Brown,25,CM,Hibernian,Scottish Premiership,Scotland,3,33,28,2887,3.5,12.0,0.115,0.175,0.105,0.154,1.465,2.035,2.79,1.606,1.158,1.766,80.67,9.393,3.22,2.36,,
3291,Renato Mbappé,29,GK,Celtic,Scottish Premiership,Scotland,3,33,28,2897,8.6,19.0,0.008,0.018,0.007,0.009,0.042,0.404,0.219,0.285,0.071,0.246,72.019,2.655,0.637,0.147,71.045,43.569
3292,Son Kim,27,AM,Aberdeen,Scottish Premiership,Scotland,3,26,21,2325,1.2,3.0,0.227,0.174,0.236,0.242,2.153,2.421,1.08,0.659,0.48,0.788,77.187,7.018,6.611,3.418,,
3293,Renato Xhaka,23,ST,Hibernian,Scottish Premiership,Scotland,3,24,22,2110,3.9,12.0,0.413,0.119,0.471,0.132,3.924,1.347,1.041,0.462,0.357,3.541,85.633,3.768,3.366,3.029,,
3294,Julian Park,25,AM,Rangers,Scottish Premiership,Scotland,3,35,26,3076,5.4,21.0,0.289,0.276,0.306,0.231,2.816,3.933,1.336,0.985,0.683,1.302,73.706,8.502,6.935,3.776,,
3295,Luis Araujo,21,GK,Rangers,Scottish Premiership,Scotland,3,30,28,2687,9.5,15.0,0.007,0.011,0.007,0.007,0.04,0.363,0.195,0.221,0.073,0.291,90.812,2.894,0.654,0.161,78.756,45.421
3296,Simon Sousa,26,GK,Hibernian,Scottish Premiership,Scotland,3,13,11,1152,10.3,26.0,0.006,0.012,0.007,0.008,0.042,0.359,0.277,0.306,0.096,0.227,80.426,3.252,0.875,0.176,83.287,38.448
3297,Mikel Konaté,26,ST,Celtic,Scottish Premiership,Scotland,3,12,10,994,1.8,3.0,0.479,0.11,0.387,0.105,3.805,1.313,0.814,0.467,0.333,3.177,74.228,2.618,3.186,2.027,,
3298,Davide Salah,20,DM,Rangers,Scottish Premiership,Scotland,3,11,8,929,2.5,10.0,0.032,0.057,0.027,0.069,1.052,1.278,3.795,2.484,1.217,1.93,79.87,7.567,2.35,1.144,,
3299,Kai van Dijk,28,CB,Aberdeen,Scottish Premiership,Scotland,3,19,14,1693,2.7,6.0,0.061,0.037,0.05,0.044,0.852,0.784,2.632,2.077,1.44,3.784,95.411,6.038,1.792,0.503,,
3300,Gabriel Foden,26,FB,Rangers,Scottish Premiership,Scotland,3,11,10,945,4.9,10.0,0.051,0.098,0.049,0.117,0.974,1.419,3.01,1.766,1.304,1.614,75.453,6.228,4.448,2.085,,
3301,Eduardo Vecino,29,W,Besiktas,Super Lig,Turkey,2,27,26,2357,3.7,7.0,0.312,0.159,0.25,0.222,3.157,2.061,1.795,1.14,0.559,0.856,85.545,5.497,6.989,3.806,,
3302,Leroy Eriksen,23,GK,Antalyaspor,Super Lig,Turkey,2,27,25,2421,14.2,28.0,0.011,0.016,0.01,0.008,0.051,0.528,0.24,0.302,0.087,0.229,71.75,3.725,0.937,0.174,75.596,48.581
3303,Serge Martinez,27,FB,Fenerbahce,Super Lig,Turkey,2,17,15,1495,21.6,69.0,0.079,0.203,0.063,0.186,1.277,2.352,3.931,2.186,1.614,1.745,92.488,8.445,5.638,2.827,,
3304,Rafa Williams,25,CB,Besiktas,Super Lig,Turkey,2,24,22,2156,10.4,40.0,0.107,0.048,0.067,0.05,0.726,0.633,2.919,1.951,2.128,3.394,80.742,5.458,2.19,0.586,,
3305,Jamal Ricci,25,FB,Antalyaspor,Super Lig,Turkey,2,20,13,1734,8.1,26.0,0.056,0.124,0.055,0.154,1.074,1.741,3.249,1.446,0.884,2.122,93.084,6.322,4.853,2.276,,
3306,Pablo Gordon,25,AM,Istanbul Basaksehir,Super Lig,Turkey,2,35,26,3102,12.0,41.0,0.339,0.242,0.287,0.3,2.891,2.891,1.753,1.143,0.734,1.097,85.397,7.148,6.589,4.652,,
3307,Diogo Smith,27,CB,Trabzonspor,Super Lig,Turkey,2,18,12,1564,3.6,8.0,0.067,0.045,0.046,0.049,0.792,0.57,2.23,1.996,1.942,3.442,85.832,5.06,1.969,0.488,,
3308,Daichi Tah,24,CM,Istanbul Basaksehir,Super Lig,Turkey,2,17,11,1464,16.0,63.0,0.185,0.149,0.139,0.163,1.659,2.342,3.295,1.908,1.422,1.608,96.76,11.089,4.975,2.935,,
3309,Diego Milinkovic-Savic,28,DM,Istanbul Basaksehir,Super Lig,Turkey,2,7,4,561,0.9,3.0,0.034,0.045,0.02,0.066,0.758,1.276,3.193,1.687,1.182,1.545,88.552,7.029,2.38,0.83,,
3310,Goncalo Diaz,21,ST,Antalyaspor,Super Lig,Turkey,2,34,25,3024,7.9,25.0,0.376,0.16,0.404,0.104,3.736,1.427,0.919,0.574,0.334,3.097,69.523,3.243,3.352,2.198,,
3311,Leroy Mendes,25,AM,Galatasaray,Super Lig,Turkey,2,23,17,1993,10.0,25.0,0.326,0.252,0.241,0.248,3.46,2.71,1.803,1.037,0.764,0.991,87.427,7.99,5.685,3.146,,
3312,Eric Jones,22,CB,Besiktas,Super Lig,Turkey,2,29,20,2543,1.8,6.0,0.051,0.036,0.038,0.036,0.601,0.471,2.104,1.705,1.282,2.428,75.736,4.374,1.414,0.405,,
3313,James Adams,26,W,Antalyaspor,Super Lig,Turkey,2,32,28,2833,8.0,28.0,0.268,0.221,0.295,0.22,3.178,2.589,1.39,0.962,0.455,0.864,91.504,5.112,7.097,5.002,,
3314,Julian McKennie,26,W,Antalyaspor,Super Lig,Turkey,2,11,9,913,13.5,22.0,0.298,0.268,0.338,0.293,4.748,2.765,2.377,1.532,0.518,1.257,82.488,6.337,8.658,5.479,,
3315,Rafael Diaz,29,FB,Besiktas,Super Lig,Turkey,2,12,8,1001,7.6,15.0,0.067,0.12,0.053,0.159,0.976,2.089,2.751,1.689,0.867,1.971,78.882,6.73,4.962,1.951,,
3316,Mikel Silva,28,DM,Besiktas,Super Lig,Turkey,2,9,8,807,10.7,39.0,0.041,0.103,0.045,0.075,1.391,1.613,4.273,3.128,1.777,2.129,100.213,7.972,3.474,1.386,,
3317,Kylian Onyeka,26,FB,Besiktas,Super Lig,Turkey,2,11,8,937,21.3,84.0,0.104,0.159,0.07,0.131,1.298,1.994,3.606,2.134,1.294,2.012,87.405,8.468,7.158,2.211,,
3318,Cody Son,33,FB,Besiktas,Super Lig,Turkey,2,29,21,2534,6.5,24.0,0.069,0.129,0.057,0.133,1.129,1.904,3.2,2.047,1.133,1.777,80.72,7.689,6.385,2.069,,
3319,Mikel Araujo,21,DM,Galatasaray,Super Lig,Turkey,2,30,29,2689,13.6,36.0,0.049,0.073,0.029,0.086,1.108,1.214,3.94,3.075,1.608,2.053,102.78,8.511,3.585,1.328,,
3320,Lucas Bassey,25,CM,Galatasaray,Super Lig,Turkey,2,14,13,1260,13.3,43.0,0.129,0.213,0.149,0.193,1.908,2.268,3.116,1.93,1.778,2.384,91.021,9.942,5.007,2.639,,
3321,Paulo Pereira,20,FB,Fenerbahce,Super Lig,Turkey,2,22,21,1967,10.4,27.0,0.07,0.164,0.072,0.162,1.282,2.076,3.26,2.007,1.23,1.957,83.289,6.584,5.821,2.184,,
3322,Toby Saka,27,CM,Fenerbahce,Super Lig,Turkey,2,12,10,1017,1.9,6.0,0.089,0.111,0.103,0.155,1.542,1.806,2.316,1.507,1.132,1.443,90.95,8.138,3.257,1.88,,
3323,Alexander Diallo,28,DM,Istanbul Basaksehir,Super Lig,Turkey,2,14,12,1239,4.9,15.0,0.048,0.068,0.031,0.071,0.914,1.232,3.646,2.069,1.608,1.97,82.757,8.129,2.642,1.297,,
3324,Phil Taylor,26,CM,Fenerbahce,Super Lig,Turkey,2,13,11,1095,12.3,45.0,0.145,0.151,0.138,0.141,1.607,2.436,2.917,1.769,1.466,1.717,80.038,9.469,4.648,2.064,,
3325,Ferran Pulisic,24,CM,Trabzonspor,Super Lig,Turkey,2,19,17,1693,5.4,12.0,0.119,0.187,0.123,0.185,1.935,2.116,2.362,1.616,1.268,1.512,90.071,10.678,4.359,1.72,,
3326,Leroy Vecino,27,FB,Istanbul Basaksehir,Super Lig,Turkey,2,24,20,2155,7.4,26.0,0.05,0.129,0.049,0.141,0.971,1.681,3.699,1.525,1.257,1.62,79.651,6.389,4.89,1.691,,
3327,Enzo Iwobi,25,W,Antalyaspor,Super Lig,Turkey,2,10,6,854,12.9,49.0,0.273,0.228,0.381,0.251,3.246,3.28,2.061,0.95,0.517,1.04,89.137,6.181,9.034,4.887,,
3328,Kylian Gordon,22,CB,Galatasaray,Super Lig,Turkey,2,23,21,2039,8.6,22.0,0.064,0.05,0.065,0.057,0.957,0.771,3.302,2.456,1.823,4.502,94.666,6.672,2.537,0.509,,
3329,Joao Nunez,24,AM,Trabzonspor,Super Lig,Turkey,2,10,9,886,4.8,13.0,0.213,0.183,0.236,0.266,2.604,2.834,1.32,0.769,0.676,0.807,73.313,8.552,6.501,3.578,,
3330,Matthijs van Dijk,26,ST,Trabzonspor,Super Lig,Turkey,2,6,5,506,3.3,6.0,0.429,0.125,0.379,0.108,3.197,1.301,0.88,0.507,0.298,2.799,73.13,3.062,3.128,1.956,,
3331,Timothy Torres,25,CM,Galatasaray,Super Lig,Turkey,2,12,8,1040,18.6,62.0,0.169,0.204,0.147,0.252,2.101,2.078,3.255,2.052,2.148,1.968,103.427,9.291,4.918,2.303,,
3332,Julian Schlotterbeck,29,W,Besiktas,Super Lig,Turkey,2,8,6,680,0.9,3.0,0.251,0.141,0.216,0.154,2.793,2.179,1.245,0.752,0.404,0.841,79.172,3.942,5.524,3.407,,
3333,Khvicha Alves,28,ST,Istanbul Basaksehir,Super Lig,Turkey,2,9,8,757,4.7,14.0,0.482,0.126,0.423,0.11,3.951,1.276,0.894,0.589,0.322,3.057,71.358,3.615,3.363,1.99,,
3334,Omar Elneny,24,CB,Istanbul Basaksehir,Super Lig,Turkey,2,15,11,1329,11.9,41.0,0.106,0.047,0.076,0.063,0.975,0.746,2.409,2.108,1.832,4.145,101.287,7.519,2.348,0.479,,
3335,Leon Jovic,31,ST,Besiktas,Super Lig,Turkey,2,20,14,1735,0.9,2.0,0.404,0.101,0.383,0.083,3.64,1.267,0.793,0.352,0.23,2.55,75.588,2.956,2.82,1.506,,
3336,Victor Davies,25,W,Galatasaray,Super Lig,Turkey,2,10,6,852,0.9,3.0,0.206,0.151,0.195,0.159,2.524,2.113,1.298,0.649,0.41,0.609,67.486,4.665,5.695,3.647,,
3337,Iker Lopez,25,CM,Trabzonspor,Super Lig,Turkey,2,14,12,1230,4.5,16.0,0.134,0.12,0.106,0.184,1.733,2.446,2.093,1.681,1.448,1.37,92.506,9.013,4.601,2.062,,
3338,Son Marino,26,ST,Istanbul Basaksehir,Super Lig,Turkey,2,20,14,1716,5.5,10.0,0.541,0.105,0.392,0.119,4.108,1.421,0.913,0.49,0.303,2.955,86.673,3.748,3.949,2.393,,
3339,Federico Pulisic,23,ST,Istanbul Basaksehir,Super Lig,Turkey,2,19,16,1673,3.5,6.0,0.456,0.108,0.484,0.1,4.316,1.113,0.844,0.489,0.326,2.531,70.701,2.825,2.839,2.209,,
3340,Davide Brown,32,CB,Fenerbahce,Super Lig,Turkey,2,35,30,3112,8.6,24.0,0.098,0.058,0.071,0.064,0.804,0.852,3.339,2.419,2.706,3.558,89.465,7.996,2.808,0.545,,
3341,Cody Smith,23,AM,Trabzonspor,Super Lig,Turkey,2,26,20,2305,5.2,17.0,0.223,0.219,0.261,0.221,3.177,3.743,1.61,0.872,0.605,0.949,70.66,8.297,7.544,3.292,,
3342,Pau Johnson,25,DM,Galatasaray,Super Lig,Turkey,2,7,5,623,8.1,28.0,0.046,0.08,0.035,0.084,1.003,1.2,3.516,2.291,1.459,1.854,91.632,6.917,2.505,1.454,,
3343,Robin Szczesny,23,ST,Trabzonspor,Super Lig,Turkey,2,7,4,564,1.0,2.0,0.335,0.101,0.4,0.087,3.891,1.258,0.761,0.388,0.255,2.981,62.585,3.146,2.862,1.982,,
3344,Renato Musiala,21,AM,Besiktas,Super Lig,Turkey,2,20,18,1768,19.2,62.0,0.327,0.303,0.286,0.221,3.751,4.152,1.451,0.925,0.617,1.36,88.778,9.832,7.576,4.539,,
3345,Christian Davies,28,CM,Trabzonspor,Super Lig,Turkey,2,10,9,890,12.0,36.0,0.143,0.146,0.161,0.178,1.953,2.093,3.052,1.946,1.401,1.959,93.824,9.928,5.625,2.817,,
3346,Pedri Becker,30,CB,Trabzonspor,Super Lig,Turkey,2,21,15,1831,7.8,22.0,0.092,0.056,0.081,0.051,0.899,0.779,2.911,2.209,1.958,4.152,101.733,6.282,2.276,0.606,,
3347,Leroy Ferrari,23,GK,Trabzonspor,Super Lig,Turkey,2,12,11,1032,3.7,14.0,0.005,0.013,0.005,0.006,0.029,0.27,0.147,0.148,0.05,0.158,65.926,2.552,0.674,0.077,63.937,35.723
3348,Samuel Alves,28,AM,Istanbul Basaksehir,Super Lig,Turkey,2,14,10,1174,4.7,11.0,0.263,0.198,0.222,0.273,2.491,2.836,1.342,0.853,0.553,0.997,81.835,7.909,6.352,3.546,,
3349,Daniel Schmidt,29,DM,Fenerbahce,Super Lig,Turkey,2,17,15,1521,0.8,3.0,0.032,0.04,0.025,0.053,0.711,1.144,3.652,1.832,1.019,1.684,94.48,7.241,2.412,1.008,,
3350,Thomas Adams,32,CB,Galatasaray,Super Lig,Turkey,2,10,9,892,7.1,12.0,0.072,0.052,0.061,0.05,0.894,0.808,2.704,2.483,2.343,3.968,92.085,6.416,1.917,0.508,,
3351,Vitinha Taylor,27,FB,Istanbul Basaksehir,Super Lig,Turkey,2,23,20,2019,11.4,44.0,0.065,0.108,0.068,0.154,1.044,1.641,3.254,1.777,1.138,1.744,73.955,7.259,4.466,2.125,,
3352,Leandro Pereira,26,ST,Fenerbahce,Super Lig,Turkey,2,10,8,851,8.2,27.0,0.63,0.155,0.48,0.145,4.241,1.711,1.143,0.466,0.442,3.142,84.386,3.245,4.232,2.671,,
3353,Lucas de Jong,30,CM,Fenerbahce,Super Lig,Turkey,2,34,24,2998,10.5,31.0,0.113,0.155,0.141,0.194,1.97,2.556,2.526,1.908,1.544,1.979,95.002,10.888,4.696,2.594,,
3354,Angel Ndidi,28,CB,Besiktas,Super Lig,Turkey,2,10,8,855,3.1,8.0,0.061,0.034,0.039,0.036,0.619,0.544,2.26,1.882,1.388,3.3,84.986,4.427,2.118,0.4,,
3355,Alexis Konaté,31,W,Trabzonspor,Super Lig,Turkey,2,12,11,1077,2.9,9.0,0.234,0.175,0.213,0.17,2.719,2.484,1.439,0.849,0.501,1.006,74.381,4.661,6.789,4.222,,
3356,Pedri Peters,22,FB,Trabzonspor,Super Lig,Turkey,2,14,10,1257,1.7,5.0,0.05,0.093,0.037,0.111,0.857,1.353,2.486,1.295,0.87,1.669,91.006,6.088,4.433,1.498,,
3357,Emil Bentancur,31,CM,Fenerbahce,Super Lig,Turkey,2,30,25,2668,14.4,39.0,0.135,0.189,0.179,0.24,2.14,2.403,2.913,2.823,2.051,2.49,106.337,11.431,5.11,2.953,,
3358,Lautaro Milinkovic-Savic,27,W,Besiktas,Super Lig,Turkey,2,31,24,2739,4.4,11.0,0.229,0.184,0.226,0.179,2.726,1.888,1.464,1.006,0.44,0.974,74.347,4.164,6.886,4.291,,
3359,Pau Brown,29,ST,Fenerbahce,Super Lig,Turkey,2,23,21,2020,6.7,22.0,0.5,0.107,0.366,0.126,4.314,1.178,0.892,0.525,0.326,3.981,72.201,3.212,3.949,2.514,,
3360,Alvaro Eriksen,26,ST,Antalyaspor,Super Lig,Turkey,2,11,8,906,14.5,32.0,0.43,0.149,0.537,0.157,4.738,1.847,1.23,0.58,0.329,3.929,82.792,4.29,4.778,2.72,,
3361,Matteo Iwobi,27,CM,Galatasaray,Super Lig,Turkey,2,12,9,1041,4.3,9.0,0.148,0.156,0.109,0.198,1.555,1.898,2.942,1.448,1.475,1.786,80.879,7.626,4.24,1.88,,
3362,Luka Romano,23,ST,Istanbul Basaksehir,Super Lig,Turkey,2,26,23,2332,5.2,12.0,0.543,0.138,0.414,0.123,4.116,1.367,0.936,0.606,0.396,3.689,82.486,3.005,3.315,2.104,,
3363,William Bellingham,25,GK,Trabzonspor,Super Lig,Turkey,2,21,15,1849,16.1,52.0,0.007,0.023,0.009,0.009,0.038,0.454,0.277,0.215,0.078,0.345,71.928,3.259,0.963,0.195,64.158,47.622
3364,Matteo Dembélé,23,AM,Istanbul Basaksehir,Super Lig,Turkey,2,28,21,2477,15.4,32.0,0.302,0.299,0.255,0.345,3.749,4.163,1.542,1.057,0.792,1.049,95.358,9.393,7.896,3.56,,
3365,Adama de Ligt,27,FB,Besiktas,Super Lig,Turkey,2,14,12,1246,10.2,40.0,0.069,0.139,0.052,0.139,0.992,1.692,2.583,2.014,0.869,1.664,71.774,6.815,6.362,2.027,,
3366,Alexis Marino,23,CM,Galatasaray,Super Lig,Turkey,2,25,21,2210,3.0,8.0,0.097,0.117,0.1,0.136,1.471,1.994,1.853,1.427,1.373,1.585,97.05,8.363,3.814,1.437,,
3367,Lautaro Hernandez,30,AM,Galatasaray,Super Lig,Turkey,2,30,26,2676,1.1,4.0,0.207,0.195,0.224,0.191,1.869,2.575,1.074,0.905,0.476,0.653,68.793,6.088,4.899,2.96,,
3368,Ibrahim Park,28,CM,Besiktas,Super Lig,Turkey,2,29,22,2605,5.2,19.0,0.123,0.144,0.116,0.194,1.553,2.053,2.552,1.83,1.305,2.226,83.637,9.028,4.67,1.551,,
3369,Joshua Marino,30,W,Istanbul Basaksehir,Super Lig,Turkey,2,25,17,2224,13.5,54.0,0.417,0.308,0.31,0.241,3.526,3.298,2.048,0.948,0.613,1.232,78.676,5.393,7.856,5.422,,
3370,Neymar Skov,26,CM,Besiktas,Super Lig,Turkey,2,8,6,701,4.7,14.0,0.123,0.133,0.098,0.139,1.694,2.269,2.718,1.819,1.245,1.701,97.552,8.843,3.391,2.292,,
3371,Luka Brown,30,W,Trabzonspor,Super Lig,Turkey,2,23,20,2051,15.0,53.0,0.371,0.261,0.345,0.238,3.192,2.691,2.303,1.513,0.574,1.09,78.578,6.069,7.92,6.27,,
3372,Phil Zielinski,24,CM,Besiktas,Super Lig,Turkey,2,23,19,2048,15.8,55.0,0.224,0.241,0.153,0.206,1.688,2.589,2.775,2.263,2.064,1.892,78.788,9.636,5.223,2.228,,
3373,Nicolas Fischer,24,CB,Istanbul Basaksehir,Super Lig,Turkey,2,27,25,2409,10.4,41.0,0.075,0.057,0.062,0.059,0.966,0.757,2.688,2.433,2.311,4.38,93.863,5.206,1.703,0.695,,
3374,Patrick Musah,24,W,Antalyaspor,Super Lig,Turkey,2,20,17,1753,6.3,20.0,0.263,0.21,0.289,0.217,2.921,2.607,1.386,0.984,0.473,1.039,80.877,5.471,6.696,3.714,,
3375,Sandro Skov,20,CM,Besiktas,Super Lig,Turkey,2,31,22,2723,3.3,7.0,0.101,0.114,0.102,0.172,1.742,1.84,2.568,1.402,1.212,1.46,97.291,8.643,3.17,1.85,,
3376,Trent Musah,24,W,Antalyaspor,Super Lig,Turkey,2,29,27,2528,22.1,37.0,0.491,0.288,0.374,0.244,4.28,3.035,2.021,1.56,0.611,1.319,92.846,6.215,9.508,5.65,,
3377,Amadou King,26,DM,Besiktas,Super Lig,Turkey,2,16,14,1380,9.2,16.0,0.06,0.07,0.036,0.117,1.071,1.558,4.433,2.62,1.485,2.369,93.714,7.792,2.796,1.376,,
3378,Alexis Suarez,22,FB,Besiktas,Super Lig,Turkey,2,9,6,762,12.4,38.0,0.063,0.128,0.065,0.166,0.978,1.443,2.778,1.725,1.197,1.706,92.703,7.074,5.521,2.36,,
3379,Frenkie Araujo,29,DM,Trabzonspor,Super Lig,Turkey,2,29,22,2582,5.4,9.0,0.046,0.069,0.037,0.061,1.003,1.442,3.672,2.702,1.605,2.224,86.75,7.34,2.964,1.16,,
3380,Andre Vlahovic,24,W,Besiktas,Super Lig,Turkey,2,31,25,2750,1.0,2.0,0.221,0.15,0.226,0.182,2.608,1.871,1.131,0.759,0.398,0.803,72.294,3.923,6.011,3.724,,
3381,Eduardo Xhaka,30,DM,Istanbul Basaksehir,Super Lig,Turkey,2,19,14,1623,4.6,11.0,0.041,0.073,0.031,0.064,0.899,1.243,3.561,2.399,1.254,2.08,88.041,7.587,2.104,1.008,,
3382,Serge Grimaldo,27,CM,Istanbul Basaksehir,Super Lig,Turkey,2,18,16,1583,6.2,13.0,0.114,0.164,0.102,0.149,1.436,2.098,2.377,1.482,1.675,1.61,92.441,7.823,4.178,1.81,,
3383,Ansu Salah,20,CB,Trabzonspor,Super Lig,Turkey,2,19,14,1688,0.7,2.0,0.046,0.028,0.038,0.034,0.738,0.511,2.092,1.806,1.428,3.112,96.687,3.829,1.539,0.363,,
3384,Trent Wagner,19,FB,Galatasaray,Super Lig,Turkey,2,8,6,706,7.2,16.0,0.059,0.144,0.042,0.132,1.237,1.93,3.117,2.18,0.938,1.959,93.404,6.824,5.114,2.021,,
3385,Thomas Pulisic,23,DM,Istanbul Basaksehir,Super Lig,Turkey,2,20,18,1795,0.7,2.0,0.029,0.048,0.021,0.065,0.808,1.238,3.24,2.225,1.046,1.624,87.965,6.422,1.844,0.931,,
3386,Sergio Jimenez,25,CM,Fenerbahce,Super Lig,Turkey,2,10,9,894,14.9,48.0,0.17,0.224,0.166,0.179,1.977,3.196,3.767,2.355,1.565,1.867,103.883,11.82,4.625,2.821,,
3387,Diego Dembélé,22,CM,Antalyaspor,Super Lig,Turkey,2,15,11,1283,0.8,3.0,0.073,0.124,0.077,0.128,1.133,1.857,2.072,1.138,1.129,1.232,78.341,7.067,3.28,1.452,,
3388,Enzo de Jong,26,AM,Besiktas,Super Lig,Turkey,2,9,8,784,6.1,17.0,0.247,0.224,0.257,0.272,2.561,3.347,1.519,0.889,0.79,0.988,89.673,9.215,7.354,4.025,,
3389,Mikel Szczesny,29,GK,Fenerbahce,Super Lig,Turkey,2,34,24,3043,11.8,27.0,0.008,0.014,0.006,0.007,0.027,0.357,0.215,0.232,0.067,0.233,89.44,3.365,0.704,0.157,81.299,42.376
3390,Victor Andersen,29,FB,Fenerbahce,Super Lig,Turkey,2,9,6,778,11.9,33.0,0.092,0.149,0.048,0.176,1.231,1.85,3.911,2.008,1.076,2.403,93.759,7.423,6.697,1.846,,
3391,Ivan Jones,23,FB,Trabzonspor,Super Lig,Turkey,2,9,6,742,0.6,2.0,0.039,0.105,0.028,0.099,0.88,1.195,2.755,1.175,0.842,1.133,73.713,5.011,3.38,1.579,,
3392,Yves Haaland,26,W,Fenerbahce,Super Lig,Turkey,2,25,20,2185,16.6,61.0,0.372,0.228,0.321,0.228,4.045,3.336,1.743,1.155,0.588,1.207,76.848,6.212,7.299,5.227,,
3393,Kevin Foden,24,ST,Trabzonspor,Super Lig,Turkey,2,35,24,3096,8.7,33.0,0.436,0.126,0.387,0.114,3.827,1.252,0.908,0.471,0.41,3.288,72.121,3.834,3.148,1.942,,
3394,Jan Kostic,29,W,Antalyaspor,Super Lig,Turkey,2,19,17,1642,1.7,6.0,0.219,0.151,0.195,0.177,2.872,1.965,1.428,0.836,0.414,0.802,78.835,5.058,7.438,4.403,,
3395,Sadio Lookman,28,FB,Besiktas,Super Lig,Turkey,2,28,22,2461,16.0,51.0,0.091,0.154,0.062,0.158,1.182,2.387,4.072,2.349,1.05,2.578,77.779,8.181,4.623,2.376,,
3396,Ousmane Martinez,28,CB,Antalyaspor,Super Lig,Turkey,2,29,21,2553,0.6,1.0,0.044,0.027,0.038,0.032,0.736,0.436,1.722,1.586,1.434,2.703,79.633,4.779,1.649,0.359,,
3397,Alexander Osimhen,22,ST,Fenerbahce,Super Lig,Turkey,2,35,25,3095,6.1,11.0,0.38,0.107,0.476,0.134,4.098,1.471,0.855,0.582,0.317,3.129,88.19,3.44,3.922,2.023,,
3398,Trent Jovic,26,CM,Trabzonspor,Super Lig,Turkey,2,9,8,767,2.0,5.0,0.092,0.116,0.092,0.125,1.506,1.526,2.426,1.379,1.177,1.247,82.982,6.985,3.615,1.636,,
3399,Nicolas Dembélé,22,AM,Istanbul Basaksehir,Super Lig,Turkey,2,7,5,546,3.0,10.0,0.207,0.169,0.208,0.173,2.576,3.286,1.136,0.797,0.535,0.883,90.209,6.536,5.394,3.205,,
3400,Raphael Fernandez,29,CB,Trabzonspor,Super Lig,Turkey,2,31,26,2717,14.2,28.0,0.068,0.052,0.105,0.08,0.997,0.855,2.547,1.95,2.097,4.413,87.854,5.977,2.292,0.611,,
3401,Virgil Kostic,24,ST,Fenerbahce,Super Lig,Turkey,2,23,17,2026,6.2,23.0,0.456,0.133,0.375,0.143,4.041,1.286,1.036,0.5,0.329,3.246,79.013,3.238,3.356,2.159,,
3402,Thomas Gonzalez,24,CB,Istanbul Basaksehir,Super Lig,Turkey,2,17,11,1476,17.6,68.0,0.085,0.065,0.072,0.075,1.033,0.853,3.068,2.253,2.11,4.658,86.176,7.932,2.282,0.682,,
3403,Simon Vlahovic,25,W,Antalyaspor,Super Lig,Turkey,2,17,12,1445,13.6,30.0,0.338,0.217,0.269,0.258,3.767,2.706,1.759,1.057,0.686,1.226,95.994,5.317,8.901,4.975,,
3404,Thiago Aaronson,27,CB,Galatasaray,Super Lig,Turkey,2,25,24,2194,9.2,28.0,0.073,0.049,0.074,0.047,0.964,0.722,2.702,2.694,2.201,4.426,81.588,7.199,1.976,0.709,,
3405,Harry Park,24,DM,Trabzonspor,Super Lig,Turkey,2,7,5,569,2.6,10.0,0.036,0.054,0.032,0.065,0.884,1.019,3.714,2.168,1.288,1.735,85.881,6.867,2.164,1.001,,
3406,Ivan Bentancur,22,CM,Galatasaray,Super Lig,Turkey,2,13,9,1148,1.5,2.0,0.074,0.115,0.086,0.132,1.122,1.535,2.31,1.346,1.034,1.368,95.837,6.731,3.481,1.793,,
3407,Leo Walker,34,ST,Besiktas,Super Lig,Turkey,2,11,9,989,2.2,7.0,0.474,0.136,0.44,0.144,4.273,1.525,0.791,0.494,0.303,3.14,85.463,3.468,3.769,2.11,,
3408,Axel King,21,CM,Besiktas,Super Lig,Turkey,2,10,8,833,18.6,44.0,0.166,0.171,0.143,0.155,2.003,2.602,2.804,1.922,1.629,2.264,97.866,9.1,4.754,2.948,,
3409,Samuel Russo,30,CB,Istanbul Basaksehir,Super Lig,Turkey,2,15,11,1334,3.5,7.0,0.053,0.036,0.054,0.041,0.698,0.619,2.419,1.63,1.529,3.414,93.606,4.563,1.995,0.482,,
3410,Kai Rice,21,CM,Trabzonspor,Super Lig,Turkey,2,36,28,3207,13.0,43.0,0.125,0.151,0.109,0.155,1.892,2.599,2.691,1.705,1.303,1.853,86.979,10.663,5.109,2.386,,
3411,Hugo Meyer,27,CB,Fenerbahce,Super Lig,Turkey,2,15,10,1294,1.1,2.0,0.058,0.029,0.042,0.029,0.655,0.493,1.783,1.903,1.278,2.516,96.958,5.175,1.743,0.397,,
3412,Alvaro Bentancur,27,AM,Fenerbahce,Super Lig,Turkey,2,12,11,1024,3.9,15.0,0.246,0.216,0.247,0.208,2.549,3.076,1.204,1.104,0.515,0.908,90.412,6.505,6.476,3.181,,
3413,Alejandro King,25,W,Trabzonspor,Super Lig,Turkey,2,10,7,858,5.9,21.0,0.278,0.229,0.251,0.201,3.28,2.384,1.723,0.998,0.504,0.977,79.747,4.65,7.817,4.48,,
3414,Axel Ferrari,29,CB,Galatasaray,Super Lig,Turkey,2,14,9,1195,9.4,28.0,0.1,0.043,0.067,0.059,0.85,0.777,3.141,2.626,2.077,4.138,88.404,6.624,2.229,0.537,,
3415,Dominik Rossi,28,W,Galatasaray,Super Lig,Turkey,2,23,15,1988,21.8,62.0,0.448,0.258,0.339,0.261,4.049,3.254,1.816,1.359,0.646,1.227,86.4,6.654,8.328,5.404,,
3416,Lautaro Tah,32,W,Besiktas,Super Lig,Turkey,2,29,22,2607,0.5,2.0,0.224,0.135,0.171,0.188,2.172,2.247,1.38,0.642,0.378,0.785,85.393,3.976,5.666,4.007,,
3417,Ousmane Brown,29,CB,Istanbul Basaksehir,Super Lig,Turkey,2,26,20,2255,16.3,30.0,0.098,0.049,0.08,0.07,0.978,0.819,2.281,2.475,2.433,3.694,95.0,7.384,2.255,0.498,,
3419,Dusan Fischer,24,CM,Istanbul Basaksehir,Super Lig,Turkey,2,8,6,646,2.6,8.0,0.087,0.124,0.093,0.142,1.273,1.813,1.98,1.441,1.247,1.528,83.365,8.968,3.441,1.832,,
3420,Gabriel Diaz,29,AM,Istanbul Basaksehir,Super Lig,Turkey,2,23,18,2051,5.6,10.0,0.24,0.217,0.246,0.271,2.655,3.321,1.52,0.949,0.61,1.168,92.115,6.388,7.054,3.66,,
3421,Cole Gudelj,21,ST,Istanbul Basaksehir,Super Lig,Turkey,2,11,9,927,24.5,81.0,0.513,0.157,0.439,0.204,4.234,2.127,1.284,0.731,0.398,4.048,88.955,4.199,3.943,2.733,,
3422,Tomas van Dijk,28,DM,Trabzonspor,Super Lig,Turkey,2,31,28,2750,8.9,17.0,0.045,0.083,0.035,0.082,0.812,1.246,3.893,2.48,1.4,2.295,86.174,8.816,2.779,1.291,,
3423,Cody Musah,30,DM,Besiktas,Super Lig,Turkey,2,15,13,1301,9.7,18.0,0.046,0.077,0.039,0.077,1.241,1.609,3.884,2.698,1.483,1.93,89.589,6.387,3.502,1.561,,
3424,Goncalo Lee,29,W,Antalyaspor,Super Lig,Turkey,2,14,11,1260,16.7,43.0,0.384,0.195,0.31,0.261,3.821,2.48,1.651,1.033,0.574,1.2,77.07,5.781,9.36,5.609,,
3425,Emil Johnson,22,FB,Fenerbahce,Super Lig,Turkey,2,31,27,2704,5.1,14.0,0.054,0.112,0.041,0.116,0.938,1.731,2.579,1.527,0.964,1.723,84.278,5.238,5.085,2.017,,
3426,Marc Mendes,26,W,Besiktas,Super Lig,Turkey,2,19,13,1667,14.3,51.0,0.287,0.223,0.331,0.227,4.214,3.063,1.862,0.981,0.82,1.429,74.11,5.827,9.021,4.586,,
3427,Kevin Palmer,23,DM,Galatasaray,Super Lig,Turkey,2,20,17,1795,15.8,45.0,0.064,0.078,0.067,0.081,1.077,1.51,4.643,2.976,1.596,2.252,85.638,9.6,3.838,1.742,,
3428,Max Szczesny,32,CB,Galatasaray,Super Lig,Turkey,2,9,7,760,3.3,13.0,0.07,0.041,0.057,0.043,0.779,0.595,2.934,2.019,1.637,3.39,92.764,4.642,1.676,0.596,,
3429,David Saka,25,ST,Antalyaspor,Super Lig,Turkey,2,30,24,2682,5.9,14.0,0.423,0.096,0.43,0.109,3.837,1.436,0.958,0.514,0.32,3.01,86.582,3.296,3.578,2.581,,
3430,Ruben Colombo,22,FB,Besiktas,Super Lig,Turkey,2,32,26,2827,0.8,2.0,0.04,0.097,0.027,0.102,0.838,1.51,2.876,1.404,0.83,1.481,75.62,6.135,3.695,1.254,,
3431,Son Bassey,29,ST,Istanbul Basaksehir,Super Lig,Turkey,2,11,9,959,4.8,8.0,0.382,0.104,0.341,0.12,3.788,1.367,0.732,0.471,0.259,3.234,70.808,3.466,3.561,2.268,,
3432,Amadou Weber,27,GK,Besiktas,Super Lig,Turkey,2,28,23,2486,11.4,25.0,0.006,0.013,0.007,0.008,0.037,0.337,0.208,0.236,0.059,0.232,95.794,2.433,0.862,0.128,67.83,44.983
3433,Moises Skov,25,W,Antalyaspor,Super Lig,Turkey,2,34,29,2980,4.7,13.0,0.309,0.181,0.289,0.191,2.913,2.127,1.446,0.972,0.374,0.999,76.593,5.319,6.563,3.313,,
3434,Gabriel Onyeka,17,FB,Istanbul Basaksehir,Super Lig,Turkey,2,20,15,1719,3.1,7.0,0.054,0.109,0.056,0.148,1.161,1.736,2.908,1.974,0.917,1.722,94.265,5.879,4.391,1.824,,
3435,Enzo Gordon,24,AM,Besiktas,Super Lig,Turkey,2,19,15,1671,5.1,14.0,0.279,0.214,0.216,0.261,2.711,3.625,1.41,1.017,0.706,0.963,70.327,7.004,7.062,2.864,,
3436,Pedri Moreno,26,W,Istanbul Basaksehir,Super Lig,Turkey,2,35,34,3100,17.6,45.0,0.36,0.257,0.327,0.235,3.706,2.987,1.523,1.128,0.534,1.249,89.81,7.541,9.246,5.875,,
3437,Dominik Williams,22,ST,Antalyaspor,Super Lig,Turkey,2,34,31,3005,1.5,5.0,0.33,0.101,0.408,0.087,3.886,1.062,0.69,0.375,0.303,2.648,72.107,2.892,2.7,1.66,,
3438,Martin Adams,27,W,Galatasaray,Super Lig,Turkey,2,22,18,1925,20.4,70.0,0.373,0.283,0.307,0.215,4.816,2.868,1.717,1.001,0.828,1.123,86.768,5.954,9.376,4.703,,
3439,Karim Hegazi,27,CM,Fenerbahce,Super Lig,Turkey,2,31,23,2720,6.6,14.0,0.129,0.177,0.113,0.171,1.734,2.15,2.795,1.653,1.421,1.926,98.569,9.738,4.281,2.031,,
3440,Virgil Tadic,26,W,Fenerbahce,Super Lig,Turkey,2,21,16,1846,6.3,10.0,0.262,0.18,0.253,0.198,3.588,2.373,1.845,1.029,0.661,0.845,85.427,4.825,8.971,4.867,,
3441,Victor Muller,28,CB,Trabzonspor,Super Lig,Turkey,2,18,12,1587,13.2,34.0,0.076,0.056,0.078,0.043,0.991,0.855,3.02,2.095,2.042,4.172,79.787,5.991,2.429,0.591,,
3442,Ibrahim Ramirez,22,FB,Galatasaray,Super Lig,Turkey,2,18,13,1558,1.2,4.0,0.035,0.096,0.034,0.11,0.826,1.214,2.655,1.33,0.882,1.48,86.88,4.6,4.469,1.515,,
3443,Jan Tah,25,CM,Besiktas,Super Lig,Turkey,2,24,18,2133,8.6,20.0,0.127,0.143,0.11,0.167,1.799,2.048,2.127,2.115,1.354,2.329,93.115,7.903,5.307,2.137,,
3444,Sadio Vlahovic,28,FB,Besiktas,Super Lig,Turkey,2,30,28,2641,3.0,7.0,0.043,0.106,0.034,0.138,0.98,1.283,2.734,1.36,0.835,1.466,73.099,5.972,4.793,1.658,,
3446,Ivan Thompson,27,W,Istanbul Basaksehir,Super Lig,Turkey,2,37,31,3241,6.6,14.0,0.291,0.193,0.277,0.214,3.183,2.291,1.766,0.824,0.572,0.976,84.162,4.047,6.328,4.14,,
3447,Nicolo Osimhen,24,CB,Antalyaspor,Super Lig,Turkey,2,8,6,670,8.1,31.0,0.061,0.049,0.073,0.053,0.916,0.816,2.453,1.863,1.841,3.105,92.583,5.498,2.359,0.558,,
3448,Leo Smith,26,W,Istanbul Basaksehir,Super Lig,Turkey,2,21,20,1879,19.2,72.0,0.437,0.278,0.373,0.238,3.766,3.098,2.234,1.181,0.662,1.241,76.27,4.994,8.891,5.45,,
3449,Moussa Moreno,29,W,Besiktas,Super Lig,Turkey,2,34,28,3038,8.6,34.0,0.266,0.233,0.337,0.226,3.083,2.859,1.553,0.82,0.462,0.901,81.34,5.579,6.516,4.178,,
3450,Rodri Vecino,22,CB,Fenerbahce,Super Lig,Turkey,2,21,17,1879,4.4,15.0,0.058,0.039,0.057,0.033,0.81,0.634,2.263,1.947,1.416,2.668,84.604,5.328,1.508,0.436,,
3451,Robin Ramirez,26,AM,Inter Miami,MLS,USA,2,13,10,1159,0.5,1.0,0.182,0.17,0.211,0.216,1.969,2.55,1.256,0.671,0.548,0.731,73.528,7.131,5.649,3.277,,
3452,Kalidou Lewandowski,34,DM,Atlanta United,MLS,USA,2,34,32,3006,0.4,1.0,0.033,0.049,0.027,0.057,0.825,1.194,3.036,1.855,1.123,1.606,77.454,6.013,2.348,1.112,,
3453,Kevin Piatek,26,CM,Cincinnati,MLS,USA,2,14,11,1221,10.4,22.0,0.184,0.17,0.139,0.178,1.965,2.397,2.735,1.754,1.354,1.982,83.647,10.216,4.693,2.101,,
3454,Kalidou Smith,23,W,Inter Miami,MLS,USA,2,7,6,583,2.1,5.0,0.24,0.171,0.272,0.171,2.795,2.262,1.319,0.709,0.437,0.716,79.321,4.543,6.447,4.483,,
3455,Iker Mendes,25,W,Columbus Crew,MLS,USA,2,21,16,1830,7.5,22.0,0.347,0.213,0.3,0.233,3.673,2.119,1.588,1.189,0.511,0.961,83.237,4.776,7.768,4.163,,
3456,Harry Eriksen,28,DM,Columbus Crew,MLS,USA,2,35,27,3084,7.4,12.0,0.07,0.105,0.046,0.112,1.121,1.565,4.033,2.471,1.615,2.202,97.917,7.512,3.461,1.412,,
3457,Thiago Wagner,24,DM,New York Red Bulls,MLS,USA,2,26,24,2339,3.1,5.0,0.046,0.064,0.026,0.072,0.792,1.426,3.164,2.597,1.239,1.798,85.303,7.527,2.822,1.176,,
3458,Casemiro Dembélé,27,FB,Nashville SC,MLS,USA,2,16,14,1357,8.2,22.0,0.054,0.153,0.046,0.144,1.135,2.074,3.071,1.969,1.106,1.372,80.041,6.316,5.218,1.721,,
3459,Axel Thompson,32,W,Cincinnati,MLS,USA,2,21,17,1863,2.7,8.0,0.343,0.181,0.216,0.203,3.002,2.564,1.861,0.805,0.481,0.907,84.733,5.696,6.857,4.212,,
3460,Enzo Davies,24,ST,Atlanta United,MLS,USA,2,10,7,823,10.1,32.0,0.419,0.124,0.575,0.158,4.049,1.588,0.976,0.635,0.36,2.976,71.708,4.681,3.529,3.232,,
3461,Omar Minamino,28,GK,Atlanta United,MLS,USA,2,15,14,1303,4.3,11.0,0.005,0.009,0.006,0.005,0.029,0.308,0.176,0.183,0.046,0.144,81.809,2.473,0.707,0.136,74.844,36.637
3462,Alexis Ricci,29,DM,New York Red Bulls,MLS,USA,2,20,16,1758,6.7,17.0,0.051,0.073,0.052,0.084,1.02,1.272,3.587,2.797,1.505,2.457,84.891,8.413,3.235,1.549,,
3463,Leon Wilson,30,W,Atlanta United,MLS,USA,2,18,17,1560,16.6,30.0,0.405,0.242,0.312,0.235,2.784,3.515,2.486,1.3,0.741,0.961,82.436,6.603,8.816,5.652,,
3464,Iker Jones,25,CM,Nashville SC,MLS,USA,2,14,10,1181,6.1,17.0,0.125,0.15,0.109,0.202,1.328,2.333,2.931,1.44,1.479,1.561,77.947,7.99,4.811,1.797,,
3465,Leon Lewandowski,29,GK,Atlanta United,MLS,USA,2,21,15,1878,4.5,13.0,0.005,0.01,0.005,0.005,0.027,0.352,0.177,0.159,0.058,0.15,68.363,2.086,0.621,0.117,79.904,33.08
3466,Alexis Taylor,24,GK,New York Red Bulls,MLS,USA,2,20,18,1763,3.1,8.0,0.005,0.011,0.005,0.005,0.031,0.247,0.154,0.147,0.061,0.159,86.905,2.878,0.612,0.119,65.972,32.864
3467,Goncalo Kiwior,35,AM,Cincinnati,MLS,USA,2,22,15,1961,0.8,2.0,0.22,0.233,0.188,0.22,2.495,2.737,1.068,0.789,0.547,0.833,77.878,7.186,6.027,3.357,,
3468,Cody de Jong,21,CM,LAFC,MLS,USA,2,34,32,3017,13.1,31.0,0.161,0.184,0.125,0.178,1.863,2.298,2.668,1.839,1.258,1.86,97.812,8.172,4.077,2.83,,
3469,Ryan Russo,25,CB,Seattle Sounders,MLS,USA,2,15,11,1322,9.1,26.0,0.084,0.058,0.08,0.066,0.847,0.939,2.172,1.966,1.603,4.538,90.753,5.648,1.951,0.68,,
3470,Mikel Walker,17,W,Columbus Crew,MLS,USA,2,14,12,1245,4.1,15.0,0.291,0.165,0.281,0.192,3.02,3.061,1.872,0.881,0.51,1.114,73.068,5.352,6.817,4.402,,
3471,Tomas Robinson,26,W,Columbus Crew,MLS,USA,2,14,11,1183,8.5,30.0,0.34,0.253,0.31,0.22,4.595,2.442,1.656,1.115,0.508,1.251,79.929,4.877,9.837,5.773,,
3472,Samuel Santos,26,W,LAFC,MLS,USA,2,12,8,996,11.1,33.0,0.315,0.241,0.315,0.239,4.037,2.651,1.933,1.325,0.742,1.009,92.612,6.083,7.484,5.336,,
3473,Kylian Weber,31,W,New York Red Bulls,MLS,USA,2,31,24,2735,5.6,13.0,0.277,0.233,0.267,0.244,4.258,2.826,1.786,1.163,0.472,1.39,91.472,6.073,7.126,4.917,,
3474,Joshua Wilson,27,GK,Atlanta United,MLS,USA,2,17,13,1450,5.9,14.0,0.007,0.011,0.008,0.006,0.025,0.308,0.177,0.201,0.054,0.179,78.462,2.569,0.644,0.122,73.016,30.466
3475,Youssef Gudelj,26,W,Columbus Crew,MLS,USA,2,17,11,1496,13.1,48.0,0.375,0.28,0.379,0.224,2.88,3.606,1.945,1.281,0.589,0.969,71.188,6.683,8.929,4.207,,
3476,Florian Onyeka,26,AM,Atlanta United,MLS,USA,2,23,18,1994,15.1,50.0,0.285,0.391,0.26,0.402,3.903,3.697,2.064,1.596,1.128,1.028,88.598,10.017,8.484,5.75,,
3477,Ousmane Oliveira,26,ST,Atlanta United,MLS,USA,2,22,17,1935,8.5,23.0,0.506,0.153,0.452,0.153,3.824,1.498,1.132,0.478,0.411,4.183,78.647,3.62,4.757,2.146,,
3478,Son Schmidt,25,FB,Seattle Sounders,MLS,USA,2,22,20,1928,3.3,6.0,0.052,0.097,0.046,0.122,0.902,1.693,2.499,1.61,0.986,1.75,74.867,6.087,4.917,1.851,,
3479,Leon Andersen,20,FB,Atlanta United,MLS,USA,2,24,22,2123,6.7,22.0,0.053,0.135,0.042,0.144,1.048,1.726,2.552,1.603,0.85,1.831,93.486,6.209,4.647,2.214,,
3480,Iker Iwobi,23,CB,Inter Miami,MLS,USA,2,23,16,2009,9.2,23.0,0.121,0.046,0.059,0.065,0.857,0.799,3.183,2.231,2.262,4.209,89.414,7.401,2.512,0.697,,
3481,Hiroki Szczesny,26,CB,Atlanta United,MLS,USA,2,10,6,828,0.7,1.0,0.048,0.036,0.035,0.035,0.626,0.531,2.11,1.66,1.422,2.994,89.594,4.678,1.641,0.351,,
3482,Hakim Lee,21,W,Columbus Crew,MLS,USA,2,18,14,1583,8.5,22.0,0.299,0.204,0.29,0.192,3.167,2.077,1.575,1.075,0.567,1.167,86.047,4.315,8.052,4.3,,
3483,Darwin Vecino,22,DM,Nashville SC,MLS,USA,2,9,7,776,15.2,50.0,0.045,0.099,0.035,0.095,1.51,1.47,4.673,2.699,1.314,2.537,77.237,7.564,3.49,1.738,,
3484,Marcelo Kostic,23,DM,LAFC,MLS,USA,2,33,26,2957,0.9,2.0,0.033,0.049,0.022,0.066,0.876,1.139,3.299,1.709,1.142,1.581,77.409,6.603,2.189,0.968,,
3485,Robert Hall,25,CB,New York Red Bulls,MLS,USA,2,35,27,3135,6.4,14.0,0.083,0.044,0.062,0.04,1.048,0.622,2.456,2.043,1.841,3.245,89.817,4.924,2.422,0.429,,
3486,Eduardo Skov,27,ST,Columbus Crew,MLS,USA,2,19,17,1669,16.3,25.0,0.552,0.159,0.637,0.166,4.882,1.751,1.575,0.526,0.46,4.788,83.396,4.746,3.501,2.711,,
3487,Charles Thompson,27,W,Inter Miami,MLS,USA,2,18,12,1581,9.7,25.0,0.353,0.236,0.33,0.219,3.29,2.808,1.819,1.195,0.612,1.163,80.805,6.802,10.579,5.549,,
3488,Mikel Torres,26,DM,Nashville SC,MLS,USA,2,21,20,1888,3.2,6.0,0.033,0.057,0.025,0.07,0.823,1.216,3.884,2.049,1.416,1.92,97.134,8.293,2.909,1.004,,
3489,Ibrahim Jovic,25,DM,Atlanta United,MLS,USA,2,22,16,1902,2.0,7.0,0.036,0.046,0.026,0.059,0.858,0.997,3.384,2.281,1.221,1.551,99.903,5.547,2.221,0.921,,
3490,Bruno Lookman,30,FB,Cincinnati,MLS,USA,2,12,8,1034,3.1,7.0,0.057,0.132,0.038,0.127,0.829,1.549,2.931,1.301,0.815,1.298,76.197,6.105,4.094,2.01,,
3491,Karim Diaz,31,AM,Nashville SC,MLS,USA,2,19,16,1655,3.0,11.0,0.232,0.22,0.2,0.252,2.354,2.538,1.35,0.862,0.523,1.023,84.24,7.024,5.488,3.359,,
3492,Rafael Foden,28,FB,Nashville SC,MLS,USA,2,28,20,2517,0.7,1.0,0.049,0.078,0.033,0.107,0.846,1.479,2.577,1.252,0.757,1.428,88.52,6.041,3.852,1.703,,
3493,Ansu Brown,34,AM,Columbus Crew,MLS,USA,2,18,14,1534,0.5,1.0,0.182,0.166,0.174,0.243,2.187,3.085,1.128,0.758,0.558,0.834,77.557,6.513,6.198,3.278,,
3494,Dominik Park,21,W,Columbus Crew,MLS,USA,2,8,6,720,3.4,12.0,0.22,0.173,0.263,0.207,2.514,2.252,1.586,0.92,0.346,0.902,72.547,5.096,6.903,3.654,,
3495,Nabil Visser,28,AM,Cincinnati,MLS,USA,2,6,5,537,4.1,9.0,0.222,0.227,0.258,0.28,2.662,2.761,1.565,0.939,0.631,1.042,91.249,7.166,7.692,3.24,,
3496,Cole Romano,20,W,Columbus Crew,MLS,USA,2,26,21,2268,15.1,38.0,0.406,0.195,0.324,0.253,3.724,3.62,2.435,1.233,0.745,1.286,86.83,4.96,7.292,5.817,,
3497,Declan Minamino,27,ST,Seattle Sounders,MLS,USA,2,6,4,511,7.5,17.0,0.461,0.126,0.462,0.152,4.206,1.72,1.122,0.505,0.396,3.876,85.475,3.202,4.416,2.888,,
3498,Daichi Lee,25,ST,Cincinnati,MLS,USA,2,23,16,2020,9.5,31.0,0.632,0.168,0.503,0.159,3.743,1.657,1.154,0.577,0.478,4.116,85.086,4.195,3.602,3.194,,
3499,Patrick Schmidt,28,CM,LAFC,MLS,USA,2,30,29,2695,9.3,16.0,0.116,0.214,0.12,0.175,1.534,2.155,2.947,1.843,1.773,1.783,94.276,9.241,5.063,2.167,,
3500,Simon Russo,20,CB,New York Red Bulls,MLS,USA,2,6,4,503,3.4,11.0,0.066,0.039,0.054,0.043,0.66,0.558,2.351,2.164,1.71,3.14,99.752,4.888,1.59,0.512,,
3501,Ruben Mendes,21,GK,LAFC,MLS,USA,2,24,20,2112,3.9,7.0,0.006,0.011,0.006,0.005,0.032,0.285,0.155,0.193,0.048,0.158,77.925,2.382,0.591,0.123,69.618,34.437
3502,Marcus Wagner,31,W,Columbus Crew,MLS,USA,2,10,9,895,4.1,16.0,0.295,0.184,0.245,0.183,3.673,2.82,1.662,1.142,0.474,1.072,90.782,6.226,6.091,4.607,,
3503,Dusan Gonzalez,23,FB,Columbus Crew,MLS,USA,2,17,14,1453,11.8,24.0,0.094,0.17,0.059,0.154,1.071,1.937,3.933,1.912,1.094,1.879,90.056,6.723,5.538,2.069,,
3504,Cody Fischer,25,ST,LAFC,MLS,USA,2,36,25,3160,9.7,33.0,0.443,0.132,0.417,0.125,3.58,1.308,1.147,0.632,0.377,3.531,88.63,4.032,4.387,2.294,,
3505,Mikel Kamada,22,AM,Nashville SC,MLS,USA,2,10,7,859,2.2,4.0,0.232,0.226,0.204,0.219,2.519,2.763,1.359,0.749,0.601,0.998,86.718,5.93,5.54,3.036,,
3506,Alexander Araujo,30,GK,Inter Miami,MLS,USA,2,33,28,2895,3.9,8.0,0.005,0.011,0.007,0.006,0.025,0.325,0.146,0.158,0.043,0.156,68.594,1.929,0.611,0.098,70.012,38.484
3507,Vitinha Ramirez,29,CB,Seattle Sounders,MLS,USA,2,17,15,1513,11.7,42.0,0.083,0.053,0.082,0.056,0.874,0.922,2.359,2.364,2.24,4.06,100.125,7.539,2.403,0.61,,
3508,Declan Foden,24,W,Atlanta United,MLS,USA,2,7,5,587,0.9,2.0,0.182,0.166,0.222,0.187,2.643,2.167,1.11,0.8,0.361,0.705,83.769,4.808,5.591,3.939,,
3509,Matteo Hegazi,20,CB,Cincinnati,MLS,USA,2,31,23,2725,2.8,6.0,0.051,0.038,0.051,0.038,0.768,0.547,2.381,1.628,1.743,3.358,79.802,5.384,1.956,0.479,,
3510,Victor Valverde,24,AM,Columbus Crew,MLS,USA,2,18,16,1538,12.3,23.0,0.375,0.353,0.28,0.271,3.089,3.135,1.66,1.023,0.8,1.614,81.079,10.279,6.732,3.54,,
3511,Enzo Rodriguez,24,ST,Cincinnati,MLS,USA,2,25,22,2241,5.9,22.0,0.406,0.129,0.473,0.155,4.053,1.637,0.907,0.565,0.31,3.012,69.647,3.039,3.339,2.369,,
3512,Trent Lookman,28,DM,New York Red Bulls,MLS,USA,2,14,12,1201,2.2,7.0,0.033,0.053,0.034,0.07,0.903,1.164,3.543,2.35,1.354,1.683,83.25,7.362,2.414,1.306,,
3513,Pedri Martinez,30,CM,LAFC,MLS,USA,2,22,15,1928,12.2,37.0,0.128,0.173,0.126,0.186,1.981,2.544,2.64,1.937,1.673,1.774,84.769,9.331,4.33,1.727,,
3514,Ibrahim Piatek,28,FB,LAFC,MLS,USA,2,23,17,2018,11.7,24.0,0.066,0.152,0.058,0.144,1.101,1.889,3.419,1.983,1.361,1.973,83.64,7.257,4.8,2.352,,
3515,Sandro Wagner,26,CM,LAFC,MLS,USA,2,25,19,2249,18.0,63.0,0.126,0.169,0.176,0.216,1.991,2.437,2.57,1.957,1.518,2.054,100.422,8.684,5.779,3.06,,
3516,Luka Xhaka,27,DM,Columbus Crew,MLS,USA,2,18,16,1580,11.2,20.0,0.048,0.107,0.04,0.088,1.292,1.713,4.381,3.002,1.61,2.054,101.723,8.42,2.823,1.524,,
3517,Alvaro Suarez,20,FB,Seattle Sounders,MLS,USA,2,31,23,2765,8.9,21.0,0.071,0.107,0.062,0.114,1.103,1.894,3.214,1.81,1.341,1.967,83.135,6.707,5.148,2.159,,
3518,Son Robinson,29,FB,Seattle Sounders,MLS,USA,2,17,12,1451,6.7,19.0,0.069,0.136,0.063,0.16,1.034,2.087,3.224,1.927,0.981,1.979,77.01,7.412,5.112,2.472,,
3519,Serge Zielinski,29,AM,Nashville SC,MLS,USA,2,29,20,2588,10.6,18.0,0.276,0.226,0.245,0.272,2.974,3.511,1.733,1.068,0.579,1.058,77.089,9.194,7.764,4.401,,
3520,Marcelo Fischer,22,CB,Cincinnati,MLS,USA,2,15,13,1281,5.8,16.0,0.09,0.048,0.063,0.061,0.872,0.627,2.202,2.322,2.045,3.882,80.522,5.594,1.987,0.505,,
3521,Achraf Silva,22,CM,Atlanta United,MLS,USA,2,29,28,2577,3.3,9.0,0.129,0.131,0.085,0.165,1.258,2.021,2.028,1.473,1.122,1.804,77.64,7.53,3.164,1.725,,
3522,Max Saka,25,DM,New York Red Bulls,MLS,USA,2,29,28,2557,9.1,34.0,0.076,0.108,0.055,0.098,1.235,1.7,4.064,2.388,1.667,3.055,82.251,7.382,3.519,1.517,,
3523,Pau Torres,21,AM,Columbus Crew,MLS,USA,2,33,31,2908,1.2,3.0,0.205,0.19,0.159,0.208,1.898,2.821,1.106,0.804,0.529,0.776,87.718,6.255,5.276,3.257,,
3524,Darwin Musah,25,GK,Atlanta United,MLS,USA,2,14,12,1238,9.0,19.0,0.006,0.011,0.008,0.007,0.04,0.383,0.212,0.221,0.097,0.211,93.107,3.541,0.776,0.134,73.159,44.783
3525,Takumi Rodriguez,17,CB,Cincinnati,MLS,USA,2,12,11,1068,0.3,1.0,0.05,0.027,0.035,0.029,0.568,0.525,1.754,1.651,1.391,2.988,75.698,4.201,1.638,0.328,,
3526,Sofiane Valverde,25,DM,Inter Miami,MLS,USA,2,8,7,694,5.7,9.0,0.034,0.066,0.033,0.076,0.96,1.433,3.336,2.653,1.201,2.274,90.613,7.619,2.777,1.151,,
3527,Martin Foden,28,GK,Nashville SC,MLS,USA,2,27,24,2380,10.3,41.0,0.009,0.019,0.01,0.01,0.042,0.384,0.206,0.275,0.071,0.303,75.552,3.409,0.861,0.153,84.881,57.35
3528,Kai Hegazi,24,FB,Columbus Crew,MLS,USA,2,32,27,2879,6.8,13.0,0.068,0.145,0.056,0.156,1.156,1.846,3.682,1.742,1.016,1.897,87.18,7.32,5.139,1.811,,
3529,Enzo Smith,26,DM,Atlanta United,MLS,USA,2,15,10,1262,5.5,22.0,0.067,0.072,0.035,0.074,0.953,1.348,3.559,2.811,1.474,2.578,79.327,7.74,2.246,1.756,,
3530,Luka Sobhi,23,CB,Seattle Sounders,MLS,USA,2,28,23,2477,4.0,6.0,0.088,0.036,0.061,0.057,0.723,0.574,2.057,1.967,1.925,3.286,90.138,5.852,1.994,0.495,,
3531,Lorenzo Muller,25,FB,Inter Miami,MLS,USA,2,33,26,2958,11.8,22.0,0.083,0.179,0.059,0.17,1.203,1.877,3.446,2.182,1.182,2.063,75.989,7.501,5.104,2.247,,
3532,Nabil Russo,27,CB,New York Red Bulls,MLS,USA,2,36,26,3178,3.3,7.0,0.066,0.038,0.052,0.046,0.842,0.66,2.621,2.106,1.622,2.683,90.349,4.995,1.68,0.479,,
3533,Eric Bentancur,29,CB,Inter Miami,MLS,USA,2,12,10,1025,7.5,12.0,0.071,0.048,0.081,0.048,1.007,0.837,2.23,2.085,1.543,4.307,81.075,6.667,2.231,0.5,,
3534,Pedri Tah,25,ST,Atlanta United,MLS,USA,2,34,28,3019,8.2,27.0,0.565,0.17,0.468,0.128,4.465,1.46,0.89,0.825,0.419,4.897,82.831,4.899,4.783,2.404,,
3535,Declan Martinez,24,FB,Atlanta United,MLS,USA,2,24,16,2139,2.2,7.0,0.058,0.123,0.04,0.14,1.074,1.658,2.676,1.744,0.884,1.513,88.13,5.702,5.171,1.542,,
3536,Nicolas Weber,26,W,LAFC,MLS,USA,2,10,9,860,3.1,6.0,0.243,0.172,0.266,0.172,3.01,2.151,1.667,0.867,0.398,0.924,73.692,4.279,5.655,4.492,,
3537,Andre de Jong,24,GK,New York Red Bulls,MLS,USA,2,30,24,2613,1.8,7.0,0.004,0.009,0.005,0.004,0.024,0.251,0.147,0.132,0.046,0.122,68.187,1.766,0.434,0.097,61.495,34.507
3538,Robert Meyer,27,CM,Seattle Sounders,MLS,USA,2,31,26,2739,7.5,22.0,0.179,0.176,0.123,0.165,1.773,2.471,2.589,1.816,1.435,1.931,90.861,8.375,4.204,2.396,,
3539,Vinicius Dembélé,27,W,Atlanta United,MLS,USA,2,26,21,2326,0.6,1.0,0.199,0.148,0.24,0.173,2.442,1.829,1.442,0.663,0.356,0.705,84.007,4.148,5.911,3.238,,
3540,Lautaro Walker,27,W,Inter Miami,MLS,USA,2,31,22,2712,0.8,1.0,0.251,0.151,0.182,0.154,2.239,1.964,1.27,0.79,0.335,0.669,67.103,4.677,6.724,3.186,,
3541,Robin Rice,22,ST,New York Red Bulls,MLS,USA,2,10,7,814,12.2,45.0,0.593,0.151,0.509,0.192,4.321,1.504,1.278,0.69,0.362,4.231,80.79,3.694,3.986,3.002,,
3542,Trent Bellingham,26,AM,Cincinnati,MLS,USA,2,10,8,857,14.1,28.0,0.338,0.245,0.315,0.323,3.249,4.108,1.613,1.089,0.921,1.432,90.436,8.799,8.675,5.106,,
3543,Iker Konaté,28,FB,Seattle Sounders,MLS,USA,2,10,9,887,8.0,25.0,0.067,0.16,0.054,0.12,1.42,2.276,3.306,2.328,1.007,2.14,84.915,6.856,6.451,2.4,,
3544,Frenkie Kiwior,30,FB,New York Red Bulls,MLS,USA,2,28,23,2472,6.0,15.0,0.058,0.113,0.056,0.138,1.296,2.117,2.832,2.145,1.095,1.989,92.37,6.195,5.806,1.912,,
3545,Ismail Moreno,24,CM,Cincinnati,MLS,USA,2,35,27,3105,4.7,13.0,0.118,0.131,0.118,0.158,1.615,2.015,2.113,1.839,1.412,1.611,78.207,8.632,3.224,1.848,,
3546,Renato Kiwior,33,CM,Inter Miami,MLS,USA,2,31,25,2738,4.8,18.0,0.157,0.201,0.152,0.263,2.439,2.133,2.986,1.834,1.287,2.195,88.012,9.088,5.007,2.369,,
3547,Eric Williams,23,CB,Columbus Crew,MLS,USA,2,35,29,3132,4.6,13.0,0.067,0.046,0.056,0.049,0.781,0.639,2.586,2.392,1.717,2.857,92.18,4.727,2.157,0.421,,
3548,Jude Kamada,26,AM,New York Red Bulls,MLS,USA,2,32,29,2872,3.6,13.0,0.2,0.176,0.251,0.227,2.589,3.177,1.524,0.887,0.731,0.941,89.832,6.698,6.08,3.681,,
3549,Ibrahim Mbappé,19,W,Seattle Sounders,MLS,USA,2,20,18,1787,2.9,12.0,0.281,0.197,0.263,0.209,3.088,2.766,1.414,0.927,0.593,1.075,90.373,4.532,6.284,4.366,,
3550,Carlos Alves,28,AM,Atlanta United,MLS,USA,2,19,14,1697,17.6,33.0,0.332,0.311,0.401,0.281,3.888,4.71,1.712,1.352,0.961,1.225,102.938,9.954,9.074,4.203,,
3551,Pedri Williams,26,FB,Cincinnati,MLS,USA,2,9,7,758,1.3,5.0,0.046,0.082,0.03,0.112,0.875,1.278,2.134,1.127,0.973,1.644,83.345,5.46,3.815,1.681,,
3552,Matteo Bellingham,24,FB,Cincinnati,MLS,USA,2,27,22,2424,3.4,5.0,0.056,0.134,0.048,0.156,1.031,1.724,2.69,1.757,1.16,1.474,80.091,5.513,4.598,1.769,,
3553,Trent Vlahovic,24,ST,Cincinnati,MLS,USA,2,31,28,2746,11.0,30.0,0.624,0.156,0.572,0.144,4.031,1.687,0.97,0.63,0.325,3.421,85.922,3.078,3.996,2.157,,
3554,Bernardo Ricci,21,CB,Seattle Sounders,MLS,USA,2,20,18,1785,12.5,19.0,0.07,0.063,0.071,0.043,0.95,1.003,2.23,2.514,1.764,3.583,83.369,6.261,2.154,0.564,,
3555,Nicolo Russo,30,GK,Cincinnati,MLS,USA,2,34,27,3053,1.3,4.0,0.004,0.009,0.004,0.005,0.019,0.26,0.165,0.14,0.041,0.15,63.555,2.015,0.608,0.098,73.342,27.886
3556,Pablo Rossi,24,CB,Nashville SC,MLS,USA,2,21,15,1825,9.9,18.0,0.096,0.059,0.051,0.061,0.825,0.718,2.954,2.068,2.366,3.942,89.794,6.655,2.098,0.692,,
3557,Rafael Alves,21,CB,Nashville SC,MLS,USA,2,18,15,1535,10.1,28.0,0.108,0.059,0.087,0.051,0.97,0.581,2.53,2.003,1.833,3.311,84.055,6.673,2.202,0.577,,
3558,Alvaro Nunez,29,FB,LAFC,MLS,USA,2,33,23,2921,6.6,12.0,0.085,0.148,0.05,0.17,1.185,1.428,2.881,2.069,1.029,1.911,90.913,7.434,5.097,2.529,,
3559,Karim Palmer,26,FB,Nashville SC,MLS,USA,2,33,31,2893,1.3,4.0,0.047,0.097,0.032,0.104,0.77,1.316,2.631,1.203,0.81,1.527,82.149,6.113,3.578,1.681,,
3560,Moussa Jones,25,CB,Inter Miami,MLS,USA,2,26,22,2258,7.7,30.0,0.071,0.064,0.078,0.057,0.827,0.742,3.202,2.254,2.218,3.352,85.799,5.556,2.176,0.498,,
3561,Daichi Szczesny,30,ST,Inter Miami,MLS,USA,2,36,27,3208,6.2,10.0,0.533,0.166,0.427,0.158,3.77,1.334,1.193,0.499,0.338,4.07,74.198,4.033,3.528,2.521,,
3562,Nicolas Colombo,29,CB,Atlanta United,MLS,USA,2,31,30,2755,1.7,5.0,0.052,0.04,0.04,0.03,0.772,0.566,2.097,1.565,1.371,3.36,79.543,5.261,1.452,0.428,,
3563,Dominik Marino,30,AM,Nashville SC,MLS,USA,2,17,16,1517,2.8,6.0,0.203,0.192,0.248,0.2,2.788,2.639,1.239,0.724,0.633,0.908,74.458,6.443,6.934,3.691,,
3564,Leo Russo,20,FB,Cincinnati,MLS,USA,2,34,25,3043,10.5,25.0,0.06,0.155,0.059,0.157,1.174,2.301,3.936,2.229,1.088,1.757,93.385,8.118,5.353,2.084,,
3565,Renato Milinkovic-Savic,29,W,Nashville SC,MLS,USA,2,20,14,1743,0.7,2.0,0.193,0.143,0.187,0.187,2.24,1.71,1.14,0.738,0.419,0.729,76.255,3.606,4.973,3.984,,
3566,Sofiane Kamada,19,CB,Atlanta United,MLS,USA,2,20,19,1774,7.8,29.0,0.062,0.055,0.073,0.041,1.012,0.657,2.538,2.077,1.796,4.071,86.744,6.091,2.074,0.593,,
3567,Khvicha Foden,25,CB,LAFC,MLS,USA,2,7,5,573,10.7,19.0,0.082,0.064,0.057,0.063,0.984,0.708,2.94,2.849,1.952,3.393,93.201,6.628,2.438,0.704,,
3568,Carlos Brown,24,W,New York Red Bulls,MLS,USA,2,23,21,2056,3.1,5.0,0.239,0.191,0.244,0.181,3.011,2.409,1.41,0.82,0.469,0.895,72.324,4.309,6.0,4.474,,
3569,Enzo Colombo,20,CM,Columbus Crew,MLS,USA,2,27,18,2346,2.7,6.0,0.099,0.149,0.091,0.178,1.553,1.943,2.165,1.528,1.276,1.381,94.363,7.811,3.176,1.759,,
3570,Leandro Johnson,26,CM,Atlanta United,MLS,USA,2,35,25,3150,8.8,26.0,0.147,0.212,0.129,0.244,1.875,1.977,2.696,1.674,1.755,1.675,85.068,12.113,5.063,2.207,,
3571,Kalidou Torres,27,CB,Columbus Crew,MLS,USA,2,14,11,1226,4.0,13.0,0.073,0.041,0.057,0.045,0.68,0.772,2.654,1.672,1.916,3.779,93.958,5.277,1.758,0.515,,
3572,Marcus Ferrari,24,ST,LAFC,MLS,USA,2,21,20,1869,4.8,13.0,0.48,0.123,0.396,0.132,3.461,1.671,0.977,0.598,0.342,3.147,78.34,3.239,3.774,2.603,,
3573,David Hall,21,AM,Nashville SC,MLS,USA,2,15,10,1310,1.5,3.0,0.232,0.171,0.205,0.191,2.088,3.145,1.018,0.648,0.598,0.878,70.757,6.234,5.127,3.084,,
3574,Gavi Camara,27,DM,Inter Miami,MLS,USA,2,17,14,1442,6.7,13.0,0.049,0.078,0.05,0.096,1.233,1.263,4.563,2.445,1.46,1.913,97.328,8.043,3.059,1.468,,
3575,Diogo Santos,27,ST,LAFC,MLS,USA,2,22,18,1941,8.1,21.0,0.53,0.149,0.481,0.154,4.343,1.636,1.028,0.69,0.385,2.877,87.356,4.437,3.13,2.628,,
3576,Ruben Kim,24,W,LAFC,MLS,USA,2,35,31,3104,5.9,21.0,0.292,0.206,0.242,0.193,3.563,2.153,1.786,0.827,0.589,1.235,78.949,6.094,7.281,4.051,,
3577,Robin Robinson,20,AM,Inter Miami,MLS,USA,2,27,20,2353,17.5,58.0,0.313,0.402,0.39,0.298,3.155,4.151,1.966,1.376,1.15,1.616,79.203,8.923,7.853,5.565,,
3578,Neymar Vecino,26,CB,Seattle Sounders,MLS,USA,2,14,12,1182,9.6,33.0,0.1,0.056,0.078,0.058,1.091,0.915,2.71,2.153,2.006,3.712,97.399,6.328,2.244,0.488,,
3579,Karim Vlahovic,22,GK,Cincinnati,MLS,USA,2,20,16,1787,1.0,3.0,0.004,0.01,0.003,0.004,0.024,0.227,0.117,0.12,0.038,0.116,71.089,1.788,0.515,0.075,67.643,26.275
3580,Vinicius Bakker,20,ST,LAFC,MLS,USA,2,19,17,1683,14.6,33.0,0.49,0.176,0.492,0.12,4.877,1.7,1.028,0.511,0.298,4.025,88.98,3.807,4.004,2.737,,
3581,Davide Oliveira,24,AM,Seattle Sounders,MLS,USA,2,26,18,2288,11.6,36.0,0.398,0.348,0.262,0.364,3.103,4.402,1.694,0.991,0.767,1.283,88.733,8.016,7.768,3.775,,
3582,Hakim Silva,26,CB,Cincinnati,MLS,USA,2,28,26,2516,5.7,19.0,0.082,0.037,0.054,0.052,0.88,0.778,2.248,2.449,2.013,3.637,84.839,5.167,2.253,0.491,,
3583,Florian Milinkovic-Savic,21,CB,Inter Miami,MLS,USA,2,12,9,1007,3.5,7.0,0.06,0.039,0.05,0.034,0.662,0.557,2.343,2.157,1.892,3.792,98.663,4.654,1.891,0.512,,
3584,Son Wirtz,27,ST,Seattle Sounders,MLS,USA,2,30,27,2682,9.1,26.0,0.45,0.142,0.475,0.147,4.614,1.491,1.34,0.504,0.386,2.98,67.413,3.593,4.212,2.583,,
3585,Cody Grimaldo,27,W,Nashville SC,MLS,USA,2,20,15,1740,2.6,7.0,0.206,0.154,0.297,0.192,2.958,2.401,1.373,0.794,0.384,0.86,88.155,4.967,6.475,3.778,,
3586,Diego Trezeguet,22,CM,Columbus Crew,MLS,USA,2,28,27,2462,8.4,16.0,0.097,0.164,0.115,0.199,1.688,2.121,2.685,1.482,1.536,1.613,91.716,11.215,4.575,2.563,,
3587,Max Wilson,33,ST,LAFC,MLS,USA,2,25,20,2239,3.8,14.0,0.451,0.141,0.44,0.114,3.691,1.678,1.153,0.504,0.33,3.358,82.436,2.962,3.666,2.499,,
3588,Tomas Trezeguet,26,CB,Columbus Crew,MLS,USA,2,21,15,1889,17.9,51.0,0.084,0.081,0.103,0.072,1.2,0.725,3.466,2.885,1.986,3.696,93.198,6.574,2.852,0.651,,
3589,Nicolas Elneny,31,ST,Inter Miami,MLS,USA,2,22,20,1967,13.2,46.0,0.592,0.147,0.531,0.152,5.225,1.65,1.271,0.654,0.399,4.859,87.246,4.158,3.561,2.91,,
3590,Sofiane Vlahovic,19,CM,New York Red Bulls,MLS,USA,2,15,10,1291,10.0,39.0,0.185,0.208,0.126,0.23,1.908,2.594,2.995,1.802,1.721,2.405,90.193,9.718,4.934,2.563,,
3591,Ruben Russo,21,FB,Nashville SC,MLS,USA,2,34,25,3048,4.7,10.0,0.056,0.091,0.041,0.156,0.885,1.637,2.772,1.643,1.007,1.584,77.518,5.465,4.523,1.825,,
3592,Alejandro Son,31,ST,Nashville SC,MLS,USA,2,26,21,2329,1.9,5.0,0.337,0.114,0.406,0.107,3.553,1.07,0.812,0.373,0.23,2.436,78.072,2.412,3.399,1.662,,
3593,Hugo Rice,25,W,New York Red Bulls,MLS,USA,2,26,25,2328,9.9,37.0,0.283,0.23,0.3,0.218,2.717,2.355,1.755,1.163,0.643,1.328,95.121,7.227,7.917,4.895,,
3594,Ibrahim Ferrari,18,GK,Inter Miami,MLS,USA,2,7,6,560,1.9,5.0,0.005,0.008,0.005,0.005,0.024,0.328,0.132,0.145,0.048,0.169,71.103,2.192,0.535,0.1,73.612,34.561
3595,Leo Jones,26,FB,Columbus Crew,MLS,USA,2,7,5,604,6.5,10.0,0.062,0.138,0.054,0.132,0.894,1.883,2.897,1.826,1.215,2.276,80.938,8.732,5.646,1.861,,
3596,Timothy Sousa,25,CB,Atlanta United,MLS,USA,2,9,6,735,8.4,20.0,0.069,0.05,0.062,0.06,0.722,0.902,2.755,2.345,1.996,3.608,79.714,7.242,2.37,0.622,,
3597,Hiroki Rossi,26,FB,Atlanta United,MLS,USA,2,35,28,3115,11.3,19.0,0.068,0.167,0.046,0.176,1.221,2.283,3.769,1.9,1.266,2.161,89.387,7.968,7.278,2.741,,
3598,Thomas de Jong,26,W,Cincinnati,MLS,USA,2,22,17,1976,5.0,18.0,0.262,0.178,0.265,0.188,3.585,2.47,1.706,1.05,0.551,0.987,85.781,5.175,5.726,5.065,,
3599,Rafael Zielinski,31,DM,Inter Miami,MLS,USA,2,32,24,2796,3.8,6.0,0.035,0.065,0.028,0.078,1.063,1.136,3.542,2.081,1.392,2.009,82.867,6.25,2.448,1.089,,
3600,Matthijs Sousa,29,CM,Nashville SC,MLS,USA,2,11,8,965,5.9,11.0,0.138,0.162,0.112,0.181,1.96,2.422,2.735,1.981,1.613,2.178,97.215,8.39,4.184,1.753,,
3601,Emil Wilson,26,CM,New York Red Bulls,MLS,USA,2,16,12,1430,8.2,26.0,0.162,0.19,0.113,0.194,2.127,1.926,2.389,1.712,1.68,2.272,89.975,7.567,5.186,1.963,,
3602,Sofiane Robinson,27,ST,Inter Miami,MLS,USA,2,10,7,882,20.4,41.0,0.629,0.152,0.518,0.18,4.111,1.645,1.403,0.626,0.35,4.385,86.019,3.843,4.451,2.716,,
3603,Max Vlahovic,24,W,Atlanta United,MLS,USA,2,11,10,942,8.7,21.0,0.346,0.219,0.275,0.234,2.66,2.69,1.65,1.159,0.519,1.194,73.497,5.707,6.497,4.695,,
3604,Enzo McKennie,24,ST,Cincinnati,MLS,USA,2,32,28,2870,5.9,13.0,0.531,0.099,0.42,0.117,4.272,1.615,1.064,0.57,0.32,3.394,85.583,2.973,3.36,1.751,,
3605,Cole Mendes,22,FB,New York Red Bulls,MLS,USA,2,25,19,2180,17.8,41.0,0.057,0.172,0.072,0.172,1.13,2.048,3.024,2.262,1.032,2.13,95.349,8.263,5.863,2.402,,
3606,Cole Ferrari,30,ST,Seattle Sounders,MLS,USA,2,16,14,1380,6.2,20.0,0.503,0.128,0.479,0.129,4.823,1.449,1.27,0.529,0.37,4.018,67.242,3.411,3.296,2.172,,
3607,Kylian Musiala,28,W,Seattle Sounders,MLS,USA,2,11,9,957,8.1,32.0,0.312,0.176,0.28,0.27,3.514,2.295,1.918,1.161,0.623,1.117,77.759,6.388,6.297,4.326,,
3608,Harry Jovic,24,FB,LAFC,MLS,USA,2,33,22,2930,0.8,3.0,0.04,0.104,0.035,0.123,0.681,1.365,2.396,1.502,0.669,1.356,87.335,4.984,4.271,1.548,,
3609,Andre Marino,23,CB,Inter Miami,MLS,USA,2,12,10,1058,6.4,11.0,0.086,0.062,0.06,0.067,0.731,0.779,2.444,1.999,2.039,3.873,105.043,5.426,2.198,0.533,,
3610,Omar de Jong,34,GK,LAFC,MLS,USA,2,10,8,850,1.4,4.0,0.006,0.008,0.004,0.005,0.024,0.294,0.161,0.136,0.06,0.162,75.097,1.907,0.546,0.118,64.021,32.865
3611,Ivan Grimaldo,27,CB,Inter Miami,MLS,USA,2,12,9,1068,6.9,19.0,0.074,0.049,0.054,0.065,0.89,0.709,2.691,1.933,1.923,3.586,101.951,5.453,2.117,0.537,,
3612,Charles Jones,27,CB,Inter Miami,MLS,USA,2,35,31,3090,3.0,12.0,0.067,0.042,0.044,0.042,0.682,0.633,2.296,1.671,1.8,3.344,80.151,4.955,2.007,0.424,,
3613,Youssef Iwobi,31,CB,Columbus Crew,MLS,USA,2,9,7,795,6.6,16.0,0.067,0.056,0.05,0.042,0.985,0.56,2.596,1.847,1.703,3.74,101.277,6.795,2.087,0.634,,
3614,Kevin Oliveira,21,CB,Cincinnati,MLS,USA,2,33,28,2906,2.4,7.0,0.053,0.035,0.05,0.033,0.779,0.658,1.991,1.893,1.622,2.679,97.997,4.695,1.708,0.372,,
3615,Rafa Vlahovic,19,CB,Inter Miami,MLS,USA,2,17,11,1486,2.3,5.0,0.068,0.046,0.051,0.045,0.693,0.758,1.941,1.902,1.803,2.96,84.648,4.275,1.629,0.496,,
3616,Cody Andersen,36,CM,Nashville SC,MLS,USA,2,18,15,1565,1.1,3.0,0.128,0.183,0.102,0.148,1.635,1.928,2.465,1.395,1.568,1.457,82.337,7.738,4.034,1.922,,
3617,Jamal Zielinski,27,W,New York Red Bulls,MLS,USA,2,32,29,2863,8.7,24.0,0.397,0.201,0.274,0.2,3.42,2.56,1.647,0.886,0.638,1.254,73.331,5.676,7.569,4.774,,
3618,Adama Bentancur,23,ST,LAFC,MLS,USA,2,22,16,1980,10.2,23.0,0.655,0.171,0.597,0.19,5.069,2.043,1.328,0.614,0.459,3.671,95.947,4.584,3.752,2.989,,
3619,Kalidou Taylor,28,AM,Nashville SC,MLS,USA,2,34,29,3051,9.6,25.0,0.406,0.224,0.277,0.247,3.263,3.299,1.348,1.361,0.939,0.977,74.805,10.243,7.719,3.754,,
3620,Leandro Bentancur,26,FB,LAFC,MLS,USA,2,16,15,1404,3.0,6.0,0.069,0.112,0.044,0.146,0.906,1.634,2.688,1.859,1.107,1.454,84.8,7.306,5.782,1.933,,
3621,Matthijs Silva,22,FB,Columbus Crew,MLS,USA,2,16,13,1358,2.5,8.0,0.054,0.102,0.037,0.137,0.993,1.593,2.47,1.395,0.954,1.636,75.875,5.091,4.21,1.756,,
3622,Phil Konaté,23,W,Inter Miami,MLS,USA,2,13,10,1170,11.8,30.0,0.295,0.242,0.272,0.268,3.463,2.766,2.275,1.047,0.69,1.011,82.58,5.911,8.438,4.67,,
3623,Serge McKennie,20,CM,New York Red Bulls,MLS,USA,2,16,12,1397,9.9,35.0,0.141,0.171,0.107,0.231,1.877,2.18,2.883,2.356,1.781,1.789,99.879,10.818,4.841,2.406,,
3624,Martin Onyeka,32,DM,Cincinnati,MLS,USA,2,9,8,806,0.8,2.0,0.034,0.055,0.021,0.063,0.737,1.061,3.238,2.009,1.048,1.669,94.326,6.288,2.419,0.97,,
3625,Miguel Colombo,21,CB,LAFC,MLS,USA,2,24,16,2092,7.6,26.0,0.068,0.046,0.066,0.052,0.862,0.768,2.718,2.501,1.624,3.569,102.521,5.311,2.17,0.583,,
3626,Ousmane Kamada,23,AM,Columbus Crew,MLS,USA,2,30,28,2632,2.2,5.0,0.21,0.227,0.21,0.202,2.866,3.415,1.269,0.968,0.507,0.809,81.974,7.059,6.006,3.414,,
3627,Youssef Eriksen,33,FB,Columbus Crew,MLS,USA,2,12,8,1020,2.4,9.0,0.056,0.11,0.035,0.134,0.8,1.439,2.812,1.559,1.008,1.73,89.526,5.453,5.226,1.645,,
3628,Federico Bellingham,25,AM,Seattle Sounders,MLS,USA,2,29,27,2532,1.2,3.0,0.206,0.214,0.218,0.22,2.76,2.675,1.389,0.938,0.53,0.966,70.02,5.814,5.791,3.198,,
3629,Omar Thompson,31,FB,Atlanta United,MLS,USA,2,24,19,2092,19.1,65.0,0.082,0.129,0.07,0.187,1.235,2.709,3.5,2.151,1.355,2.32,92.921,9.52,7.706,2.523,,
3630,Serge Rice,28,CB,Cincinnati,MLS,USA,2,25,18,2245,3.1,11.0,0.066,0.047,0.059,0.05,0.901,0.675,2.467,2.283,1.658,3.636,97.584,4.488,2.081,0.478,,
3631,Casemiro Salah,26,W,LAFC,MLS,USA,2,30,25,2678,9.3,22.0,0.353,0.237,0.294,0.229,2.901,2.474,1.659,1.274,0.658,1.371,75.987,5.729,6.57,4.275,,
3632,Jamal Smith,28,CM,Nashville SC,MLS,USA,2,19,12,1641,7.7,30.0,0.124,0.177,0.112,0.16,1.677,2.313,2.94,1.59,1.811,1.76,88.535,9.291,4.388,2.213,,
3633,Daniel Mendes,27,W,Atlanta United,MLS,USA,2,35,32,3112,7.3,24.0,0.376,0.221,0.228,0.227,3.249,2.539,1.9,1.118,0.458,1.07,78.637,6.267,6.511,3.819,,
3634,Kalidou Bakker,25,CM,New York Red Bulls,MLS,USA,2,25,23,2240,1.0,3.0,0.105,0.106,0.077,0.116,1.611,1.796,2.053,1.42,0.95,1.504,81.598,6.646,3.431,1.689,,
3635,Gabriel Costa,26,AM,Cincinnati,MLS,USA,2,13,11,1160,9.9,25.0,0.368,0.239,0.265,0.33,3.087,3.892,1.399,1.045,0.87,0.991,89.188,9.001,8.898,3.867,,
3636,Bernardo Martinez,27,CB,Nashville SC,MLS,USA,2,26,18,2272,5.9,16.0,0.076,0.043,0.076,0.057,0.847,0.74,2.207,2.172,1.646,3.057,78.31,5.924,1.879,0.425,,
3637,Mikel Salah,20,CB,Atlanta United,MLS,USA,2,23,21,2062,6.2,10.0,0.065,0.045,0.056,0.058,0.718,0.677,2.483,2.211,1.733,4.016,91.539,5.908,2.397,0.579,,
3638,William Schlotterbeck,20,FB,Seattle Sounders,MLS,USA,2,16,12,1364,3.4,7.0,0.063,0.138,0.046,0.141,1.052,1.686,3.298,1.421,1.028,1.653,86.201,5.523,4.746,1.884,,
3639,Diogo Jimenez,24,W,Atlanta United,MLS,USA,2,19,15,1652,0.5,2.0,0.197,0.146,0.22,0.153,2.077,1.672,1.226,0.687,0.361,0.803,82.821,4.876,6.21,3.606,,
3640,Federico Konaté,24,CB,Columbus Crew,MLS,USA,2,20,15,1797,5.9,23.0,0.061,0.053,0.062,0.041,0.9,0.689,2.775,1.966,1.721,3.168,78.092,5.105,1.596,0.47,,
3641,David Santos,25,GK,Atlanta United,MLS,USA,2,34,23,3051,4.8,10.0,0.006,0.01,0.006,0.006,0.036,0.326,0.167,0.161,0.066,0.248,65.805,2.739,0.646,0.117,85.09,44.289
3642,Takumi de Jong,20,FB,Atlanta United,MLS,USA,2,10,8,877,7.2,19.0,0.073,0.159,0.045,0.127,1.144,1.607,3.271,1.62,1.086,2.194,80.434,8.7,5.549,2.064,,
3643,Romelu King,23,CB,Inter Miami,MLS,USA,2,17,13,1466,6.9,24.0,0.085,0.044,0.064,0.067,0.914,0.68,2.892,2.297,2.182,3.269,80.228,5.999,2.182,0.651,,
3644,Ferran Lindstrom,25,CB,New York Red Bulls,MLS,USA,2,26,18,2319,0.7,2.0,0.061,0.035,0.036,0.028,0.789,0.493,1.849,1.802,1.664,2.534,86.151,3.995,1.624,0.453,,
3645,Son Nunez,28,W,Inter Miami,MLS,USA,2,36,33,3162,10.1,39.0,0.325,0.286,0.288,0.304,2.889,2.858,2.137,0.923,0.641,1.061,88.468,7.292,7.808,4.858,,
3647,Dani Skov,28,CB,Columbus Crew,MLS,USA,2,33,27,2939,0.9,2.0,0.045,0.034,0.036,0.029,0.648,0.502,2.106,1.869,1.351,2.904,72.763,4.844,1.461,0.318,,
3648,Kalidou Gudelj,19,W,Columbus Crew,MLS,USA,2,12,8,1027,5.1,20.0,0.296,0.173,0.319,0.267,3.258,2.767,1.403,1.132,0.714,1.252,74.526,6.807,8.918,5.736,,
3649,Timothy Son,31,CM,Columbus Crew,MLS,USA,2,20,18,1718,2.3,6.0,0.13,0.162,0.118,0.154,1.642,2.123,2.756,1.463,1.151,1.67,95.632,8.295,3.46,2.219,,
3650,Miguel Kamada,27,GK,Atlanta United,MLS,USA,2,7,5,601,0.5,1.0,0.003,0.007,0.004,0.004,0.02,0.241,0.11,0.113,0.048,0.104,69.026,1.935,0.439,0.075,65.978,29.486
